--
-- PostgreSQL database dump
--

-- Dumped from database version 17.2 (Debian 17.2-1.pgdg120+1)
-- Dumped by pg_dump version 17.2 (Debian 17.2-1.pgdg120+1)

SET statement_timeout = 0;
SET lock_timeout = 0;
SET idle_in_transaction_session_timeout = 0;
SET transaction_timeout = 0;
SET client_encoding = 'UTF8';
SET standard_conforming_strings = on;
SELECT pg_catalog.set_config('search_path', '', false);
SET check_function_bodies = false;
SET xmloption = content;
SET client_min_messages = warning;
SET row_security = off;

SET default_tablespace = '';

SET default_table_access_method = heap;

--
-- Name: access; Type: TABLE; Schema: public; Owner: root
--

CREATE TABLE public.access (
    id bigint NOT NULL,
    created_at timestamp(6) without time zone NOT NULL,
    updated_at timestamp(6) without time zone NOT NULL,
    description text,
    is_active boolean NOT NULL,
    name character varying(50) NOT NULL,
    value character varying(250) NOT NULL
);


ALTER TABLE public.access OWNER TO root;

--
-- Name: access_id_seq; Type: SEQUENCE; Schema: public; Owner: root
--

ALTER TABLE public.access ALTER COLUMN id ADD GENERATED BY DEFAULT AS IDENTITY (
    SEQUENCE NAME public.access_id_seq
    START WITH 1
    INCREMENT BY 1
    NO MINVALUE
    NO MAXVALUE
    CACHE 1
);


--
-- Name: activity; Type: TABLE; Schema: public; Owner: root
--

CREATE TABLE public.activity (
    id bigint NOT NULL,
    created_at timestamp(6) without time zone NOT NULL,
    updated_at timestamp(6) without time zone NOT NULL,
    description text,
    name character varying(255) NOT NULL,
    component_id bigint
);


ALTER TABLE public.activity OWNER TO root;

--
-- Name: activity_id_seq; Type: SEQUENCE; Schema: public; Owner: root
--

ALTER TABLE public.activity ALTER COLUMN id ADD GENERATED BY DEFAULT AS IDENTITY (
    SEQUENCE NAME public.activity_id_seq
    START WITH 1
    INCREMENT BY 1
    NO MINVALUE
    NO MAXVALUE
    CACHE 1
);


--
-- Name: admin_evaluation_response; Type: TABLE; Schema: public; Owner: root
--

CREATE TABLE public.admin_evaluation_response (
    id bigint NOT NULL,
    created_at timestamp(6) without time zone NOT NULL,
    updated_at timestamp(6) without time zone NOT NULL,
    admin_global_score double precision,
    evaluation_date timestamp(6) without time zone NOT NULL,
    is_active boolean,
    original_global_score double precision,
    grid_id bigint NOT NULL,
    original_evaluation_id bigint NOT NULL,
    project_id bigint NOT NULL
);


ALTER TABLE public.admin_evaluation_response OWNER TO root;

--
-- Name: admin_evaluation_response_id_seq; Type: SEQUENCE; Schema: public; Owner: root
--

ALTER TABLE public.admin_evaluation_response ALTER COLUMN id ADD GENERATED BY DEFAULT AS IDENTITY (
    SEQUENCE NAME public.admin_evaluation_response_id_seq
    START WITH 1
    INCREMENT BY 1
    NO MINVALUE
    NO MAXVALUE
    CACHE 1
);


--
-- Name: admissibility_criteria; Type: TABLE; Schema: public; Owner: root
--

CREATE TABLE public.admissibility_criteria (
    id bigint NOT NULL,
    created_at timestamp(6) without time zone NOT NULL,
    updated_at timestamp(6) without time zone NOT NULL,
    description text,
    is_active boolean,
    name character varying(50) NOT NULL,
    requirement_level text,
    admissibility_grid_id bigint NOT NULL
);


ALTER TABLE public.admissibility_criteria OWNER TO root;

--
-- Name: admissibility_criteria_id_seq; Type: SEQUENCE; Schema: public; Owner: root
--

ALTER TABLE public.admissibility_criteria ALTER COLUMN id ADD GENERATED BY DEFAULT AS IDENTITY (
    SEQUENCE NAME public.admissibility_criteria_id_seq
    START WITH 1
    INCREMENT BY 1
    NO MINVALUE
    NO MAXVALUE
    CACHE 1
);


--
-- Name: admissibility_grid; Type: TABLE; Schema: public; Owner: root
--

CREATE TABLE public.admissibility_grid (
    id bigint NOT NULL,
    created_at timestamp(6) without time zone NOT NULL,
    updated_at timestamp(6) without time zone NOT NULL,
    description text,
    is_active boolean,
    is_template boolean NOT NULL,
    name character varying(50) NOT NULL,
    version integer NOT NULL
);


ALTER TABLE public.admissibility_grid OWNER TO root;

--
-- Name: admissibility_grid_id_seq; Type: SEQUENCE; Schema: public; Owner: root
--

ALTER TABLE public.admissibility_grid ALTER COLUMN id ADD GENERATED BY DEFAULT AS IDENTITY (
    SEQUENCE NAME public.admissibility_grid_id_seq
    START WITH 1
    INCREMENT BY 1
    NO MINVALUE
    NO MAXVALUE
    CACHE 1
);


--
-- Name: admissibility_response; Type: TABLE; Schema: public; Owner: root
--

CREATE TABLE public.admissibility_response (
    id bigint NOT NULL,
    created_at timestamp(6) without time zone NOT NULL,
    updated_at timestamp(6) without time zone NOT NULL,
    created_by character varying(255) NOT NULL,
    response_date timestamp(6) without time zone NOT NULL,
    responses jsonb,
    verification_status boolean NOT NULL,
    admissibility_grid_id bigint NOT NULL,
    derogation_id bigint,
    project_identity_id bigint NOT NULL
);


ALTER TABLE public.admissibility_response OWNER TO root;

--
-- Name: admissibility_response_criteria; Type: TABLE; Schema: public; Owner: root
--

CREATE TABLE public.admissibility_response_criteria (
    id bigint NOT NULL,
    created_at timestamp(6) without time zone NOT NULL,
    updated_at timestamp(6) without time zone NOT NULL,
    comment text,
    matches boolean NOT NULL,
    response character varying(20) NOT NULL,
    criteria_id bigint NOT NULL,
    response_grid_id bigint NOT NULL
);


ALTER TABLE public.admissibility_response_criteria OWNER TO root;

--
-- Name: admissibility_response_criteria_id_seq; Type: SEQUENCE; Schema: public; Owner: root
--

ALTER TABLE public.admissibility_response_criteria ALTER COLUMN id ADD GENERATED BY DEFAULT AS IDENTITY (
    SEQUENCE NAME public.admissibility_response_criteria_id_seq
    START WITH 1
    INCREMENT BY 1
    NO MINVALUE
    NO MAXVALUE
    CACHE 1
);


--
-- Name: admissibility_response_grid; Type: TABLE; Schema: public; Owner: root
--

CREATE TABLE public.admissibility_response_grid (
    id bigint NOT NULL,
    created_at timestamp(6) without time zone NOT NULL,
    updated_at timestamp(6) without time zone NOT NULL,
    derogation_text text,
    is_admissible boolean NOT NULL,
    status character varying(50),
    grid_id bigint NOT NULL,
    project_id bigint NOT NULL
);


ALTER TABLE public.admissibility_response_grid OWNER TO root;

--
-- Name: admissibility_response_grid_id_seq; Type: SEQUENCE; Schema: public; Owner: root
--

ALTER TABLE public.admissibility_response_grid ALTER COLUMN id ADD GENERATED BY DEFAULT AS IDENTITY (
    SEQUENCE NAME public.admissibility_response_grid_id_seq
    START WITH 1
    INCREMENT BY 1
    NO MINVALUE
    NO MAXVALUE
    CACHE 1
);


--
-- Name: admissibility_response_id_seq; Type: SEQUENCE; Schema: public; Owner: root
--

ALTER TABLE public.admissibility_response ALTER COLUMN id ADD GENERATED BY DEFAULT AS IDENTITY (
    SEQUENCE NAME public.admissibility_response_id_seq
    START WITH 1
    INCREMENT BY 1
    NO MINVALUE
    NO MAXVALUE
    CACHE 1
);


--
-- Name: article_medias; Type: TABLE; Schema: public; Owner: root
--

CREATE TABLE public.article_medias (
    article_id bigint NOT NULL,
    media_id bigint NOT NULL
);


ALTER TABLE public.article_medias OWNER TO root;

--
-- Name: articles; Type: TABLE; Schema: public; Owner: root
--

CREATE TABLE public.articles (
    id bigint NOT NULL,
    created_at timestamp(6) without time zone NOT NULL,
    updated_at timestamp(6) without time zone NOT NULL,
    content text NOT NULL,
    is_active boolean NOT NULL,
    is_private boolean NOT NULL,
    long_description text,
    name character varying(50) NOT NULL,
    picture text NOT NULL,
    short_description text
);


ALTER TABLE public.articles OWNER TO root;

--
-- Name: articles_id_seq; Type: SEQUENCE; Schema: public; Owner: root
--

ALTER TABLE public.articles ALTER COLUMN id ADD GENERATED BY DEFAULT AS IDENTITY (
    SEQUENCE NAME public.articles_id_seq
    START WITH 1
    INCREMENT BY 1
    NO MINVALUE
    NO MAXVALUE
    CACHE 1
);


--
-- Name: autorisation; Type: TABLE; Schema: public; Owner: root
--

CREATE TABLE public.autorisation (
    id bigint NOT NULL,
    created_at timestamp(6) without time zone NOT NULL,
    updated_at timestamp(6) without time zone NOT NULL,
    name character varying(255),
    observation character varying(255),
    validateur character varying(255),
    project_study_id bigint
);


ALTER TABLE public.autorisation OWNER TO root;

--
-- Name: autorisation_id_seq; Type: SEQUENCE; Schema: public; Owner: root
--

ALTER TABLE public.autorisation ALTER COLUMN id ADD GENERATED BY DEFAULT AS IDENTITY (
    SEQUENCE NAME public.autorisation_id_seq
    START WITH 1
    INCREMENT BY 1
    NO MINVALUE
    NO MAXVALUE
    CACHE 1
);


--
-- Name: budget_section; Type: TABLE; Schema: public; Owner: root
--

CREATE TABLE public.budget_section (
    id bigint NOT NULL,
    created_at timestamp(6) without time zone NOT NULL,
    updated_at timestamp(6) without time zone NOT NULL,
    code character varying(255),
    description text,
    is_active boolean,
    name character varying(255) NOT NULL
);


ALTER TABLE public.budget_section OWNER TO root;

--
-- Name: budget_section_id_seq; Type: SEQUENCE; Schema: public; Owner: root
--

ALTER TABLE public.budget_section ALTER COLUMN id ADD GENERATED BY DEFAULT AS IDENTITY (
    SEQUENCE NAME public.budget_section_id_seq
    START WITH 1
    INCREMENT BY 1
    NO MINVALUE
    NO MAXVALUE
    CACHE 1
);


--
-- Name: category; Type: TABLE; Schema: public; Owner: root
--

CREATE TABLE public.category (
    id bigint NOT NULL,
    created_at timestamp(6) without time zone NOT NULL,
    updated_at timestamp(6) without time zone NOT NULL,
    code character varying(255),
    description text,
    is_active boolean,
    name character varying(255) NOT NULL
);


ALTER TABLE public.category OWNER TO root;

--
-- Name: category_envergure; Type: TABLE; Schema: public; Owner: root
--

CREATE TABLE public.category_envergure (
    id bigint NOT NULL,
    created_at timestamp(6) without time zone NOT NULL,
    updated_at timestamp(6) without time zone NOT NULL,
    code character varying(255),
    description text,
    is_active boolean,
    name character varying(1500) NOT NULL
);


ALTER TABLE public.category_envergure OWNER TO root;

--
-- Name: category_envergure_id_seq; Type: SEQUENCE; Schema: public; Owner: root
--

ALTER TABLE public.category_envergure ALTER COLUMN id ADD GENERATED BY DEFAULT AS IDENTITY (
    SEQUENCE NAME public.category_envergure_id_seq
    START WITH 1
    INCREMENT BY 1
    NO MINVALUE
    NO MAXVALUE
    CACHE 1
);


--
-- Name: category_governorate; Type: TABLE; Schema: public; Owner: root
--

CREATE TABLE public.category_governorate (
    category_id bigint NOT NULL,
    governorate_id bigint NOT NULL
);


ALTER TABLE public.category_governorate OWNER TO root;

--
-- Name: category_id_seq; Type: SEQUENCE; Schema: public; Owner: root
--

ALTER TABLE public.category ALTER COLUMN id ADD GENERATED BY DEFAULT AS IDENTITY (
    SEQUENCE NAME public.category_id_seq
    START WITH 1
    INCREMENT BY 1
    NO MINVALUE
    NO MAXVALUE
    CACHE 1
);


--
-- Name: category_risk; Type: TABLE; Schema: public; Owner: root
--

CREATE TABLE public.category_risk (
    id bigint NOT NULL,
    created_at timestamp(6) without time zone NOT NULL,
    updated_at timestamp(6) without time zone NOT NULL,
    code character varying(255),
    description text,
    is_active boolean,
    name character varying(1500) NOT NULL
);


ALTER TABLE public.category_risk OWNER TO root;

--
-- Name: category_risk_id_seq; Type: SEQUENCE; Schema: public; Owner: root
--

ALTER TABLE public.category_risk ALTER COLUMN id ADD GENERATED BY DEFAULT AS IDENTITY (
    SEQUENCE NAME public.category_risk_id_seq
    START WITH 1
    INCREMENT BY 1
    NO MINVALUE
    NO MAXVALUE
    CACHE 1
);


--
-- Name: classification; Type: TABLE; Schema: public; Owner: root
--

CREATE TABLE public.classification (
    id bigint NOT NULL,
    created_at timestamp(6) without time zone NOT NULL,
    updated_at timestamp(6) without time zone NOT NULL,
    active boolean NOT NULL,
    code character varying(50) NOT NULL,
    description text,
    justification_path character varying(1000),
    title character varying(255) NOT NULL,
    annee text,
    evaluation_grid_id bigint NOT NULL,
    nomenclature_geographic_id bigint NOT NULL,
    nomenclature_secteur_id bigint NOT NULL
);


ALTER TABLE public.classification OWNER TO root;

--
-- Name: classification_id_seq; Type: SEQUENCE; Schema: public; Owner: root
--

ALTER TABLE public.classification ALTER COLUMN id ADD GENERATED BY DEFAULT AS IDENTITY (
    SEQUENCE NAME public.classification_id_seq
    START WITH 1
    INCREMENT BY 1
    NO MINVALUE
    NO MAXVALUE
    CACHE 1
);


--
-- Name: component; Type: TABLE; Schema: public; Owner: root
--

CREATE TABLE public.component (
    id bigint NOT NULL,
    created_at timestamp(6) without time zone NOT NULL,
    updated_at timestamp(6) without time zone NOT NULL,
    code character varying(255),
    description text,
    is_sub_component boolean,
    name character varying(255),
    component_id bigint,
    project_id bigint,
    project_plan_id bigint
);


ALTER TABLE public.component OWNER TO root;

--
-- Name: component_id_seq; Type: SEQUENCE; Schema: public; Owner: root
--

ALTER TABLE public.component ALTER COLUMN id ADD GENERATED BY DEFAULT AS IDENTITY (
    SEQUENCE NAME public.component_id_seq
    START WITH 1
    INCREMENT BY 1
    NO MINVALUE
    NO MAXVALUE
    CACHE 1
);


--
-- Name: component_logic; Type: TABLE; Schema: public; Owner: root
--

CREATE TABLE public.component_logic (
    id bigint NOT NULL,
    created_at timestamp(6) without time zone NOT NULL,
    updated_at timestamp(6) without time zone NOT NULL,
    cout bigint,
    description character varying(255),
    name character varying(255),
    project_logic bigint
);


ALTER TABLE public.component_logic OWNER TO root;

--
-- Name: component_logic_id_seq; Type: SEQUENCE; Schema: public; Owner: root
--

ALTER TABLE public.component_logic ALTER COLUMN id ADD GENERATED BY DEFAULT AS IDENTITY (
    SEQUENCE NAME public.component_logic_id_seq
    START WITH 1
    INCREMENT BY 1
    NO MINVALUE
    NO MAXVALUE
    CACHE 1
);


--
-- Name: deanships; Type: TABLE; Schema: public; Owner: root
--

CREATE TABLE public.deanships (
    id bigint NOT NULL,
    created_at timestamp(6) without time zone NOT NULL,
    updated_at timestamp(6) without time zone NOT NULL,
    code character varying(255),
    description text,
    is_active boolean,
    name character varying(255) NOT NULL,
    delegation_id bigint
);


ALTER TABLE public.deanships OWNER TO root;

--
-- Name: deanships_id_seq; Type: SEQUENCE; Schema: public; Owner: root
--

ALTER TABLE public.deanships ALTER COLUMN id ADD GENERATED BY DEFAULT AS IDENTITY (
    SEQUENCE NAME public.deanships_id_seq
    START WITH 1
    INCREMENT BY 1
    NO MINVALUE
    NO MAXVALUE
    CACHE 1
);


--
-- Name: delegations; Type: TABLE; Schema: public; Owner: root
--

CREATE TABLE public.delegations (
    id bigint NOT NULL,
    created_at timestamp(6) without time zone NOT NULL,
    updated_at timestamp(6) without time zone NOT NULL,
    code character varying(255),
    description text,
    is_active boolean,
    name character varying(255) NOT NULL,
    governorate_id bigint NOT NULL
);


ALTER TABLE public.delegations OWNER TO root;

--
-- Name: delegations_id_seq; Type: SEQUENCE; Schema: public; Owner: root
--

ALTER TABLE public.delegations ALTER COLUMN id ADD GENERATED BY DEFAULT AS IDENTITY (
    SEQUENCE NAME public.delegations_id_seq
    START WITH 1
    INCREMENT BY 1
    NO MINVALUE
    NO MAXVALUE
    CACHE 1
);


--
-- Name: derogation; Type: TABLE; Schema: public; Owner: root
--

CREATE TABLE public.derogation (
    id bigint NOT NULL,
    created_at timestamp(6) without time zone NOT NULL,
    updated_at timestamp(6) without time zone NOT NULL,
    decided_by character varying(255),
    justification text,
    requested_by character varying(255),
    status character varying(255),
    admissibility_grid_id bigint NOT NULL,
    project_identity_id bigint NOT NULL,
    CONSTRAINT derogation_status_check CHECK (((status)::text = ANY (ARRAY[('PENDING'::character varying)::text, ('ACCEPTED'::character varying)::text, ('REJECTED'::character varying)::text, ('PENDING_DEROGATION'::character varying)::text])))
);


ALTER TABLE public.derogation OWNER TO root;

--
-- Name: derogation_id_seq; Type: SEQUENCE; Schema: public; Owner: root
--

ALTER TABLE public.derogation ALTER COLUMN id ADD GENERATED BY DEFAULT AS IDENTITY (
    SEQUENCE NAME public.derogation_id_seq
    START WITH 1
    INCREMENT BY 1
    NO MINVALUE
    NO MAXVALUE
    CACHE 1
);


--
-- Name: device; Type: TABLE; Schema: public; Owner: root
--

CREATE TABLE public.device (
    id bigint NOT NULL,
    created_at timestamp(6) without time zone NOT NULL,
    updated_at timestamp(6) without time zone NOT NULL,
    code character varying(255),
    description text,
    is_active boolean,
    name character varying(255) NOT NULL
);


ALTER TABLE public.device OWNER TO root;

--
-- Name: device_id_seq; Type: SEQUENCE; Schema: public; Owner: root
--

ALTER TABLE public.device ALTER COLUMN id ADD GENERATED BY DEFAULT AS IDENTITY (
    SEQUENCE NAME public.device_id_seq
    START WITH 1
    INCREMENT BY 1
    NO MINVALUE
    NO MAXVALUE
    CACHE 1
);


--
-- Name: difference_evaluation_response; Type: TABLE; Schema: public; Owner: root
--

CREATE TABLE public.difference_evaluation_response (
    id bigint NOT NULL,
    created_at timestamp(6) without time zone NOT NULL,
    updated_at timestamp(6) without time zone NOT NULL,
    admin_remarks text,
    admin_response character varying(1500),
    component_id bigint,
    criteria_id bigint,
    indicator_id bigint,
    project_remarks text,
    project_response character varying(1500),
    status character varying(255),
    admin_evaluation_id bigint,
    project_evaluation_id bigint
);


ALTER TABLE public.difference_evaluation_response OWNER TO root;

--
-- Name: difference_evaluation_response_id_seq; Type: SEQUENCE; Schema: public; Owner: root
--

ALTER TABLE public.difference_evaluation_response ALTER COLUMN id ADD GENERATED BY DEFAULT AS IDENTITY (
    SEQUENCE NAME public.difference_evaluation_response_id_seq
    START WITH 1
    INCREMENT BY 1
    NO MINVALUE
    NO MAXVALUE
    CACHE 1
);


--
-- Name: districts; Type: TABLE; Schema: public; Owner: root
--

CREATE TABLE public.districts (
    id bigint NOT NULL,
    created_at timestamp(6) without time zone NOT NULL,
    updated_at timestamp(6) without time zone NOT NULL,
    code character varying(255),
    description text,
    is_active boolean,
    name character varying(255) NOT NULL
);


ALTER TABLE public.districts OWNER TO root;

--
-- Name: districts_id_seq; Type: SEQUENCE; Schema: public; Owner: root
--

ALTER TABLE public.districts ALTER COLUMN id ADD GENERATED BY DEFAULT AS IDENTITY (
    SEQUENCE NAME public.districts_id_seq
    START WITH 1
    INCREMENT BY 1
    NO MINVALUE
    NO MAXVALUE
    CACHE 1
);


--
-- Name: economic_nature; Type: TABLE; Schema: public; Owner: root
--

CREATE TABLE public.economic_nature (
    id bigint NOT NULL,
    created_at timestamp(6) without time zone NOT NULL,
    updated_at timestamp(6) without time zone NOT NULL,
    code character varying(255),
    description text,
    is_active boolean,
    name character varying(255) NOT NULL
);


ALTER TABLE public.economic_nature OWNER TO root;

--
-- Name: economic_nature_id_seq; Type: SEQUENCE; Schema: public; Owner: root
--

ALTER TABLE public.economic_nature ALTER COLUMN id ADD GENERATED BY DEFAULT AS IDENTITY (
    SEQUENCE NAME public.economic_nature_id_seq
    START WITH 1
    INCREMENT BY 1
    NO MINVALUE
    NO MAXVALUE
    CACHE 1
);


--
-- Name: evaluation_critiria; Type: TABLE; Schema: public; Owner: root
--

CREATE TABLE public.evaluation_critiria (
    id bigint NOT NULL,
    created_at timestamp(6) without time zone NOT NULL,
    updated_at timestamp(6) without time zone NOT NULL,
    code character varying(1500),
    description text,
    is_active boolean,
    name character varying(1500) NOT NULL,
    evaluation_component_id bigint
);


ALTER TABLE public.evaluation_critiria OWNER TO root;

--
-- Name: evaluation_critiria_id_seq; Type: SEQUENCE; Schema: public; Owner: root
--

ALTER TABLE public.evaluation_critiria ALTER COLUMN id ADD GENERATED BY DEFAULT AS IDENTITY (
    SEQUENCE NAME public.evaluation_critiria_id_seq
    START WITH 1
    INCREMENT BY 1
    NO MINVALUE
    NO MAXVALUE
    CACHE 1
);


--
-- Name: evaluation_grid; Type: TABLE; Schema: public; Owner: root
--

CREATE TABLE public.evaluation_grid (
    id bigint NOT NULL,
    created_at timestamp(6) without time zone NOT NULL,
    updated_at timestamp(6) without time zone NOT NULL,
    code character varying(255),
    description text,
    is_active boolean,
    max_component integer,
    max_crtieras integer,
    max_indicator integer,
    max_normes integer,
    max_note integer,
    name character varying(1500) NOT NULL,
    state character varying(255),
    CONSTRAINT evaluation_grid_state_check CHECK (((state)::text = ANY (ARRAY[('brouillon'::character varying)::text, ('validé'::character varying)::text])))
);


ALTER TABLE public.evaluation_grid OWNER TO root;

--
-- Name: evaluation_grid_id_seq; Type: SEQUENCE; Schema: public; Owner: root
--

ALTER TABLE public.evaluation_grid ALTER COLUMN id ADD GENERATED BY DEFAULT AS IDENTITY (
    SEQUENCE NAME public.evaluation_grid_id_seq
    START WITH 1
    INCREMENT BY 1
    NO MINVALUE
    NO MAXVALUE
    CACHE 1
);


--
-- Name: evaluation_indicateur; Type: TABLE; Schema: public; Owner: root
--

CREATE TABLE public.evaluation_indicateur (
    id bigint NOT NULL,
    created_at timestamp(6) without time zone NOT NULL,
    updated_at timestamp(6) without time zone NOT NULL,
    code character varying(1500),
    description text,
    is_active boolean,
    name character varying(1500) NOT NULL,
    evaluation_critiria_id bigint
);


ALTER TABLE public.evaluation_indicateur OWNER TO root;

--
-- Name: evaluation_indicateur_id_seq; Type: SEQUENCE; Schema: public; Owner: root
--

ALTER TABLE public.evaluation_indicateur ALTER COLUMN id ADD GENERATED BY DEFAULT AS IDENTITY (
    SEQUENCE NAME public.evaluation_indicateur_id_seq
    START WITH 1
    INCREMENT BY 1
    NO MINVALUE
    NO MAXVALUE
    CACHE 1
);


--
-- Name: evaluation_norme; Type: TABLE; Schema: public; Owner: root
--

CREATE TABLE public.evaluation_norme (
    id bigint NOT NULL,
    created_at timestamp(6) without time zone NOT NULL,
    updated_at timestamp(6) without time zone NOT NULL,
    is_active boolean,
    name character varying(1500) NOT NULL,
    note integer,
    evaluation_indicateur_id bigint
);


ALTER TABLE public.evaluation_norme OWNER TO root;

--
-- Name: evaluation_norme_id_seq; Type: SEQUENCE; Schema: public; Owner: root
--

ALTER TABLE public.evaluation_norme ALTER COLUMN id ADD GENERATED BY DEFAULT AS IDENTITY (
    SEQUENCE NAME public.evaluation_norme_id_seq
    START WITH 1
    INCREMENT BY 1
    NO MINVALUE
    NO MAXVALUE
    CACHE 1
);


--
-- Name: evaulation_component; Type: TABLE; Schema: public; Owner: root
--

CREATE TABLE public.evaulation_component (
    id bigint NOT NULL,
    created_at timestamp(6) without time zone NOT NULL,
    updated_at timestamp(6) without time zone NOT NULL,
    description text,
    is_active boolean,
    name character varying(1500) NOT NULL,
    evaluation_grid_id bigint
);


ALTER TABLE public.evaulation_component OWNER TO root;

--
-- Name: evaulation_component_id_seq; Type: SEQUENCE; Schema: public; Owner: root
--

ALTER TABLE public.evaulation_component ALTER COLUMN id ADD GENERATED BY DEFAULT AS IDENTITY (
    SEQUENCE NAME public.evaulation_component_id_seq
    START WITH 1
    INCREMENT BY 1
    NO MINVALUE
    NO MAXVALUE
    CACHE 1
);


--
-- Name: financial_source; Type: TABLE; Schema: public; Owner: root
--

CREATE TABLE public.financial_source (
    id bigint NOT NULL,
    created_at timestamp(6) without time zone NOT NULL,
    updated_at timestamp(6) without time zone NOT NULL,
    bailleur character varying(255),
    devise character varying(255),
    montant bigint,
    monant_dinars bigint,
    statut character varying(255),
    taux_echange bigint,
    type character varying(255),
    project_plan_id bigint NOT NULL
);


ALTER TABLE public.financial_source OWNER TO root;

--
-- Name: financial_source_id_seq; Type: SEQUENCE; Schema: public; Owner: root
--

ALTER TABLE public.financial_source ALTER COLUMN id ADD GENERATED BY DEFAULT AS IDENTITY (
    SEQUENCE NAME public.financial_source_id_seq
    START WITH 1
    INCREMENT BY 1
    NO MINVALUE
    NO MAXVALUE
    CACHE 1
);


--
-- Name: forgot_password_requests; Type: TABLE; Schema: public; Owner: root
--

CREATE TABLE public.forgot_password_requests (
    id bigint NOT NULL,
    created_at timestamp(6) without time zone NOT NULL,
    updated_at timestamp(6) without time zone NOT NULL,
    admin_notes text,
    email character varying(255) NOT NULL,
    processed_by character varying(255),
    status character varying(255) NOT NULL,
    user_id bigint NOT NULL,
    CONSTRAINT forgot_password_requests_status_check CHECK (((status)::text = ANY ((ARRAY['PENDING'::character varying, 'APPROVED'::character varying, 'REJECTED'::character varying])::text[])))
);


ALTER TABLE public.forgot_password_requests OWNER TO root;

--
-- Name: forgot_password_requests_id_seq; Type: SEQUENCE; Schema: public; Owner: root
--

ALTER TABLE public.forgot_password_requests ALTER COLUMN id ADD GENERATED BY DEFAULT AS IDENTITY (
    SEQUENCE NAME public.forgot_password_requests_id_seq
    START WITH 1
    INCREMENT BY 1
    NO MINVALUE
    NO MAXVALUE
    CACHE 1
);


--
-- Name: funding_extension; Type: TABLE; Schema: public; Owner: root
--

CREATE TABLE public.funding_extension (
    id bigint NOT NULL,
    created_at timestamp(6) without time zone NOT NULL,
    updated_at timestamp(6) without time zone NOT NULL,
    actual_date date,
    description text,
    end_date date,
    name character varying(255) NOT NULL,
    sequence integer,
    start_date date,
    project_funding_id bigint
);


ALTER TABLE public.funding_extension OWNER TO root;

--
-- Name: funding_extension_id_seq; Type: SEQUENCE; Schema: public; Owner: root
--

ALTER TABLE public.funding_extension ALTER COLUMN id ADD GENERATED BY DEFAULT AS IDENTITY (
    SEQUENCE NAME public.funding_extension_id_seq
    START WITH 1
    INCREMENT BY 1
    NO MINVALUE
    NO MAXVALUE
    CACHE 1
);


--
-- Name: funding_source; Type: TABLE; Schema: public; Owner: root
--

CREATE TABLE public.funding_source (
    id bigint NOT NULL,
    created_at timestamp(6) without time zone NOT NULL,
    updated_at timestamp(6) without time zone NOT NULL,
    code character varying(255),
    description text,
    is_active boolean,
    name character varying(255) NOT NULL
);


ALTER TABLE public.funding_source OWNER TO root;

--
-- Name: funding_source_id_seq; Type: SEQUENCE; Schema: public; Owner: root
--

ALTER TABLE public.funding_source ALTER COLUMN id ADD GENERATED BY DEFAULT AS IDENTITY (
    SEQUENCE NAME public.funding_source_id_seq
    START WITH 1
    INCREMENT BY 1
    NO MINVALUE
    NO MAXVALUE
    CACHE 1
);


--
-- Name: funding_source_type; Type: TABLE; Schema: public; Owner: root
--

CREATE TABLE public.funding_source_type (
    id bigint NOT NULL,
    created_at timestamp(6) without time zone NOT NULL,
    updated_at timestamp(6) without time zone NOT NULL,
    code character varying(255),
    description text,
    is_active boolean,
    name character varying(255) NOT NULL
);


ALTER TABLE public.funding_source_type OWNER TO root;

--
-- Name: funding_source_type_id_seq; Type: SEQUENCE; Schema: public; Owner: root
--

ALTER TABLE public.funding_source_type ALTER COLUMN id ADD GENERATED BY DEFAULT AS IDENTITY (
    SEQUENCE NAME public.funding_source_type_id_seq
    START WITH 1
    INCREMENT BY 1
    NO MINVALUE
    NO MAXVALUE
    CACHE 1
);


--
-- Name: funding_tranches; Type: TABLE; Schema: public; Owner: root
--

CREATE TABLE public.funding_tranches (
    id bigint NOT NULL,
    created_at timestamp(6) without time zone NOT NULL,
    updated_at timestamp(6) without time zone NOT NULL,
    amount real,
    description character varying(255),
    disbursement integer,
    title character varying(255),
    year date,
    project_plan_id bigint
);


ALTER TABLE public.funding_tranches OWNER TO root;

--
-- Name: funding_tranches_id_seq; Type: SEQUENCE; Schema: public; Owner: root
--

ALTER TABLE public.funding_tranches ALTER COLUMN id ADD GENERATED BY DEFAULT AS IDENTITY (
    SEQUENCE NAME public.funding_tranches_id_seq
    START WITH 1
    INCREMENT BY 1
    NO MINVALUE
    NO MAXVALUE
    CACHE 1
);


--
-- Name: generated_classification; Type: TABLE; Schema: public; Owner: root
--

CREATE TABLE public.generated_classification (
    id bigint NOT NULL,
    created_at timestamp(6) without time zone NOT NULL,
    updated_at timestamp(6) without time zone NOT NULL,
    description text,
    generation_date timestamp(6) without time zone NOT NULL,
    name character varying(255) NOT NULL,
    classification_system_id bigint NOT NULL
);


ALTER TABLE public.generated_classification OWNER TO root;

--
-- Name: generated_classification_id_seq; Type: SEQUENCE; Schema: public; Owner: root
--

ALTER TABLE public.generated_classification ALTER COLUMN id ADD GENERATED BY DEFAULT AS IDENTITY (
    SEQUENCE NAME public.generated_classification_id_seq
    START WITH 1
    INCREMENT BY 1
    NO MINVALUE
    NO MAXVALUE
    CACHE 1
);


--
-- Name: geo_category; Type: TABLE; Schema: public; Owner: root
--

CREATE TABLE public.geo_category (
    id bigint NOT NULL,
    created_at timestamp(6) without time zone NOT NULL,
    updated_at timestamp(6) without time zone NOT NULL,
    code character varying(50) NOT NULL,
    description text,
    title character varying(255) NOT NULL,
    nomenclature_id bigint NOT NULL
);


ALTER TABLE public.geo_category OWNER TO root;

--
-- Name: geo_category_id_seq; Type: SEQUENCE; Schema: public; Owner: root
--

ALTER TABLE public.geo_category ALTER COLUMN id ADD GENERATED BY DEFAULT AS IDENTITY (
    SEQUENCE NAME public.geo_category_id_seq
    START WITH 1
    INCREMENT BY 1
    NO MINVALUE
    NO MAXVALUE
    CACHE 1
);


--
-- Name: geographic_bonus; Type: TABLE; Schema: public; Owner: root
--

CREATE TABLE public.geographic_bonus (
    id bigint NOT NULL,
    created_at timestamp(6) without time zone NOT NULL,
    updated_at timestamp(6) without time zone NOT NULL,
    bonus_percentage double precision NOT NULL,
    comment text,
    classification_id bigint NOT NULL,
    geographic_category_id bigint NOT NULL
);


ALTER TABLE public.geographic_bonus OWNER TO root;

--
-- Name: geographic_bonus_id_seq; Type: SEQUENCE; Schema: public; Owner: root
--

ALTER TABLE public.geographic_bonus ALTER COLUMN id ADD GENERATED BY DEFAULT AS IDENTITY (
    SEQUENCE NAME public.geographic_bonus_id_seq
    START WITH 1
    INCREMENT BY 1
    NO MINVALUE
    NO MAXVALUE
    CACHE 1
);


--
-- Name: governorates; Type: TABLE; Schema: public; Owner: root
--

CREATE TABLE public.governorates (
    id bigint NOT NULL,
    created_at timestamp(6) without time zone NOT NULL,
    updated_at timestamp(6) without time zone NOT NULL,
    code character varying(255),
    description text,
    is_active boolean,
    name character varying(255) NOT NULL,
    district_id bigint NOT NULL
);


ALTER TABLE public.governorates OWNER TO root;

--
-- Name: governorates_id_seq; Type: SEQUENCE; Schema: public; Owner: root
--

ALTER TABLE public.governorates ALTER COLUMN id ADD GENERATED BY DEFAULT AS IDENTITY (
    SEQUENCE NAME public.governorates_id_seq
    START WITH 1
    INCREMENT BY 1
    NO MINVALUE
    NO MAXVALUE
    CACHE 1
);


--
-- Name: grid_bonus; Type: TABLE; Schema: public; Owner: root
--

CREATE TABLE public.grid_bonus (
    id bigint NOT NULL,
    created_at timestamp(6) without time zone NOT NULL,
    updated_at timestamp(6) without time zone NOT NULL,
    code character varying(255) NOT NULL,
    name character varying(255) NOT NULL,
    classification_id bigint NOT NULL,
    criteria_id bigint,
    indicator_id bigint
);


ALTER TABLE public.grid_bonus OWNER TO root;

--
-- Name: grid_bonus_id_seq; Type: SEQUENCE; Schema: public; Owner: root
--

ALTER TABLE public.grid_bonus ALTER COLUMN id ADD GENERATED BY DEFAULT AS IDENTITY (
    SEQUENCE NAME public.grid_bonus_id_seq
    START WITH 1
    INCREMENT BY 1
    NO MINVALUE
    NO MAXVALUE
    CACHE 1
);


--
-- Name: grid_bonus_level; Type: TABLE; Schema: public; Owner: root
--

CREATE TABLE public.grid_bonus_level (
    id bigint NOT NULL,
    created_at timestamp(6) without time zone NOT NULL,
    updated_at timestamp(6) without time zone NOT NULL,
    bonus_percentage double precision NOT NULL,
    comment character varying(255),
    level_name character varying(255) NOT NULL,
    points_threshold double precision NOT NULL,
    grid_bonus_id bigint NOT NULL
);


ALTER TABLE public.grid_bonus_level OWNER TO root;

--
-- Name: grid_bonus_level_id_seq; Type: SEQUENCE; Schema: public; Owner: root
--

ALTER TABLE public.grid_bonus_level ALTER COLUMN id ADD GENERATED BY DEFAULT AS IDENTITY (
    SEQUENCE NAME public.grid_bonus_level_id_seq
    START WITH 1
    INCREMENT BY 1
    NO MINVALUE
    NO MAXVALUE
    CACHE 1
);


--
-- Name: linked_project; Type: TABLE; Schema: public; Owner: root
--

CREATE TABLE public.linked_project (
    id bigint NOT NULL,
    created_at timestamp(6) without time zone NOT NULL,
    updated_at timestamp(6) without time zone NOT NULL,
    description text,
    project_code character varying(255),
    project_zone_id bigint NOT NULL
);


ALTER TABLE public.linked_project OWNER TO root;

--
-- Name: linked_project_id_seq; Type: SEQUENCE; Schema: public; Owner: root
--

ALTER TABLE public.linked_project ALTER COLUMN id ADD GENERATED BY DEFAULT AS IDENTITY (
    SEQUENCE NAME public.linked_project_id_seq
    START WITH 1
    INCREMENT BY 1
    NO MINVALUE
    NO MAXVALUE
    CACHE 1
);


--
-- Name: media; Type: TABLE; Schema: public; Owner: root
--

CREATE TABLE public.media (
    id bigint NOT NULL,
    created_at timestamp(6) without time zone NOT NULL,
    updated_at timestamp(6) without time zone NOT NULL,
    extention character varying(255),
    size real,
    source text NOT NULL,
    type character varying(255)
);


ALTER TABLE public.media OWNER TO root;

--
-- Name: media_id_seq; Type: SEQUENCE; Schema: public; Owner: root
--

ALTER TABLE public.media ALTER COLUMN id ADD GENERATED BY DEFAULT AS IDENTITY (
    SEQUENCE NAME public.media_id_seq
    START WITH 1
    INCREMENT BY 1
    NO MINVALUE
    NO MAXVALUE
    CACHE 1
);


--
-- Name: ministers; Type: TABLE; Schema: public; Owner: root
--

CREATE TABLE public.ministers (
    id bigint NOT NULL,
    created_at timestamp(6) without time zone NOT NULL,
    updated_at timestamp(6) without time zone NOT NULL,
    code character varying(255),
    description text,
    is_active boolean,
    name character varying(255) NOT NULL
);


ALTER TABLE public.ministers OWNER TO root;

--
-- Name: ministers_id_seq; Type: SEQUENCE; Schema: public; Owner: root
--

ALTER TABLE public.ministers ALTER COLUMN id ADD GENERATED BY DEFAULT AS IDENTITY (
    SEQUENCE NAME public.ministers_id_seq
    START WITH 1
    INCREMENT BY 1
    NO MINVALUE
    NO MAXVALUE
    CACHE 1
);


--
-- Name: nomenclature_geographic; Type: TABLE; Schema: public; Owner: root
--

CREATE TABLE public.nomenclature_geographic (
    id bigint NOT NULL,
    created_at timestamp(6) without time zone NOT NULL,
    updated_at timestamp(6) without time zone NOT NULL,
    active boolean NOT NULL,
    code character varying(50) NOT NULL,
    justification_path character varying(1000),
    title character varying(255) NOT NULL,
    year integer NOT NULL
);


ALTER TABLE public.nomenclature_geographic OWNER TO root;

--
-- Name: nomenclature_geographic_id_seq; Type: SEQUENCE; Schema: public; Owner: root
--

ALTER TABLE public.nomenclature_geographic ALTER COLUMN id ADD GENERATED BY DEFAULT AS IDENTITY (
    SEQUENCE NAME public.nomenclature_geographic_id_seq
    START WITH 1
    INCREMENT BY 1
    NO MINVALUE
    NO MAXVALUE
    CACHE 1
);


--
-- Name: nomenclature_secteur; Type: TABLE; Schema: public; Owner: root
--

CREATE TABLE public.nomenclature_secteur (
    id bigint NOT NULL,
    created_at timestamp(6) without time zone NOT NULL,
    updated_at timestamp(6) without time zone NOT NULL,
    active boolean NOT NULL,
    code character varying(50) NOT NULL,
    justification_path character varying(1000),
    title character varying(255) NOT NULL,
    year integer NOT NULL
);


ALTER TABLE public.nomenclature_secteur OWNER TO root;

--
-- Name: nomenclature_secteur_id_seq; Type: SEQUENCE; Schema: public; Owner: root
--

ALTER TABLE public.nomenclature_secteur ALTER COLUMN id ADD GENERATED BY DEFAULT AS IDENTITY (
    SEQUENCE NAME public.nomenclature_secteur_id_seq
    START WITH 1
    INCREMENT BY 1
    NO MINVALUE
    NO MAXVALUE
    CACHE 1
);


--
-- Name: organisations; Type: TABLE; Schema: public; Owner: root
--

CREATE TABLE public.organisations (
    id bigint NOT NULL,
    created_at timestamp(6) without time zone NOT NULL,
    updated_at timestamp(6) without time zone NOT NULL,
    code character varying(255),
    description text,
    is_active boolean,
    name character varying(255) NOT NULL
);


ALTER TABLE public.organisations OWNER TO root;

--
-- Name: organisations_id_seq; Type: SEQUENCE; Schema: public; Owner: root
--

ALTER TABLE public.organisations ALTER COLUMN id ADD GENERATED BY DEFAULT AS IDENTITY (
    SEQUENCE NAME public.organisations_id_seq
    START WITH 1
    INCREMENT BY 1
    NO MINVALUE
    NO MAXVALUE
    CACHE 1
);


--
-- Name: permission; Type: TABLE; Schema: public; Owner: root
--

CREATE TABLE public.permission (
    id bigint NOT NULL,
    created_at timestamp(6) without time zone NOT NULL,
    updated_at timestamp(6) without time zone NOT NULL,
    description text,
    is_active boolean NOT NULL,
    name character varying(50) NOT NULL,
    value character varying(250) NOT NULL
);


ALTER TABLE public.permission OWNER TO root;

--
-- Name: permission_id_seq; Type: SEQUENCE; Schema: public; Owner: root
--

ALTER TABLE public.permission ALTER COLUMN id ADD GENERATED BY DEFAULT AS IDENTITY (
    SEQUENCE NAME public.permission_id_seq
    START WITH 1
    INCREMENT BY 1
    NO MINVALUE
    NO MAXVALUE
    CACHE 1
);


--
-- Name: pnd; Type: TABLE; Schema: public; Owner: root
--

CREATE TABLE public.pnd (
    id bigint NOT NULL,
    created_at timestamp(6) without time zone NOT NULL,
    updated_at timestamp(6) without time zone NOT NULL,
    code character varying(255),
    description text,
    is_active boolean,
    name character varying(255) NOT NULL
);


ALTER TABLE public.pnd OWNER TO root;

--
-- Name: pnd_axis; Type: TABLE; Schema: public; Owner: root
--

CREATE TABLE public.pnd_axis (
    id bigint NOT NULL,
    created_at timestamp(6) without time zone NOT NULL,
    updated_at timestamp(6) without time zone NOT NULL,
    code character varying(255),
    description text,
    is_active boolean,
    name character varying(255) NOT NULL,
    pnd_id bigint NOT NULL
);


ALTER TABLE public.pnd_axis OWNER TO root;

--
-- Name: pnd_axis_id_seq; Type: SEQUENCE; Schema: public; Owner: root
--

ALTER TABLE public.pnd_axis ALTER COLUMN id ADD GENERATED BY DEFAULT AS IDENTITY (
    SEQUENCE NAME public.pnd_axis_id_seq
    START WITH 1
    INCREMENT BY 1
    NO MINVALUE
    NO MAXVALUE
    CACHE 1
);


--
-- Name: pnd_id_seq; Type: SEQUENCE; Schema: public; Owner: root
--

ALTER TABLE public.pnd ALTER COLUMN id ADD GENERATED BY DEFAULT AS IDENTITY (
    SEQUENCE NAME public.pnd_id_seq
    START WITH 1
    INCREMENT BY 1
    NO MINVALUE
    NO MAXVALUE
    CACHE 1
);


--
-- Name: ponderation; Type: TABLE; Schema: public; Owner: root
--

CREATE TABLE public.ponderation (
    id bigint NOT NULL,
    created_at timestamp(6) without time zone NOT NULL,
    updated_at timestamp(6) without time zone NOT NULL,
    is_active boolean NOT NULL,
    max_indicateur integer NOT NULL,
    max_note integer NOT NULL,
    total_points integer NOT NULL,
    evaluation_grid_id bigint NOT NULL
);


ALTER TABLE public.ponderation OWNER TO root;

--
-- Name: ponderation_component; Type: TABLE; Schema: public; Owner: root
--

CREATE TABLE public.ponderation_component (
    id bigint NOT NULL,
    created_at timestamp(6) without time zone NOT NULL,
    updated_at timestamp(6) without time zone NOT NULL,
    name character varying(255) NOT NULL,
    number_of_points double precision,
    percentage double precision,
    ponderation_id bigint
);


ALTER TABLE public.ponderation_component OWNER TO root;

--
-- Name: ponderation_component_id_seq; Type: SEQUENCE; Schema: public; Owner: root
--

ALTER TABLE public.ponderation_component ALTER COLUMN id ADD GENERATED BY DEFAULT AS IDENTITY (
    SEQUENCE NAME public.ponderation_component_id_seq
    START WITH 1
    INCREMENT BY 1
    NO MINVALUE
    NO MAXVALUE
    CACHE 1
);


--
-- Name: ponderation_critiria; Type: TABLE; Schema: public; Owner: root
--

CREATE TABLE public.ponderation_critiria (
    id bigint NOT NULL,
    created_at timestamp(6) without time zone NOT NULL,
    updated_at timestamp(6) without time zone NOT NULL,
    name character varying(255) NOT NULL,
    number_of_points double precision,
    percentage double precision,
    component_id bigint
);


ALTER TABLE public.ponderation_critiria OWNER TO root;

--
-- Name: ponderation_critiria_id_seq; Type: SEQUENCE; Schema: public; Owner: root
--

ALTER TABLE public.ponderation_critiria ALTER COLUMN id ADD GENERATED BY DEFAULT AS IDENTITY (
    SEQUENCE NAME public.ponderation_critiria_id_seq
    START WITH 1
    INCREMENT BY 1
    NO MINVALUE
    NO MAXVALUE
    CACHE 1
);


--
-- Name: ponderation_id_seq; Type: SEQUENCE; Schema: public; Owner: root
--

ALTER TABLE public.ponderation ALTER COLUMN id ADD GENERATED BY DEFAULT AS IDENTITY (
    SEQUENCE NAME public.ponderation_id_seq
    START WITH 1
    INCREMENT BY 1
    NO MINVALUE
    NO MAXVALUE
    CACHE 1
);


--
-- Name: project_block; Type: TABLE; Schema: public; Owner: root
--

CREATE TABLE public.project_block (
    id bigint NOT NULL,
    created_at timestamp(6) without time zone NOT NULL,
    updated_at timestamp(6) without time zone NOT NULL,
    blocked_at timestamp(6) without time zone NOT NULL,
    blocked_by character varying(255) NOT NULL,
    reason text NOT NULL,
    project_id bigint NOT NULL
);


ALTER TABLE public.project_block OWNER TO root;

--
-- Name: project_block_id_seq; Type: SEQUENCE; Schema: public; Owner: root
--

ALTER TABLE public.project_block ALTER COLUMN id ADD GENERATED BY DEFAULT AS IDENTITY (
    SEQUENCE NAME public.project_block_id_seq
    START WITH 1
    INCREMENT BY 1
    NO MINVALUE
    NO MAXVALUE
    CACHE 1
);


--
-- Name: project_classement; Type: TABLE; Schema: public; Owner: root
--

CREATE TABLE public.project_classement (
    id bigint NOT NULL,
    created_at timestamp(6) without time zone NOT NULL,
    updated_at timestamp(6) without time zone NOT NULL,
    bonus_categorie double precision,
    bonus_grille double precision,
    bonus_secteur double precision,
    initial_score double precision,
    project_creation_date timestamp(6) without time zone,
    rang integer,
    score_bonifie double precision,
    generated_classification_id bigint NOT NULL,
    project_identity_id bigint NOT NULL
);


ALTER TABLE public.project_classement OWNER TO root;

--
-- Name: project_classement_id_seq; Type: SEQUENCE; Schema: public; Owner: root
--

ALTER TABLE public.project_classement ALTER COLUMN id ADD GENERATED BY DEFAULT AS IDENTITY (
    SEQUENCE NAME public.project_classement_id_seq
    START WITH 1
    INCREMENT BY 1
    NO MINVALUE
    NO MAXVALUE
    CACHE 1
);


--
-- Name: project_evaluation_response; Type: TABLE; Schema: public; Owner: root
--

CREATE TABLE public.project_evaluation_response (
    id bigint NOT NULL,
    created_at timestamp(6) without time zone NOT NULL,
    updated_at timestamp(6) without time zone NOT NULL,
    evaluation_date timestamp(6) without time zone NOT NULL,
    is_active boolean,
    grid_id bigint NOT NULL,
    project_id bigint NOT NULL
);


ALTER TABLE public.project_evaluation_response OWNER TO root;

--
-- Name: project_evaluation_response_id_seq; Type: SEQUENCE; Schema: public; Owner: root
--

ALTER TABLE public.project_evaluation_response ALTER COLUMN id ADD GENERATED BY DEFAULT AS IDENTITY (
    SEQUENCE NAME public.project_evaluation_response_id_seq
    START WITH 1
    INCREMENT BY 1
    NO MINVALUE
    NO MAXVALUE
    CACHE 1
);


--
-- Name: project_identity; Type: TABLE; Schema: public; Owner: root
--

CREATE TABLE public.project_identity (
    id bigint NOT NULL,
    created_at timestamp(6) without time zone NOT NULL,
    updated_at timestamp(6) without time zone NOT NULL,
    code character varying(255),
    description text,
    management_unitname character varying(255),
    minister_name character varying(255),
    name character varying(255),
    organisation character varying(255),
    project_manager_email character varying(255),
    project_manager_name character varying(255),
    project_manager_phone character varying(255),
    po_email character varying(255),
    po_name character varying(255),
    po_phone character varying(255),
    responsible_email character varying(255),
    responsible_name character varying(255),
    responsible_phone character varying(255),
    simep boolean,
    statut character varying(255),
    category_id bigint,
    category_envergure_id bigint,
    minister_id bigint,
    sector_id bigint,
    typology_id bigint,
    CONSTRAINT project_identity_statut_check CHECK (((statut)::text = ANY (ARRAY[('brouillon'::character varying)::text, ('finalisée'::character varying)::text, ('validé'::character varying)::text, ('eligible'::character varying)::text, ('non_eligible'::character varying)::text, ('en_cours_auto_evaluation'::character varying)::text, ('auto_évalué'::character varying)::text, ('auto_évaluation_validée'::character varying)::text, ('bloqué'::character varying)::text, ('en_cours_admin_evaluation'::character varying)::text, ('en_phase_contradictoire'::character varying)::text, ('évalué'::character varying)::text, ('archivé'::character varying)::text])))
);


ALTER TABLE public.project_identity OWNER TO root;

--
-- Name: project_identity_id_seq; Type: SEQUENCE; Schema: public; Owner: root
--

ALTER TABLE public.project_identity ALTER COLUMN id ADD GENERATED BY DEFAULT AS IDENTITY (
    SEQUENCE NAME public.project_identity_id_seq
    START WITH 1
    INCREMENT BY 1
    NO MINVALUE
    NO MAXVALUE
    CACHE 1
);


--
-- Name: project_logic; Type: TABLE; Schema: public; Owner: root
--

CREATE TABLE public.project_logic (
    id bigint NOT NULL,
    created_at timestamp(6) without time zone NOT NULL,
    updated_at timestamp(6) without time zone NOT NULL,
    document_cadre text,
    document_plan_travail text,
    general_objective text,
    results text,
    specific_objective text,
    year_end text,
    year_start text,
    project_identity_id bigint
);


ALTER TABLE public.project_logic OWNER TO root;

--
-- Name: project_logic_id_seq; Type: SEQUENCE; Schema: public; Owner: root
--

ALTER TABLE public.project_logic ALTER COLUMN id ADD GENERATED BY DEFAULT AS IDENTITY (
    SEQUENCE NAME public.project_logic_id_seq
    START WITH 1
    INCREMENT BY 1
    NO MINVALUE
    NO MAXVALUE
    CACHE 1
);


--
-- Name: project_plan; Type: TABLE; Schema: public; Owner: root
--

CREATE TABLE public.project_plan (
    id bigint NOT NULL,
    created_at timestamp(6) without time zone NOT NULL,
    updated_at timestamp(6) without time zone NOT NULL,
    cout_dinars bigint,
    cout_totale bigint,
    montant_annuel bigint,
    observation character varying(255),
    taux_echange bigint,
    project_identity_id bigint
);


ALTER TABLE public.project_plan OWNER TO root;

--
-- Name: project_plan_id_seq; Type: SEQUENCE; Schema: public; Owner: root
--

ALTER TABLE public.project_plan ALTER COLUMN id ADD GENERATED BY DEFAULT AS IDENTITY (
    SEQUENCE NAME public.project_plan_id_seq
    START WITH 1
    INCREMENT BY 1
    NO MINVALUE
    NO MAXVALUE
    CACHE 1
);


--
-- Name: project_risk; Type: TABLE; Schema: public; Owner: root
--

CREATE TABLE public.project_risk (
    id bigint NOT NULL,
    created_at timestamp(6) without time zone NOT NULL,
    updated_at timestamp(6) without time zone NOT NULL,
    description text,
    gravity character varying(1500),
    mitigation character varying(1500),
    name character varying(1500),
    probability character varying(1500),
    category_risk_id bigint,
    project_identity_id bigint
);


ALTER TABLE public.project_risk OWNER TO root;

--
-- Name: project_risk_id_seq; Type: SEQUENCE; Schema: public; Owner: root
--

ALTER TABLE public.project_risk ALTER COLUMN id ADD GENERATED BY DEFAULT AS IDENTITY (
    SEQUENCE NAME public.project_risk_id_seq
    START WITH 1
    INCREMENT BY 1
    NO MINVALUE
    NO MAXVALUE
    CACHE 1
);


--
-- Name: project_scale; Type: TABLE; Schema: public; Owner: root
--

CREATE TABLE public.project_scale (
    id bigint NOT NULL,
    created_at timestamp(6) without time zone NOT NULL,
    updated_at timestamp(6) without time zone NOT NULL,
    description character varying(255),
    is_active boolean,
    maximum_budget bigint NOT NULL,
    minimum_budget bigint NOT NULL,
    name character varying(255) NOT NULL,
    project_identity_id bigint
);


ALTER TABLE public.project_scale OWNER TO root;

--
-- Name: project_scale_id_seq; Type: SEQUENCE; Schema: public; Owner: root
--

ALTER TABLE public.project_scale ALTER COLUMN id ADD GENERATED BY DEFAULT AS IDENTITY (
    SEQUENCE NAME public.project_scale_id_seq
    START WITH 1
    INCREMENT BY 1
    NO MINVALUE
    NO MAXVALUE
    CACHE 1
);


--
-- Name: project_scale_study; Type: TABLE; Schema: public; Owner: root
--

CREATE TABLE public.project_scale_study (
    project_scale_id bigint NOT NULL,
    study_id bigint NOT NULL
);


ALTER TABLE public.project_scale_study OWNER TO root;

--
-- Name: project_strategy; Type: TABLE; Schema: public; Owner: root
--

CREATE TABLE public.project_strategy (
    id bigint NOT NULL,
    created_at timestamp(6) without time zone NOT NULL,
    updated_at timestamp(6) without time zone NOT NULL,
    description text,
    objective text,
    local_pnd text,
    politique_axe character varying(255),
    politique_name character varying(255),
    reference text,
    terrority text,
    pnd_id bigint,
    pnd_axis_id bigint,
    project_identity_id bigint
);


ALTER TABLE public.project_strategy OWNER TO root;

--
-- Name: project_strategy_id_seq; Type: SEQUENCE; Schema: public; Owner: root
--

ALTER TABLE public.project_strategy ALTER COLUMN id ADD GENERATED BY DEFAULT AS IDENTITY (
    SEQUENCE NAME public.project_strategy_id_seq
    START WITH 1
    INCREMENT BY 1
    NO MINVALUE
    NO MAXVALUE
    CACHE 1
);


--
-- Name: project_study; Type: TABLE; Schema: public; Owner: root
--

CREATE TABLE public.project_study (
    id bigint NOT NULL,
    created_at timestamp(6) without time zone NOT NULL,
    updated_at timestamp(6) without time zone NOT NULL,
    project_identity_id bigint
);


ALTER TABLE public.project_study OWNER TO root;

--
-- Name: project_study_id_seq; Type: SEQUENCE; Schema: public; Owner: root
--

ALTER TABLE public.project_study ALTER COLUMN id ADD GENERATED BY DEFAULT AS IDENTITY (
    SEQUENCE NAME public.project_study_id_seq
    START WITH 1
    INCREMENT BY 1
    NO MINVALUE
    NO MAXVALUE
    CACHE 1
);


--
-- Name: project_validation; Type: TABLE; Schema: public; Owner: root
--

CREATE TABLE public.project_validation (
    id bigint NOT NULL,
    created_at timestamp(6) without time zone NOT NULL,
    updated_at timestamp(6) without time zone NOT NULL,
    additional_information character varying(255),
    author character varying(255),
    document_name character varying(255),
    submission_date date,
    project_id bigint
);


ALTER TABLE public.project_validation OWNER TO root;

--
-- Name: project_validation_id_seq; Type: SEQUENCE; Schema: public; Owner: root
--

ALTER TABLE public.project_validation ALTER COLUMN id ADD GENERATED BY DEFAULT AS IDENTITY (
    SEQUENCE NAME public.project_validation_id_seq
    START WITH 1
    INCREMENT BY 1
    NO MINVALUE
    NO MAXVALUE
    CACHE 1
);


--
-- Name: project_zone; Type: TABLE; Schema: public; Owner: root
--

CREATE TABLE public.project_zone (
    id bigint NOT NULL,
    created_at timestamp(6) without time zone NOT NULL,
    updated_at timestamp(6) without time zone NOT NULL,
    fonction_statut character varying(255),
    justification character varying(255),
    observation character varying(255),
    project_identity_id bigint
);


ALTER TABLE public.project_zone OWNER TO root;

--
-- Name: project_zone_deanship; Type: TABLE; Schema: public; Owner: root
--

CREATE TABLE public.project_zone_deanship (
    project_zone_id bigint NOT NULL,
    deanship_id bigint NOT NULL
);


ALTER TABLE public.project_zone_deanship OWNER TO root;

--
-- Name: project_zone_delegation; Type: TABLE; Schema: public; Owner: root
--

CREATE TABLE public.project_zone_delegation (
    project_zone_id bigint NOT NULL,
    delegation_id bigint NOT NULL
);


ALTER TABLE public.project_zone_delegation OWNER TO root;

--
-- Name: project_zone_district; Type: TABLE; Schema: public; Owner: root
--

CREATE TABLE public.project_zone_district (
    project_zone_id bigint NOT NULL,
    district_id bigint NOT NULL
);


ALTER TABLE public.project_zone_district OWNER TO root;

--
-- Name: project_zone_governorate; Type: TABLE; Schema: public; Owner: root
--

CREATE TABLE public.project_zone_governorate (
    project_zone_id bigint NOT NULL,
    governorate_id bigint NOT NULL
);


ALTER TABLE public.project_zone_governorate OWNER TO root;

--
-- Name: project_zone_id_seq; Type: SEQUENCE; Schema: public; Owner: root
--

ALTER TABLE public.project_zone ALTER COLUMN id ADD GENERATED BY DEFAULT AS IDENTITY (
    SEQUENCE NAME public.project_zone_id_seq
    START WITH 1
    INCREMENT BY 1
    NO MINVALUE
    NO MAXVALUE
    CACHE 1
);


--
-- Name: projects; Type: TABLE; Schema: public; Owner: root
--

CREATE TABLE public.projects (
    id bigint NOT NULL,
    created_at timestamp(6) without time zone NOT NULL,
    updated_at timestamp(6) without time zone NOT NULL,
    is_active boolean,
    observation text,
    simep_code text,
    simep_date date,
    status boolean
);


ALTER TABLE public.projects OWNER TO root;

--
-- Name: projects_id_seq; Type: SEQUENCE; Schema: public; Owner: root
--

ALTER TABLE public.projects ALTER COLUMN id ADD GENERATED BY DEFAULT AS IDENTITY (
    SEQUENCE NAME public.projects_id_seq
    START WITH 1
    INCREMENT BY 1
    NO MINVALUE
    NO MAXVALUE
    CACHE 1
);


--
-- Name: response_admin_evaluation_component; Type: TABLE; Schema: public; Owner: root
--

CREATE TABLE public.response_admin_evaluation_component (
    id bigint NOT NULL,
    created_at timestamp(6) without time zone NOT NULL,
    updated_at timestamp(6) without time zone NOT NULL,
    admin_component_score double precision,
    original_component_score double precision,
    admin_evaluation_response_id bigint,
    component_id bigint,
    original_component_response_id bigint
);


ALTER TABLE public.response_admin_evaluation_component OWNER TO root;

--
-- Name: response_admin_evaluation_component_id_seq; Type: SEQUENCE; Schema: public; Owner: root
--

ALTER TABLE public.response_admin_evaluation_component ALTER COLUMN id ADD GENERATED BY DEFAULT AS IDENTITY (
    SEQUENCE NAME public.response_admin_evaluation_component_id_seq
    START WITH 1
    INCREMENT BY 1
    NO MINVALUE
    NO MAXVALUE
    CACHE 1
);


--
-- Name: response_admin_evaluation_criteria; Type: TABLE; Schema: public; Owner: root
--

CREATE TABLE public.response_admin_evaluation_criteria (
    id bigint NOT NULL,
    created_at timestamp(6) without time zone NOT NULL,
    updated_at timestamp(6) without time zone NOT NULL,
    admin_criteria_score double precision,
    original_criteria_score double precision,
    criteria_id bigint,
    original_criteria_response_id bigint,
    response_admin_evaluation_component_id bigint
);


ALTER TABLE public.response_admin_evaluation_criteria OWNER TO root;

--
-- Name: response_admin_evaluation_criteria_id_seq; Type: SEQUENCE; Schema: public; Owner: root
--

ALTER TABLE public.response_admin_evaluation_criteria ALTER COLUMN id ADD GENERATED BY DEFAULT AS IDENTITY (
    SEQUENCE NAME public.response_admin_evaluation_criteria_id_seq
    START WITH 1
    INCREMENT BY 1
    NO MINVALUE
    NO MAXVALUE
    CACHE 1
);


--
-- Name: response_admin_evaluation_indicator; Type: TABLE; Schema: public; Owner: root
--

CREATE TABLE public.response_admin_evaluation_indicator (
    id bigint NOT NULL,
    created_at timestamp(6) without time zone NOT NULL,
    updated_at timestamp(6) without time zone NOT NULL,
    admin_comment text,
    admin_justification text,
    admin_score double precision,
    admin_selected_norme character varying(1500),
    admin_weighted_score double precision,
    indicator_id bigint,
    original_indicator_response_id bigint,
    reference_study_id bigint,
    response_admin_evaluation_criteria_id bigint,
    reference_study_for_project_id bigint
);


ALTER TABLE public.response_admin_evaluation_indicator OWNER TO root;

--
-- Name: response_admin_evaluation_indicator_id_seq; Type: SEQUENCE; Schema: public; Owner: root
--

ALTER TABLE public.response_admin_evaluation_indicator ALTER COLUMN id ADD GENERATED BY DEFAULT AS IDENTITY (
    SEQUENCE NAME public.response_admin_evaluation_indicator_id_seq
    START WITH 1
    INCREMENT BY 1
    NO MINVALUE
    NO MAXVALUE
    CACHE 1
);


--
-- Name: response_evaluation_component; Type: TABLE; Schema: public; Owner: root
--

CREATE TABLE public.response_evaluation_component (
    id bigint NOT NULL,
    created_at timestamp(6) without time zone NOT NULL,
    updated_at timestamp(6) without time zone NOT NULL,
    component_id bigint NOT NULL,
    project_evaluation_id bigint NOT NULL
);


ALTER TABLE public.response_evaluation_component OWNER TO root;

--
-- Name: response_evaluation_component_id_seq; Type: SEQUENCE; Schema: public; Owner: root
--

ALTER TABLE public.response_evaluation_component ALTER COLUMN id ADD GENERATED BY DEFAULT AS IDENTITY (
    SEQUENCE NAME public.response_evaluation_component_id_seq
    START WITH 1
    INCREMENT BY 1
    NO MINVALUE
    NO MAXVALUE
    CACHE 1
);


--
-- Name: response_evaluation_criteria; Type: TABLE; Schema: public; Owner: root
--

CREATE TABLE public.response_evaluation_criteria (
    id bigint NOT NULL,
    created_at timestamp(6) without time zone NOT NULL,
    updated_at timestamp(6) without time zone NOT NULL,
    criteria_id bigint NOT NULL,
    component_evaluation_id bigint NOT NULL
);


ALTER TABLE public.response_evaluation_criteria OWNER TO root;

--
-- Name: response_evaluation_criteria_id_seq; Type: SEQUENCE; Schema: public; Owner: root
--

ALTER TABLE public.response_evaluation_criteria ALTER COLUMN id ADD GENERATED BY DEFAULT AS IDENTITY (
    SEQUENCE NAME public.response_evaluation_criteria_id_seq
    START WITH 1
    INCREMENT BY 1
    NO MINVALUE
    NO MAXVALUE
    CACHE 1
);


--
-- Name: response_evaluation_indicator; Type: TABLE; Schema: public; Owner: root
--

CREATE TABLE public.response_evaluation_indicator (
    id bigint NOT NULL,
    created_at timestamp(6) without time zone NOT NULL,
    updated_at timestamp(6) without time zone NOT NULL,
    comment text,
    justification text,
    score double precision,
    selected_norme character varying(1500),
    score_poondere double precision,
    indicator_id bigint NOT NULL,
    reference_study_id bigint,
    criteria_evaluation_id bigint NOT NULL,
    reference_study_for_project_id bigint
);


ALTER TABLE public.response_evaluation_indicator OWNER TO root;

--
-- Name: response_evaluation_indicator_id_seq; Type: SEQUENCE; Schema: public; Owner: root
--

ALTER TABLE public.response_evaluation_indicator ALTER COLUMN id ADD GENERATED BY DEFAULT AS IDENTITY (
    SEQUENCE NAME public.response_evaluation_indicator_id_seq
    START WITH 1
    INCREMENT BY 1
    NO MINVALUE
    NO MAXVALUE
    CACHE 1
);


--
-- Name: role_access; Type: TABLE; Schema: public; Owner: root
--

CREATE TABLE public.role_access (
    id bigint NOT NULL,
    created_at timestamp(6) without time zone NOT NULL,
    updated_at timestamp(6) without time zone NOT NULL,
    access_id bigint NOT NULL,
    role_id bigint NOT NULL
);


ALTER TABLE public.role_access OWNER TO root;

--
-- Name: role_access_id_seq; Type: SEQUENCE; Schema: public; Owner: root
--

ALTER TABLE public.role_access ALTER COLUMN id ADD GENERATED BY DEFAULT AS IDENTITY (
    SEQUENCE NAME public.role_access_id_seq
    START WITH 1
    INCREMENT BY 1
    NO MINVALUE
    NO MAXVALUE
    CACHE 1
);


--
-- Name: role_assignable_roles; Type: TABLE; Schema: public; Owner: root
--

CREATE TABLE public.role_assignable_roles (
    id bigint NOT NULL,
    created_at timestamp(6) without time zone NOT NULL,
    updated_at timestamp(6) without time zone NOT NULL,
    assignable_role_id bigint NOT NULL,
    role_id bigint NOT NULL
);


ALTER TABLE public.role_assignable_roles OWNER TO root;

--
-- Name: role_assignable_roles_id_seq; Type: SEQUENCE; Schema: public; Owner: root
--

ALTER TABLE public.role_assignable_roles ALTER COLUMN id ADD GENERATED BY DEFAULT AS IDENTITY (
    SEQUENCE NAME public.role_assignable_roles_id_seq
    START WITH 1
    INCREMENT BY 1
    NO MINVALUE
    NO MAXVALUE
    CACHE 1
);


--
-- Name: role_permission; Type: TABLE; Schema: public; Owner: root
--

CREATE TABLE public.role_permission (
    id bigint NOT NULL,
    created_at timestamp(6) without time zone NOT NULL,
    updated_at timestamp(6) without time zone NOT NULL,
    permission_id bigint NOT NULL,
    role_id bigint NOT NULL
);


ALTER TABLE public.role_permission OWNER TO root;

--
-- Name: role_permission_id_seq; Type: SEQUENCE; Schema: public; Owner: root
--

ALTER TABLE public.role_permission ALTER COLUMN id ADD GENERATED BY DEFAULT AS IDENTITY (
    SEQUENCE NAME public.role_permission_id_seq
    START WITH 1
    INCREMENT BY 1
    NO MINVALUE
    NO MAXVALUE
    CACHE 1
);


--
-- Name: roles; Type: TABLE; Schema: public; Owner: root
--

CREATE TABLE public.roles (
    id bigint NOT NULL,
    created_at timestamp(6) without time zone NOT NULL,
    updated_at timestamp(6) without time zone NOT NULL,
    description text,
    is_active boolean NOT NULL,
    name character varying(50) NOT NULL,
    created_by bigint
);


ALTER TABLE public.roles OWNER TO root;

--
-- Name: roles_id_seq; Type: SEQUENCE; Schema: public; Owner: root
--

ALTER TABLE public.roles ALTER COLUMN id ADD GENERATED BY DEFAULT AS IDENTITY (
    SEQUENCE NAME public.roles_id_seq
    START WITH 1
    INCREMENT BY 1
    NO MINVALUE
    NO MAXVALUE
    CACHE 1
);


--
-- Name: rubrique; Type: TABLE; Schema: public; Owner: root
--

CREATE TABLE public.rubrique (
    id bigint NOT NULL,
    created_at timestamp(6) without time zone NOT NULL,
    updated_at timestamp(6) without time zone NOT NULL,
    amount bigint,
    name character varying(255),
    project_plan_id bigint NOT NULL
);


ALTER TABLE public.rubrique OWNER TO root;

--
-- Name: rubrique_id_seq; Type: SEQUENCE; Schema: public; Owner: root
--

ALTER TABLE public.rubrique ALTER COLUMN id ADD GENERATED BY DEFAULT AS IDENTITY (
    SEQUENCE NAME public.rubrique_id_seq
    START WITH 1
    INCREMENT BY 1
    NO MINVALUE
    NO MAXVALUE
    CACHE 1
);


--
-- Name: secteur; Type: TABLE; Schema: public; Owner: root
--

CREATE TABLE public.secteur (
    id bigint NOT NULL,
    created_at timestamp(6) without time zone NOT NULL,
    updated_at timestamp(6) without time zone NOT NULL,
    code character varying(50) NOT NULL,
    description text,
    title character varying(255) NOT NULL,
    nomenclature_id bigint NOT NULL
);


ALTER TABLE public.secteur OWNER TO root;

--
-- Name: secteur_bonus; Type: TABLE; Schema: public; Owner: root
--

CREATE TABLE public.secteur_bonus (
    id bigint NOT NULL,
    created_at timestamp(6) without time zone NOT NULL,
    updated_at timestamp(6) without time zone NOT NULL,
    bonus_percentage double precision NOT NULL,
    comment text,
    classification_id bigint NOT NULL,
    secteur_id bigint NOT NULL
);


ALTER TABLE public.secteur_bonus OWNER TO root;

--
-- Name: secteur_bonus_id_seq; Type: SEQUENCE; Schema: public; Owner: root
--

ALTER TABLE public.secteur_bonus ALTER COLUMN id ADD GENERATED BY DEFAULT AS IDENTITY (
    SEQUENCE NAME public.secteur_bonus_id_seq
    START WITH 1
    INCREMENT BY 1
    NO MINVALUE
    NO MAXVALUE
    CACHE 1
);


--
-- Name: secteur_id_seq; Type: SEQUENCE; Schema: public; Owner: root
--

ALTER TABLE public.secteur ALTER COLUMN id ADD GENERATED BY DEFAULT AS IDENTITY (
    SEQUENCE NAME public.secteur_id_seq
    START WITH 1
    INCREMENT BY 1
    NO MINVALUE
    NO MAXVALUE
    CACHE 1
);


--
-- Name: secteur_minister; Type: TABLE; Schema: public; Owner: root
--

CREATE TABLE public.secteur_minister (
    secteur_id bigint NOT NULL,
    minister_id bigint NOT NULL
);


ALTER TABLE public.secteur_minister OWNER TO root;

--
-- Name: sector; Type: TABLE; Schema: public; Owner: root
--

CREATE TABLE public.sector (
    id bigint NOT NULL,
    created_at timestamp(6) without time zone NOT NULL,
    updated_at timestamp(6) without time zone NOT NULL,
    code character varying(255),
    description text,
    is_active boolean,
    name character varying(255) NOT NULL
);


ALTER TABLE public.sector OWNER TO root;

--
-- Name: sector_id_seq; Type: SEQUENCE; Schema: public; Owner: root
--

ALTER TABLE public.sector ALTER COLUMN id ADD GENERATED BY DEFAULT AS IDENTITY (
    SEQUENCE NAME public.sector_id_seq
    START WITH 1
    INCREMENT BY 1
    NO MINVALUE
    NO MAXVALUE
    CACHE 1
);


--
-- Name: stakeholder; Type: TABLE; Schema: public; Owner: root
--

CREATE TABLE public.stakeholder (
    id bigint NOT NULL,
    created_at timestamp(6) without time zone NOT NULL,
    updated_at timestamp(6) without time zone NOT NULL,
    description text,
    name character varying(255) NOT NULL,
    type text,
    project_zone_id bigint NOT NULL
);


ALTER TABLE public.stakeholder OWNER TO root;

--
-- Name: stakeholder_id_seq; Type: SEQUENCE; Schema: public; Owner: root
--

ALTER TABLE public.stakeholder ALTER COLUMN id ADD GENERATED BY DEFAULT AS IDENTITY (
    SEQUENCE NAME public.stakeholder_id_seq
    START WITH 1
    INCREMENT BY 1
    NO MINVALUE
    NO MAXVALUE
    CACHE 1
);


--
-- Name: strategy; Type: TABLE; Schema: public; Owner: root
--

CREATE TABLE public.strategy (
    id bigint NOT NULL,
    created_at timestamp(6) without time zone NOT NULL,
    updated_at timestamp(6) without time zone NOT NULL,
    code character varying(255),
    description text,
    is_active boolean,
    name character varying(255) NOT NULL
);


ALTER TABLE public.strategy OWNER TO root;

--
-- Name: strategy_axis; Type: TABLE; Schema: public; Owner: root
--

CREATE TABLE public.strategy_axis (
    id bigint NOT NULL,
    created_at timestamp(6) without time zone NOT NULL,
    updated_at timestamp(6) without time zone NOT NULL,
    code character varying(255),
    description text,
    is_active boolean,
    name character varying(255) NOT NULL,
    strategy_id bigint NOT NULL
);


ALTER TABLE public.strategy_axis OWNER TO root;

--
-- Name: strategy_axis_id_seq; Type: SEQUENCE; Schema: public; Owner: root
--

ALTER TABLE public.strategy_axis ALTER COLUMN id ADD GENERATED BY DEFAULT AS IDENTITY (
    SEQUENCE NAME public.strategy_axis_id_seq
    START WITH 1
    INCREMENT BY 1
    NO MINVALUE
    NO MAXVALUE
    CACHE 1
);


--
-- Name: strategy_id_seq; Type: SEQUENCE; Schema: public; Owner: root
--

ALTER TABLE public.strategy ALTER COLUMN id ADD GENERATED BY DEFAULT AS IDENTITY (
    SEQUENCE NAME public.strategy_id_seq
    START WITH 1
    INCREMENT BY 1
    NO MINVALUE
    NO MAXVALUE
    CACHE 1
);


--
-- Name: study; Type: TABLE; Schema: public; Owner: root
--

CREATE TABLE public.study (
    id bigint NOT NULL,
    created_at timestamp(6) without time zone NOT NULL,
    updated_at timestamp(6) without time zone NOT NULL,
    description character varying(255),
    is_active boolean,
    name character varying(255) NOT NULL,
    realisation_date date,
    state character varying(255)
);


ALTER TABLE public.study OWNER TO root;

--
-- Name: study_for_project; Type: TABLE; Schema: public; Owner: root
--

CREATE TABLE public.study_for_project (
    id bigint NOT NULL,
    created_at timestamp(6) without time zone NOT NULL,
    updated_at timestamp(6) without time zone NOT NULL,
    description character varying(255),
    name character varying(255) NOT NULL,
    realisation_date date,
    state character varying(255),
    project_study_id bigint
);


ALTER TABLE public.study_for_project OWNER TO root;

--
-- Name: study_for_project_id_seq; Type: SEQUENCE; Schema: public; Owner: root
--

ALTER TABLE public.study_for_project ALTER COLUMN id ADD GENERATED BY DEFAULT AS IDENTITY (
    SEQUENCE NAME public.study_for_project_id_seq
    START WITH 1
    INCREMENT BY 1
    NO MINVALUE
    NO MAXVALUE
    CACHE 1
);


--
-- Name: study_id_seq; Type: SEQUENCE; Schema: public; Owner: root
--

ALTER TABLE public.study ALTER COLUMN id ADD GENERATED BY DEFAULT AS IDENTITY (
    SEQUENCE NAME public.study_id_seq
    START WITH 1
    INCREMENT BY 1
    NO MINVALUE
    NO MAXVALUE
    CACHE 1
);


--
-- Name: study_satate; Type: TABLE; Schema: public; Owner: root
--

CREATE TABLE public.study_satate (
    id bigint NOT NULL,
    created_at timestamp(6) without time zone NOT NULL,
    updated_at timestamp(6) without time zone NOT NULL,
    code character varying(255),
    description text,
    is_active boolean,
    name character varying(255) NOT NULL
);


ALTER TABLE public.study_satate OWNER TO root;

--
-- Name: study_satate_id_seq; Type: SEQUENCE; Schema: public; Owner: root
--

ALTER TABLE public.study_satate ALTER COLUMN id ADD GENERATED BY DEFAULT AS IDENTITY (
    SEQUENCE NAME public.study_satate_id_seq
    START WITH 1
    INCREMENT BY 1
    NO MINVALUE
    NO MAXVALUE
    CACHE 1
);


--
-- Name: typologies; Type: TABLE; Schema: public; Owner: root
--

CREATE TABLE public.typologies (
    id bigint NOT NULL,
    created_at timestamp(6) without time zone NOT NULL,
    updated_at timestamp(6) without time zone NOT NULL,
    code character varying(255),
    description text,
    is_active boolean,
    name character varying(255) NOT NULL
);


ALTER TABLE public.typologies OWNER TO root;

--
-- Name: typologies_id_seq; Type: SEQUENCE; Schema: public; Owner: root
--

ALTER TABLE public.typologies ALTER COLUMN id ADD GENERATED BY DEFAULT AS IDENTITY (
    SEQUENCE NAME public.typologies_id_seq
    START WITH 1
    INCREMENT BY 1
    NO MINVALUE
    NO MAXVALUE
    CACHE 1
);


--
-- Name: user_reference_ministries; Type: TABLE; Schema: public; Owner: root
--

CREATE TABLE public.user_reference_ministries (
    user_id bigint NOT NULL,
    minister_id bigint NOT NULL
);


ALTER TABLE public.user_reference_ministries OWNER TO root;

--
-- Name: user_roles; Type: TABLE; Schema: public; Owner: root
--

CREATE TABLE public.user_roles (
    id bigint NOT NULL,
    created_at timestamp(6) without time zone NOT NULL,
    updated_at timestamp(6) without time zone NOT NULL,
    role_id bigint NOT NULL,
    user_id bigint NOT NULL
);


ALTER TABLE public.user_roles OWNER TO root;

--
-- Name: user_roles_id_seq; Type: SEQUENCE; Schema: public; Owner: root
--

ALTER TABLE public.user_roles ALTER COLUMN id ADD GENERATED BY DEFAULT AS IDENTITY (
    SEQUENCE NAME public.user_roles_id_seq
    START WITH 1
    INCREMENT BY 1
    NO MINVALUE
    NO MAXVALUE
    CACHE 1
);


--
-- Name: users; Type: TABLE; Schema: public; Owner: root
--

CREATE TABLE public.users (
    id bigint NOT NULL,
    created_at timestamp(6) without time zone NOT NULL,
    updated_at timestamp(6) without time zone NOT NULL,
    account_non_locked boolean,
    credentials_non_expired boolean,
    email character varying(255) NOT NULL,
    enabled boolean,
    firstname character varying(50) NOT NULL,
    is_account_non_expired boolean,
    lastname character varying(50) NOT NULL,
    password character varying(60) NOT NULL,
    username character varying(50) NOT NULL,
    ministry_access_type character varying(255),
    ministry_id bigint,
    CONSTRAINT users_ministry_access_type_check CHECK (((ministry_access_type)::text = ANY ((ARRAY['ALL_MINISTRIES'::character varying, 'OWN_MINISTRY'::character varying, 'REFERENCE_MINISTRIES'::character varying])::text[])))
);


ALTER TABLE public.users OWNER TO root;

--
-- Name: users_id_seq; Type: SEQUENCE; Schema: public; Owner: root
--

ALTER TABLE public.users ALTER COLUMN id ADD GENERATED BY DEFAULT AS IDENTITY (
    SEQUENCE NAME public.users_id_seq
    START WITH 1
    INCREMENT BY 1
    NO MINVALUE
    NO MAXVALUE
    CACHE 1
);


--
-- Data for Name: access; Type: TABLE DATA; Schema: public; Owner: root
--

COPY public.access (id, created_at, updated_at, description, is_active, name, value) FROM stdin;
1	2025-01-09 23:23:47.589	2025-01-09 23:23:47.589	acess	t	user liste	user_list
2	2025-01-09 23:24:15.82	2025-01-09 23:24:15.82	acess	t	user create	user_create
3	2025-01-10 00:18:04.148	2025-01-10 00:18:04.148	acess	t	user delete	user_delete
4	2025-01-10 00:18:12.001	2025-01-10 00:18:12.001	acess	t	user update	user_update
5	2025-04-27 22:31:50.349	2025-04-27 22:33:01.588	FP create	t	Ajouter une fiche Projet	fp_create
6	2025-04-27 22:33:50.795	2025-04-27 22:33:50.795	FP update	t	Modifier une fiche Projet	fp_update
7	2025-04-27 22:34:16.269	2025-04-27 22:34:16.269	FP validate	t	Valider une fiche Projet	fp_validate
8	2025-04-27 22:34:34.098	2025-04-27 22:34:34.098	FP consult	t	Consulter une fiche Projet	fp_consult
9	2025-04-27 22:34:49.451	2025-04-27 22:34:49.451	FP archiver	t	archiver une fiche Projet	fp_archive
10	2025-04-27 22:35:12.982	2025-04-27 22:35:12.982	FP finaliser	t	finaliser une fiche Projet	fp_finalise
11	2025-04-28 01:42:05.228	2025-04-28 01:42:05.228	admissibilité grid create	t	Ajouter une grille d'admissibilité	admissibility_grid_create
12	2025-04-28 01:42:16.739	2025-04-28 01:42:16.739	admissibilité grid update	t	Modifier une grille d'admissibilité	admissibility_grid_update
13	2025-04-28 01:42:33.413	2025-04-28 01:42:33.413	admissibilité grid delete	t	Supprimer une grille d'admissibilité	admissibility_grid_delete
14	2025-04-28 01:42:44.438	2025-04-28 01:42:44.438	admissibilité grid consult	t	Consulter une grille d'admissibilité	admissibility_grid_consult
15	2025-04-28 01:43:09.111	2025-04-28 01:43:09.111	admissibilité grid activate	t	Activer une grille d'admissibilité	admissibility_grid_activate
16	2025-04-28 01:55:54.794	2025-04-28 01:55:54.794	evaluation grid create	t	Ajouter une grille d'evaluation	evaluation_grid_create
17	2025-04-28 01:56:10.31	2025-04-28 01:56:10.31	evaluation grid update	t	Modifier une grille d'evaluation	evaluation_grid_update
18	2025-04-28 01:56:22.234	2025-04-28 01:56:22.234	evaluation grid delete	t	Supprimer une grille d'evaluation	evaluation_grid_delete
19	2025-04-28 01:56:38.071	2025-04-28 01:56:38.071	evaluation grid Consult	t	Consulter une grille d'evaluation	evaluation_grid_consult
20	2025-04-28 01:56:51.356	2025-04-28 01:56:51.356	evaluation grid active	t	Activer une grille d'evaluation	evaluation_grid_activate
21	2025-04-28 02:05:21.87	2025-04-28 02:05:21.87	Nomenclature  create	t	Ajouter Nomenclature	nomenclature_create
22	2025-04-28 02:05:40.084	2025-04-28 02:05:40.084	Nomenclature  modifier	t	Modifer Nomenclature	nomenclature_modify
23	2025-04-28 02:05:52.427	2025-04-28 02:05:52.427	Nomenclature  Consult	t	Consulter Nomenclature	nomenclature_consult
24	2025-04-28 02:06:02.497	2025-04-28 02:06:02.497	Nomenclature  delete	t	Supprimer Nomenclature	nomenclature_delete
25	2025-04-28 02:26:33.679	2025-04-28 02:26:57.007	eligibility  submit	t	Soumettre à l'éligibilité	eligibility_submit
26	2025-04-28 02:28:44.714	2025-04-28 02:28:44.714	derrogation  submit	t	Demander une derrogation	derrogation_submit
27	2025-04-28 02:31:36.528	2025-04-28 02:31:36.528	auto-evluation  consult	t	Consulter l'auto évaluation sectorielle	auto_evaluation_consult
28	2025-04-28 02:31:54.792	2025-04-28 02:31:54.792	auto-evluation  create	t	Ajouter une auto évaluation sectorielle	auto_evaluation_create
29	2025-04-28 02:32:13.052	2025-04-28 02:32:13.052	auto-evluation  update	t	Modifier une auto évaluation sectorielle	auto_evaluation_update
30	2025-04-28 02:32:28.454	2025-04-28 02:32:28.454	auto-evluation  delete	t	Supprimer une auto évaluation sectorielle	auto_evaluation_delete
31	2025-04-28 02:32:53.658	2025-04-28 02:32:53.658	auto-evluation  validate	t	Valider une auto évaluation sectorielle	auto_evaluation_validate
32	2025-04-28 03:06:29.009	2025-04-28 03:22:47.738	evluation create	t	Ajouter une évaluation centrale	centrale_evaluation_create
33	2025-04-28 03:06:53.655	2025-04-28 03:20:50.766	evluation delete	t	Supprimer une évaluation centrale	centrale_evaluation_delete
34	2025-04-28 03:07:05.836	2025-04-28 03:27:19.966	evluation consult	t	Consulter une évaluation centrale	centrale_evaluation_consult
35	2025-04-28 03:24:08.512	2025-04-28 03:24:08.512	evluation update	t	Modifier une évaluation centrale	centrale_evaluation_update
36	2025-04-28 03:28:57.07	2025-04-28 03:28:57.07	evluation validate	t	Vailder une évaluation centrale	centrale_evaluation_validate
37	2025-04-28 03:31:00.786	2025-04-28 03:31:00.786	derrogation accept	t	Accepter ou rejeter une derrogation	derrogation_accept_reject
38	2025-04-28 03:35:48.655	2025-04-28 03:35:48.655	acess	t	role consult	role_consult
39	2025-04-28 03:35:55.226	2025-04-28 03:35:55.226	acess	t	role create	role_create
40	2025-04-28 03:36:00.539	2025-04-28 03:36:00.539	acess	t	role delete	role_delete
41	2025-04-28 03:36:09.549	2025-04-28 03:36:09.549	acess	t	role update	role_update
42	2025-04-28 03:36:22.864	2025-04-28 03:36:22.864	acess	t	role assign	role_assign
43	2025-04-28 03:36:40.033	2025-04-28 03:36:40.033	acess	t	role accee	role_acess
\.


--
-- Data for Name: activity; Type: TABLE DATA; Schema: public; Owner: root
--

COPY public.activity (id, created_at, updated_at, description, name, component_id) FROM stdin;
\.


--
-- Data for Name: admin_evaluation_response; Type: TABLE DATA; Schema: public; Owner: root
--

COPY public.admin_evaluation_response (id, created_at, updated_at, admin_global_score, evaluation_date, is_active, original_global_score, grid_id, original_evaluation_id, project_id) FROM stdin;
2	2025-04-24 12:31:45.601	2025-04-24 12:31:45.601	\N	2025-04-24 12:31:47.065	t	\N	3	1	2
3	2025-06-27 08:58:18.538	2025-06-27 08:59:54.128	\N	2025-06-27 08:59:09.585	t	\N	3	3	9
4	2025-06-27 09:54:49.522	2025-06-27 13:18:02.342	\N	2025-06-27 13:18:02.104	t	\N	3	4	13
5	2025-07-01 10:57:42.698	2025-07-01 10:57:42.698	\N	2025-07-01 10:57:43.677	t	\N	3	2	7
6	2025-07-01 14:19:28.475	2025-07-01 14:20:06.806	82	2025-07-01 14:20:06.72	t	\N	3	5	17
\.


--
-- Data for Name: admissibility_criteria; Type: TABLE DATA; Schema: public; Owner: root
--

COPY public.admissibility_criteria (id, created_at, updated_at, description, is_active, name, requirement_level, admissibility_grid_id) FROM stdin;
1	2025-04-24 12:08:35.002	2025-04-24 12:08:35.002	L'ensemble de études exigées doivent être réalisées ou actualisées avant le passage à l'étape de l'évaluation. 	t	Disponibilité des études exigées ? 	oui	1
2	2025-04-24 12:08:35.002	2025-04-24 12:08:35.002	La disponibilité du foncier est indispensable pour la réalisation du projet. 	t	Libération de l'emprise foncière ? 	oui	1
3	2025-04-24 12:08:35.002	2025-04-24 12:08:35.002	Autre critère	t	Autre critère	encours	1
4	2025-04-24 12:18:13.766	2025-04-24 12:18:13.766	L'ensemble de études exigées doivent être réalisées ou actualisées avant le passage à l'étape de l'évaluation. 	t	Disponibilité des études exigées ? 	oui	2
5	2025-04-24 12:18:13.767	2025-04-24 12:18:13.767	La disponibilité du foncier est indispensable pour la réalisation du projet. 	t	Libération de l'emprise foncière ? 	oui	2
6	2025-04-24 12:18:13.768	2025-04-24 12:18:13.768	Autre critère	t	Autre critère	encours	2
7	2025-05-22 10:58:09.351	2025-05-22 10:58:09.351	L'ensemble de études exigées doivent être réalisées ou actualisées avant le passage à l'étape de l'évaluation. 	t	Disponibilité des études exigées ? 	oui	3
8	2025-05-22 10:58:09.351	2025-05-22 10:58:09.351	La disponibilité du foncier est indispensable pour la réalisation du projet. 	t	Libération de l'emprise foncière ? 	oui	3
9	2025-05-22 10:58:09.351	2025-05-22 10:58:09.351	Autre critère	t	Inscription au PND	encours	3
10	2025-05-30 11:52:06.978	2025-05-30 11:52:06.978	L'ensemble de études exigées doivent être réalisées ou actualisées avant le passage à l'étape de l'évaluation. 	t	Disponibilité des études exigées ? 	oui	4
11	2025-05-30 11:52:06.98	2025-05-30 11:52:06.98	La disponibilité du foncier est indispensable pour la réalisation du projet. 	t	Libération de l'emprise foncière ? 	oui	4
12	2025-05-30 11:52:06.982	2025-05-30 11:52:06.982	Autre critère	t	Inscription au PND	encours	4
13	2025-06-05 09:58:46.719	2025-06-05 09:58:46.719	L'ensemble de études exigées doivent être réalisées ou actualisées avant le passage à l'étape de l'évaluation. 	t	Disponibilité des études exigées ? 	oui	5
14	2025-06-05 09:58:46.72	2025-06-05 09:58:46.72	La disponibilité du foncier est indispensable pour la réalisation du projet. 	t	Libération de l'emprise foncière ? 	oui	5
15	2025-06-05 09:58:46.721	2025-06-05 09:58:46.721	Autre critère	t	Inscription au PND	encours	5
16	2025-06-24 09:27:04.004	2025-06-24 09:27:04.004	L'ensemble de études exigées doivent être réalisées ou actualisées avant le passage à l'étape de l'évaluation. 	t	Disponibilité des études exigées ? 	oui	6
17	2025-06-24 09:27:04.005	2025-06-24 09:27:04.005	La disponibilité du foncier est indispensable pour la réalisation du projet. 	t	Libération de l'emprise foncière ? 	oui	6
18	2025-06-24 09:27:04.005	2025-06-24 09:27:04.005	Autre critère	t	Inscription au PND	encours	6
19	2025-06-24 10:30:10.528	2025-06-24 10:30:10.528	L'ensemble de études exigées doivent être réalisées ou actualisées avant le passage à l'étape de l'évaluation. 	t	Disponibilité des études exigées ? 	oui	7
20	2025-06-24 10:30:10.529	2025-06-24 10:30:10.529	La disponibilité du foncier est indispensable pour la réalisation du projet. 	t	Libération de l'emprise foncière ? 	oui	7
21	2025-06-24 10:30:10.529	2025-06-24 10:30:10.529	Autre critère	t	Inscription au PND	encours	7
22	2025-06-24 10:30:49.725	2025-06-24 10:30:49.725	L'ensemble de études exigées doivent être réalisées ou actualisées avant le passage à l'étape de l'évaluation. 	t	Disponibilité des études exigées ? 	oui	8
23	2025-06-24 10:30:49.727	2025-06-24 10:30:49.727	La disponibilité du foncier est indispensable pour la réalisation du projet. 	t	Libération de l'emprise foncière ? 	oui	8
24	2025-06-24 10:30:49.729	2025-06-24 10:30:49.729	Autre critère	t	Inscription au PND	encours	8
25	2025-06-24 10:31:00.978	2025-06-24 10:31:00.978	L'ensemble de études exigées doivent être réalisées ou actualisées avant le passage à l'étape de l'évaluation. 	t	Disponibilité des études exigées ? 	oui	9
26	2025-06-24 10:31:00.979	2025-06-24 10:31:00.979	La disponibilité du foncier est indispensable pour la réalisation du projet. 	t	Libération de l'emprise foncière ? 	oui	9
27	2025-06-24 10:31:00.98	2025-06-24 10:31:00.98	Autre critère	t	Inscription au PND	encours	9
28	2025-06-24 10:31:50.048	2025-06-24 10:31:50.048	L'ensemble de études exigées doivent être réalisées ou actualisées avant le passage à l'étape de l'évaluation. 	t	Disponibilité des études exigées ? 	oui	10
29	2025-06-24 10:31:50.05	2025-06-24 10:31:50.05	La disponibilité du foncier est indispensable pour la réalisation du projet. 	t	Libération de l'emprise foncière ? 	oui	10
30	2025-06-24 10:31:50.052	2025-06-24 10:31:50.052	Autre critère	t	Inscription au PND	encours	10
31	2025-06-24 10:32:12.513	2025-06-24 10:32:12.513	L'ensemble de études exigées doivent être réalisées ou actualisées avant le passage à l'étape de l'évaluation. 	t	Disponibilité des études exigées ? 	oui	11
32	2025-06-24 10:32:12.516	2025-06-24 10:32:12.516	La disponibilité du foncier est indispensable pour la réalisation du projet. 	t	Libération de l'emprise foncière ? 	oui	11
33	2025-06-24 10:32:12.517	2025-06-24 10:32:12.517	Autre critère	t	Inscription au PND	encours	11
34	2025-06-24 10:32:19.098	2025-06-24 10:32:19.098	L'ensemble de études exigées doivent être réalisées ou actualisées avant le passage à l'étape de l'évaluation. 	t	Disponibilité des études exigées ? 	oui	12
35	2025-06-24 10:32:19.099	2025-06-24 10:32:19.099	La disponibilité du foncier est indispensable pour la réalisation du projet. 	t	Libération de l'emprise foncière ? 	oui	12
36	2025-06-24 10:32:19.1	2025-06-24 10:32:19.1	Autre critère	t	Inscription au PND	encours	12
37	2025-06-27 09:29:51.147	2025-06-27 09:29:51.147	L'ensemble de études exigées doivent être réalisées ou actualisées avant le passage à l'étape de l'évaluation. 	t	Disponibilité des études exigées ? 	oui	13
38	2025-06-27 09:29:51.149	2025-06-27 09:29:51.149	La disponibilité du foncier est indispensable pour la réalisation du projet. 	t	Libération de l'emprise foncière ? 	oui	13
39	2025-06-27 09:29:51.15	2025-06-27 09:29:51.15	Autre critère	t	Inscription au PND	encours	13
40	2025-06-27 09:30:18.166	2025-06-27 09:30:18.166	L'ensemble de études exigées doivent être réalisées ou actualisées avant le passage à l'étape de l'évaluation. 	t	Disponibilité des études exigées ? 	oui	14
41	2025-06-27 09:30:18.166	2025-06-27 09:30:18.166	La disponibilité du foncier est indispensable pour la réalisation du projet. 	t	Libération de l'emprise foncière ? 	oui	14
42	2025-06-27 09:30:18.167	2025-06-27 09:30:18.167	Autre critère	t	Inscription au PND	encours	14
43	2025-06-27 09:33:30.052	2025-06-27 09:33:30.052	L'ensemble de études exigées doivent être réalisées ou actualisées avant le passage à l'étape de l'évaluation. 	t	Disponibilité des études exigées ? 	oui	15
44	2025-06-27 09:33:30.053	2025-06-27 09:33:30.053	La disponibilité du foncier est indispensable pour la réalisation du projet. 	t	Libération de l'emprise foncière ? 	oui	15
45	2025-06-27 09:33:30.055	2025-06-27 09:33:30.055	Autre critère	t	Inscription au PND	encours	15
46	2025-06-27 09:33:47.826	2025-06-27 09:33:47.826	L'ensemble de études exigées doivent être réalisées ou actualisées avant le passage à l'étape de l'évaluation. 	t	Disponibilité des études exigées ? 	oui	16
47	2025-06-27 09:33:47.826	2025-06-27 09:33:47.826	La disponibilité du foncier est indispensable pour la réalisation du projet. 	t	Libération de l'emprise foncière ? 	oui	16
48	2025-06-27 09:33:47.828	2025-06-27 09:33:47.828	Autre critère	t	Inscription au PND	encours	16
49	2025-06-27 09:34:52.455	2025-06-27 09:34:52.455	L'ensemble de études exigées doivent être réalisées ou actualisées avant le passage à l'étape de l'évaluation. 	t	Disponibilité des études exigées ? 	oui	17
50	2025-06-27 09:34:52.456	2025-06-27 09:34:52.456	La disponibilité du foncier est indispensable pour la réalisation du projet. 	t	Libération de l'emprise foncière ? 	oui	17
51	2025-06-27 09:34:52.457	2025-06-27 09:34:52.457	Autre critère	t	Inscription au PND	encours	17
52	2025-06-27 09:42:40.434	2025-06-27 09:42:40.434	L'ensemble de études exigées doivent être réalisées ou actualisées avant le passage à l'étape de l'évaluation. 	t	Disponibilité des études exigées ? 	oui	18
53	2025-06-27 09:42:40.435	2025-06-27 09:42:40.435	La disponibilité du foncier est indispensable pour la réalisation du projet. 	t	Libération de l'emprise foncière ? 	oui	18
54	2025-06-27 09:42:40.435	2025-06-27 09:42:40.435	Autre critère	t	Inscription au PND	encours	18
55	2025-06-27 09:43:36.783	2025-06-27 09:43:36.783	L'ensemble de études exigées doivent être réalisées ou actualisées avant le passage à l'étape de l'évaluation. 	t	Disponibilité des études exigées ? 	oui	19
56	2025-06-27 09:43:36.784	2025-06-27 09:43:36.784	La disponibilité du foncier est indispensable pour la réalisation du projet. 	t	Libération de l'emprise foncière ? 	oui	19
57	2025-06-27 09:43:36.785	2025-06-27 09:43:36.785	Autre critère	t	Inscription au PND	encours	19
58	2025-06-27 09:45:17.389	2025-06-27 09:45:17.389	L'ensemble de études exigées doivent être réalisées ou actualisées avant le passage à l'étape de l'évaluation. 	t	Disponibilité des études exigées ? 	oui	20
59	2025-06-27 09:45:17.391	2025-06-27 09:45:17.391	La disponibilité du foncier est indispensable pour la réalisation du projet. 	t	Libération de l'emprise foncière ? 	oui	20
60	2025-06-27 09:45:17.392	2025-06-27 09:45:17.392	Autre critère	t	Inscription au PND	encours	20
61	2025-06-27 09:45:31.693	2025-06-27 09:45:31.693	L'ensemble de études exigées doivent être réalisées ou actualisées avant le passage à l'étape de l'évaluation. 	t	Disponibilité des études exigées ? 	oui	21
62	2025-06-27 09:45:31.693	2025-06-27 09:45:31.693	La disponibilité du foncier est indispensable pour la réalisation du projet. 	t	Libération de l'emprise foncière ? 	oui	21
63	2025-06-27 09:45:31.694	2025-06-27 09:45:31.694	Autre critère	t	Inscription au PND	encours	21
64	2025-06-27 09:45:51.894	2025-06-27 09:45:51.894	L'ensemble de études exigées doivent être réalisées ou actualisées avant le passage à l'étape de l'évaluation. 	t	Disponibilité des études exigées ? 	oui	22
65	2025-06-27 09:45:51.895	2025-06-27 09:45:51.895	La disponibilité du foncier est indispensable pour la réalisation du projet. 	t	Libération de l'emprise foncière ? 	oui	22
66	2025-06-27 09:45:51.897	2025-06-27 09:45:51.897	Autre critère	t	Inscription au PND	encours	22
67	2025-06-27 10:23:52.316	2025-06-27 10:23:52.316	L'ensemble de études exigées doivent être réalisées ou actualisées avant le passage à l'étape de l'évaluation. 	t	Disponibilité des études exigées ? 	oui	23
68	2025-06-27 10:23:52.317	2025-06-27 10:23:52.317	La disponibilité du foncier est indispensable pour la réalisation du projet. 	t	Libération de l'emprise foncière ? 	oui	23
69	2025-06-27 10:23:52.317	2025-06-27 10:23:52.317	Autre critère	t	Inscription au PND	encours	23
70	2025-07-01 14:15:31.516	2025-07-01 14:15:31.516	L'ensemble de études exigées doivent être réalisées ou actualisées avant le passage à l'étape de l'évaluation. 	t	Disponibilité des études exigées ? 	oui	24
71	2025-07-01 14:15:31.522	2025-07-01 14:15:31.522	La disponibilité du foncier est indispensable pour la réalisation du projet. 	t	Libération de l'emprise foncière ? 	oui	24
72	2025-07-01 14:15:31.523	2025-07-01 14:15:31.523	Autre critère	t	Inscription au PND	encours	24
\.


--
-- Data for Name: admissibility_grid; Type: TABLE DATA; Schema: public; Owner: root
--

COPY public.admissibility_grid (id, created_at, updated_at, description, is_active, is_template, name, version) FROM stdin;
2	2025-04-24 12:18:13.763	2025-04-24 12:18:13.778	La grille d'admissibilité permet de s'assurer que le projet réunit les préalables pour entamer le processus de priorisation. 	f	f	Grille d'admissibilité 2025 (v1)	1
1	2025-04-24 12:08:34.998	2025-05-22 10:58:09.355	La grille d'admissibilité permet de s'assurer que le projet réunit les préalables pour entamer le processus de priorisation. 	f	t	Grille d'admissibilité 2025	1
3	2025-05-22 10:58:09.348	2025-05-22 10:58:09.355	La grille d'admissibilité permet de s'assurer que le projet réunit les préalables pour entamer le processus de priorisation. 	t	t	Grille d'admissibilité 2025	2
4	2025-05-30 11:52:06.972	2025-05-30 11:52:06.988	La grille d'admissibilité permet de s'assurer que le projet réunit les préalables pour entamer le processus de priorisation. 	f	f	Grille d'admissibilité 2025 (v2)	2
5	2025-06-05 09:58:46.717	2025-06-05 09:58:46.727	La grille d'admissibilité permet de s'assurer que le projet réunit les préalables pour entamer le processus de priorisation. 	f	f	Grille d'admissibilité 2025 (v2)	2
6	2025-06-24 09:27:04.002	2025-06-24 09:27:04.01	La grille d'admissibilité permet de s'assurer que le projet réunit les préalables pour entamer le processus de priorisation. 	f	f	Grille d'admissibilité 2025 (v2)	2
7	2025-06-24 10:30:10.526	2025-06-24 10:30:10.534	La grille d'admissibilité permet de s'assurer que le projet réunit les préalables pour entamer le processus de priorisation. 	f	f	Grille d'admissibilité 2025 (v2)	2
8	2025-06-24 10:30:49.722	2025-06-24 10:30:49.733	La grille d'admissibilité permet de s'assurer que le projet réunit les préalables pour entamer le processus de priorisation. 	f	f	Grille d'admissibilité 2025 (v2)	2
9	2025-06-24 10:31:00.976	2025-06-24 10:31:00.985	La grille d'admissibilité permet de s'assurer que le projet réunit les préalables pour entamer le processus de priorisation. 	f	f	Grille d'admissibilité 2025 (v2)	2
10	2025-06-24 10:31:50.045	2025-06-24 10:31:50.057	La grille d'admissibilité permet de s'assurer que le projet réunit les préalables pour entamer le processus de priorisation. 	f	f	Grille d'admissibilité 2025 (v2)	2
11	2025-06-24 10:32:12.51	2025-06-24 10:32:12.524	La grille d'admissibilité permet de s'assurer que le projet réunit les préalables pour entamer le processus de priorisation. 	f	f	Grille d'admissibilité 2025 (v2)	2
12	2025-06-24 10:32:19.096	2025-06-24 10:32:19.105	La grille d'admissibilité permet de s'assurer que le projet réunit les préalables pour entamer le processus de priorisation. 	f	f	Grille d'admissibilité 2025 (v2)	2
13	2025-06-27 09:29:51.145	2025-06-27 09:29:51.155	La grille d'admissibilité permet de s'assurer que le projet réunit les préalables pour entamer le processus de priorisation. 	f	f	Grille d'admissibilité 2025 (v2)	2
14	2025-06-27 09:30:18.164	2025-06-27 09:30:18.171	La grille d'admissibilité permet de s'assurer que le projet réunit les préalables pour entamer le processus de priorisation. 	f	f	Grille d'admissibilité 2025 (v2)	2
15	2025-06-27 09:33:30.049	2025-06-27 09:33:30.06	La grille d'admissibilité permet de s'assurer que le projet réunit les préalables pour entamer le processus de priorisation. 	f	f	Grille d'admissibilité 2025 (v2)	2
16	2025-06-27 09:33:47.824	2025-06-27 09:33:47.833	La grille d'admissibilité permet de s'assurer que le projet réunit les préalables pour entamer le processus de priorisation. 	f	f	Grille d'admissibilité 2025 (v2)	2
17	2025-06-27 09:34:52.453	2025-06-27 09:34:52.462	La grille d'admissibilité permet de s'assurer que le projet réunit les préalables pour entamer le processus de priorisation. 	f	f	Grille d'admissibilité 2025 (v2)	2
18	2025-06-27 09:42:40.432	2025-06-27 09:42:40.439	La grille d'admissibilité permet de s'assurer que le projet réunit les préalables pour entamer le processus de priorisation. 	f	f	Grille d'admissibilité 2025 (v2)	2
19	2025-06-27 09:43:36.782	2025-06-27 09:43:36.789	La grille d'admissibilité permet de s'assurer que le projet réunit les préalables pour entamer le processus de priorisation. 	f	f	Grille d'admissibilité 2025 (v2)	2
20	2025-06-27 09:45:17.386	2025-06-27 09:45:17.396	La grille d'admissibilité permet de s'assurer que le projet réunit les préalables pour entamer le processus de priorisation. 	f	f	Grille d'admissibilité 2025 (v2)	2
21	2025-06-27 09:45:31.692	2025-06-27 09:45:31.697	La grille d'admissibilité permet de s'assurer que le projet réunit les préalables pour entamer le processus de priorisation. 	f	f	Grille d'admissibilité 2025 (v2)	2
22	2025-06-27 09:45:51.892	2025-06-27 09:45:51.9	La grille d'admissibilité permet de s'assurer que le projet réunit les préalables pour entamer le processus de priorisation. 	f	f	Grille d'admissibilité 2025 (v2)	2
23	2025-06-27 10:23:52.314	2025-06-27 10:23:52.321	La grille d'admissibilité permet de s'assurer que le projet réunit les préalables pour entamer le processus de priorisation. 	f	f	Grille d'admissibilité 2025 (v2)	2
24	2025-07-01 14:15:31.505	2025-07-01 14:15:31.549	La grille d'admissibilité permet de s'assurer que le projet réunit les préalables pour entamer le processus de priorisation. 	f	f	Grille d'admissibilité 2025 (v2)	2
\.


--
-- Data for Name: admissibility_response; Type: TABLE DATA; Schema: public; Owner: root
--

COPY public.admissibility_response (id, created_at, updated_at, created_by, response_date, responses, verification_status, admissibility_grid_id, derogation_id, project_identity_id) FROM stdin;
\.


--
-- Data for Name: admissibility_response_criteria; Type: TABLE DATA; Schema: public; Owner: root
--

COPY public.admissibility_response_criteria (id, created_at, updated_at, comment, matches, response, criteria_id, response_grid_id) FROM stdin;
1	2025-04-24 12:18:13.773	2025-04-24 12:18:13.773		t	oui	4	1
2	2025-04-24 12:18:13.773	2025-04-24 12:18:13.773		t	oui	5	1
3	2025-04-24 12:18:13.773	2025-04-24 12:18:13.773		t	oui	6	1
4	2025-05-30 11:52:06.984	2025-05-30 11:52:06.984		f		10	2
5	2025-05-30 11:52:06.984	2025-05-30 11:52:06.984		f		11	2
6	2025-05-30 11:52:06.984	2025-05-30 11:52:06.984		f		12	2
7	2025-06-05 09:58:46.723	2025-06-05 09:58:46.723		t	oui	13	3
8	2025-06-05 09:58:46.723	2025-06-05 09:58:46.723		t	oui	14	3
9	2025-06-05 09:58:46.723	2025-06-05 09:58:46.723		t	oui	15	3
10	2025-06-24 09:27:04.007	2025-06-24 09:27:04.007		t	oui	16	4
11	2025-06-24 09:27:04.007	2025-06-24 09:27:04.007		t	oui	17	4
12	2025-06-24 09:27:04.007	2025-06-24 09:27:04.007		t	oui	18	4
13	2025-06-24 10:30:10.531	2025-06-24 10:30:10.531		t	oui	19	5
14	2025-06-24 10:30:10.531	2025-06-24 10:30:10.531		t	oui	20	5
15	2025-06-24 10:30:10.531	2025-06-24 10:30:10.531		t	oui	21	5
16	2025-06-24 10:30:49.73	2025-06-24 10:30:49.73		f		22	6
17	2025-06-24 10:30:49.73	2025-06-24 10:30:49.73		f		23	6
18	2025-06-24 10:30:49.73	2025-06-24 10:30:49.73		f		24	6
19	2025-06-24 10:31:00.981	2025-06-24 10:31:00.981		t	oui	25	7
20	2025-06-24 10:31:00.982	2025-06-24 10:31:00.982		f	encours	26	7
21	2025-06-24 10:31:00.982	2025-06-24 10:31:00.982		t	oui	27	7
22	2025-06-24 10:31:22.923	2025-06-24 10:31:22.923		t	oui	7	7
23	2025-06-24 10:31:22.924	2025-06-24 10:31:22.924		f	encours	8	7
24	2025-06-24 10:31:22.925	2025-06-24 10:31:22.925		f	oui	9	7
25	2025-06-24 10:31:50.053	2025-06-24 10:31:50.053		f		28	8
26	2025-06-24 10:31:50.053	2025-06-24 10:31:50.053		f		29	8
27	2025-06-24 10:31:50.053	2025-06-24 10:31:50.053		f		30	8
28	2025-06-24 10:31:55.943	2025-06-24 10:31:55.943		t	oui	7	8
29	2025-06-24 10:31:55.944	2025-06-24 10:31:55.944		t	oui	8	8
30	2025-06-24 10:31:55.945	2025-06-24 10:31:55.945		f	oui	9	8
31	2025-06-24 10:32:12.52	2025-06-24 10:32:12.52		f		31	9
32	2025-06-24 10:32:12.52	2025-06-24 10:32:12.52		f		32	9
33	2025-06-24 10:32:12.52	2025-06-24 10:32:12.52		f		33	9
34	2025-06-24 10:32:19.101	2025-06-24 10:32:19.101		t	oui	34	10
35	2025-06-24 10:32:19.102	2025-06-24 10:32:19.102		t	oui	35	10
36	2025-06-24 10:32:19.102	2025-06-24 10:32:19.102		t	oui	36	10
37	2025-06-27 09:29:51.152	2025-06-27 09:29:51.152		f		37	11
38	2025-06-27 09:29:51.152	2025-06-27 09:29:51.152		f		38	11
39	2025-06-27 09:29:51.152	2025-06-27 09:29:51.152		f		39	11
40	2025-06-27 09:30:18.169	2025-06-27 09:30:18.169		t	oui	40	12
41	2025-06-27 09:30:18.169	2025-06-27 09:30:18.169		t	oui	41	12
42	2025-06-27 09:30:18.169	2025-06-27 09:30:18.169		t	oui	42	12
43	2025-06-27 09:33:30.056	2025-06-27 09:33:30.056		f		43	13
44	2025-06-27 09:33:30.056	2025-06-27 09:33:30.056		f		44	13
45	2025-06-27 09:33:30.056	2025-06-27 09:33:30.056		f		45	13
46	2025-06-27 09:33:47.83	2025-06-27 09:33:47.83		t	oui	46	14
47	2025-06-27 09:33:47.83	2025-06-27 09:33:47.83		t	oui	47	14
48	2025-06-27 09:33:47.83	2025-06-27 09:33:47.83		t	oui	48	14
49	2025-06-27 09:34:11.155	2025-06-27 09:34:11.155		t	oui	7	14
50	2025-06-27 09:34:11.156	2025-06-27 09:34:11.156		t	oui	8	14
51	2025-06-27 09:34:11.157	2025-06-27 09:34:11.157		f	oui	9	14
52	2025-06-27 09:34:52.459	2025-06-27 09:34:52.459		t	oui	49	15
53	2025-06-27 09:34:52.459	2025-06-27 09:34:52.459		t	oui	50	15
54	2025-06-27 09:34:52.459	2025-06-27 09:34:52.459		t	oui	51	15
55	2025-06-27 09:42:40.437	2025-06-27 09:42:40.437		t	oui	52	16
56	2025-06-27 09:42:40.437	2025-06-27 09:42:40.437		t	oui	53	16
57	2025-06-27 09:42:40.437	2025-06-27 09:42:40.437		t	oui	54	16
58	2025-06-27 09:42:45.082	2025-06-27 09:42:45.082		t	oui	7	16
59	2025-06-27 09:42:45.083	2025-06-27 09:42:45.083		t	oui	8	16
60	2025-06-27 09:42:45.084	2025-06-27 09:42:45.084		f	oui	9	16
61	2025-06-27 09:42:45.786	2025-06-27 09:42:45.786		t	oui	7	16
62	2025-06-27 09:42:45.786	2025-06-27 09:42:45.786		t	oui	8	16
63	2025-06-27 09:42:45.787	2025-06-27 09:42:45.787		f	oui	9	16
64	2025-06-27 09:42:47.138	2025-06-27 09:42:47.138		t	oui	7	16
65	2025-06-27 09:42:47.138	2025-06-27 09:42:47.138		t	oui	8	16
66	2025-06-27 09:42:47.138	2025-06-27 09:42:47.138		f	oui	9	16
67	2025-06-27 09:43:36.786	2025-06-27 09:43:36.786		t	oui	55	17
68	2025-06-27 09:43:36.787	2025-06-27 09:43:36.787		t	oui	56	17
69	2025-06-27 09:43:36.787	2025-06-27 09:43:36.787		t	oui	57	17
70	2025-06-27 09:45:17.394	2025-06-27 09:45:17.394		f		58	18
71	2025-06-27 09:45:17.394	2025-06-27 09:45:17.394		f		59	18
72	2025-06-27 09:45:17.394	2025-06-27 09:45:17.394		f		60	18
73	2025-06-27 09:45:31.695	2025-06-27 09:45:31.695		t	oui	61	19
74	2025-06-27 09:45:31.695	2025-06-27 09:45:31.695		t	oui	62	19
75	2025-06-27 09:45:31.695	2025-06-27 09:45:31.695		t	oui	63	19
76	2025-06-27 09:45:36.418	2025-06-27 09:45:36.418		t	oui	7	19
77	2025-06-27 09:45:36.419	2025-06-27 09:45:36.419		t	oui	8	19
78	2025-06-27 09:45:36.42	2025-06-27 09:45:36.42		f	oui	9	19
79	2025-06-27 09:45:37.03	2025-06-27 09:45:37.03		t	oui	7	19
80	2025-06-27 09:45:37.03	2025-06-27 09:45:37.03		t	oui	8	19
81	2025-06-27 09:45:37.03	2025-06-27 09:45:37.03		f	oui	9	19
82	2025-06-27 09:45:51.898	2025-06-27 09:45:51.898		f		64	20
83	2025-06-27 09:45:51.898	2025-06-27 09:45:51.898		f		65	20
84	2025-06-27 09:45:51.898	2025-06-27 09:45:51.898		f		66	20
85	2025-06-27 10:23:52.319	2025-06-27 10:23:52.319		t	oui	67	21
86	2025-06-27 10:23:52.319	2025-06-27 10:23:52.319		t	oui	68	21
87	2025-06-27 10:23:52.319	2025-06-27 10:23:52.319		t	oui	69	21
88	2025-07-01 14:15:31.535	2025-07-01 14:15:31.535		t	oui	70	22
89	2025-07-01 14:15:31.536	2025-07-01 14:15:31.536		t	oui	71	22
90	2025-07-01 14:15:31.536	2025-07-01 14:15:31.536		t	oui	72	22
\.


--
-- Data for Name: admissibility_response_grid; Type: TABLE DATA; Schema: public; Owner: root
--

COPY public.admissibility_response_grid (id, created_at, updated_at, derogation_text, is_admissible, status, grid_id, project_id) FROM stdin;
1	2025-04-24 12:18:13.769	2025-04-24 12:18:13.778	\N	t	ACCEPTED	2	2
2	2025-05-30 11:52:06.984	2025-05-30 11:52:06.984	\N	f	PENDING	4	2
3	2025-06-05 09:58:46.722	2025-06-05 09:58:46.727	\N	t	ACCEPTED	5	7
4	2025-06-24 09:27:04.006	2025-06-24 09:27:04.01	\N	t	ACCEPTED	6	9
5	2025-06-24 10:30:10.53	2025-06-24 10:30:10.534	\N	t	ACCEPTED	7	13
6	2025-06-24 10:30:49.73	2025-06-24 10:30:49.73	\N	f	PENDING	8	13
7	2025-06-24 10:31:00.98	2025-06-24 10:31:22.929	\N	f	PENDING	9	13
8	2025-06-24 10:31:50.053	2025-06-24 10:31:55.949	\N	f	PENDING	10	13
9	2025-06-24 10:32:12.52	2025-06-24 10:32:12.52	\N	f	PENDING	11	13
10	2025-06-24 10:32:19.101	2025-06-24 10:32:19.105	\N	t	ACCEPTED	12	13
11	2025-06-27 09:29:51.152	2025-06-27 09:29:51.152	\N	f	PENDING	13	7
12	2025-06-27 09:30:18.168	2025-06-27 09:30:18.171	\N	t	ACCEPTED	14	7
13	2025-06-27 09:33:30.056	2025-06-27 09:33:30.056	\N	f	PENDING	15	7
14	2025-06-27 09:33:47.829	2025-06-27 09:34:11.161	\N	f	PENDING	16	7
15	2025-06-27 09:34:52.457	2025-06-27 09:34:52.462	\N	t	ACCEPTED	17	7
16	2025-06-27 09:42:40.436	2025-06-27 09:42:47.142	\N	f	PENDING	18	7
17	2025-06-27 09:43:36.786	2025-06-27 09:43:36.789	\N	t	ACCEPTED	19	7
18	2025-06-27 09:45:17.394	2025-06-27 09:45:17.394	\N	f	PENDING	20	7
19	2025-06-27 09:45:31.695	2025-06-27 09:45:37.033	\N	f	PENDING	21	7
20	2025-06-27 09:45:51.898	2025-06-27 09:45:51.898	\N	f	PENDING	22	7
21	2025-06-27 10:23:52.318	2025-06-27 10:23:52.321	\N	t	ACCEPTED	23	7
22	2025-07-01 14:15:31.527	2025-07-01 14:15:31.549	\N	t	ACCEPTED	24	17
\.


--
-- Data for Name: article_medias; Type: TABLE DATA; Schema: public; Owner: root
--

COPY public.article_medias (article_id, media_id) FROM stdin;
\.


--
-- Data for Name: articles; Type: TABLE DATA; Schema: public; Owner: root
--

COPY public.articles (id, created_at, updated_at, content, is_active, is_private, long_description, name, picture, short_description) FROM stdin;
\.


--
-- Data for Name: autorisation; Type: TABLE DATA; Schema: public; Owner: root
--

COPY public.autorisation (id, created_at, updated_at, name, observation, validateur, project_study_id) FROM stdin;
3	2025-04-24 12:07:07.145	2025-04-24 12:07:07.145				2
4	2025-04-25 04:52:32.51	2025-04-25 04:52:32.51				3
7	2025-06-13 12:45:44.468	2025-06-13 12:45:44.468				5
8	2025-06-24 10:19:28.841	2025-06-24 10:19:28.841	Autorisation			6
25	2025-06-30 14:47:05.733	2025-06-30 14:47:05.733	permis de batir		municipalité 	7
26	2025-07-01 14:11:49.602	2025-07-01 14:11:49.602				8
\.


--
-- Data for Name: budget_section; Type: TABLE DATA; Schema: public; Owner: root
--

COPY public.budget_section (id, created_at, updated_at, code, description, is_active, name) FROM stdin;
\.


--
-- Data for Name: category; Type: TABLE DATA; Schema: public; Owner: root
--

COPY public.category (id, created_at, updated_at, code, description, is_active, name) FROM stdin;
1	2025-03-06 08:04:23.119	2025-03-06 08:04:23.119	TO3	Ouvrages de génie civil Autoroutes, rues, routes, ponts, autoroutes surélevées, tunnels, voies ferrées, voies ferrées souterraines et pistes d’aérodromes. Égouts, voies d’eau, ports, barrages et autres ouvrages hydrauliques. Puits, galeries souterraines et autres ouvrages liés à l’exploitation de réserves minérales et énergétiques. Lignes de communication, lignes de transport d’électricité, pipelines de longue distance, pipelines locaux et câbles. Installations de sport et de loisirs de plein air. Ouvrages de génie civil acquis à des fins militaires dans la mesure où ils sont utilisés de façon répétée ou continue, dans les processus de production, pendant plus d’un an.	t	Ouvrages de génie civil
3	2025-03-06 08:04:23.118	2025-03-06 08:04:23.118	TO1	Les logements sont les bâtiments ou parties spécifiques de bâtiments qui sont utilisés exclusivement ou essentiellement à des fins d’habitation, y compris les éventuelles annexes, comme les garages, et tous les accessoires fixes permanents qui y sont habituellement installés. Les logements acquis par des administrations publiques pour le personnel sont inclus dans cette catégorie étant donné qu’ils sont utilisés de la même façon que ceux acquis par des civils.	t	Logements
9	2025-03-06 08:04:23.126	2025-03-06 08:04:23.126	TO11	Autre type d'ouvrage.	t	Autre type d'ouvrage
11	2025-03-06 08:04:23.127	2025-03-06 08:04:23.127	TO9	Les produits de la propriété intellectuelle sont le résultat de travaux de recherche, de développement, d’enquête ou d’innovation sous forme de connaissances que les développeurs peuvent commercialiser ou utiliser en production dans leur propre intérêt parce que l’utilisation des connaissances est restreinte au moyen d’un dispositif de protection légale ou autre. Les connaissances peuvent être incorporées dans un produit autonome ou dans un autre produit : - Recherche et développement - Prospection minière et évaluation - Logiciels et bases de données - Œuvres récréatives, littéraires ou artistiques originales - Autres produits de la propriété intellectuelle	t	Produits de la propriété intellectuelle
2	2025-03-06 08:04:23.12	2025-03-06 08:04:23.12	TO4	Les matériels de transport regroupent les moyens de transport des personnes et des marchandises, comme les véhicules automobiles, camions remorques et semi-remorques, navires, véhicules et matériel roulant ferroviaires, avions, motos et bicyclettes. Les marchés automobiles, aéronautiques et de certains autres types de matériel de transport existants peuvent être suffisamment représentatifs pour générer des données de prix préférables aux valorisations fondées sur le coût de remplacement comptable.	t	Matériel de transport
10	2025-03-06 08:04:23.126	2025-03-06 08:04:23.126	TO2	Bâtiments non résidentiels Les types de bâtiments figurant dans cette catégorie sont par exemple les immeubles de bureaux, écoles, hôpitaux, salles de spectacles, entrepôts et bâtiments industriels, immeubles à usage commercial, hôtels et restaurants. Les monuments publics définis principalement comme des bâtiments non résidentiels sont inclus également. Les prisons, écoles et hôpitaux sont considérés comme des bâtiments non résidentiels malgré le fait qu’ils peuvent abriter des ménages institutionnels. Les bâtiments et ouvrages de génie civil acquis à des fins militaires sont inclus dans la mesure où ils sont utilisés de façon répétée ou continue, dans les processus de production, pendant plus d’un an	t	Bâtiments non résidentiels
4	2025-03-06 08:04:23.122	2025-03-06 08:04:23.122	TO7	Les améliorations de terrains sont le résultat d’actions qui entraînent des améliorations majeures de la quantité, la qualité ou la productivité des terrains ou qui en empêchent la détérioration. Les activités comme la remise en état, le déblaiement et la préparation du terrain et la création de puits et de points d’eau qui font partie intégrante du terrain en question, doivent être considérées comme donnant lieu à des améliorations de terrains.	t	Amélioration de terrains
5	2025-03-06 08:04:23.121	2025-03-06 08:04:23.121	TO8	Les ressources biologiques cultivées comprennent les ressources animales à production périodique et les ressources en arbres, cultures et plantes à production périodique dont la croissance naturelle et la régénération sont placées sous le contrôle, la responsabilité et la gestion d’unités institutionnelles.	t	Ressources biologiques cultivés
6	2025-03-06 08:04:23.121	2025-03-06 08:04:23.121	TO6	Cette catégorie recouvre l’ensemble des machines et équipements non classés dans les autres catégories de machines et équipements. Il faut y inclure les types d’actifs suivants : les machines et appareils à usage général et à usages particuliers, les machines de bureau et machines comptables, les machines et appareils électriques,	t	Autre machine et équipement
7	2025-03-06 08:04:23.123	2025-03-06 08:04:23.123	TO10	Les systèmes d’armes incluent les véhicules et autres équipements tels que les navires de guerre, les sous-marins, les avions militaires, les véhicules blindés et les transporteurs et lanceurs de missiles, etc. Les systèmes d’armes sont traités en actifs fixes. Ils sont utilisés en continu dans la prestation de services de défense, même si leur utilisation en temps de paix joue simplement un rôle de dissuasion	t	Système d’armes
8	2025-03-06 08:04:23.12	2025-03-06 08:04:23.12	TO5	L’équipement TIC (télécommunications, informatique, technologies de l’information et de la communication) comprend les appareils qui utilisent des commandes électroniques et aussi les composants électroniques qui font partie de ces appareils. Il s’agit par exemple des produits qui font partie des machines informatiques et de leurs pièces et accessoires, des postes de radio et de télévision, des caméras de télévision, vidéo et numériques et des appareils téléphoniques. En pratique, l’équipement des TIC se réduit essentiellement au matériel informatique et à l’équipement des télécommunications	t	Equipement TIC
\.


--
-- Data for Name: category_envergure; Type: TABLE DATA; Schema: public; Owner: root
--

COPY public.category_envergure (id, created_at, updated_at, code, description, is_active, name) FROM stdin;
12	2025-03-06 08:05:12.244	2025-03-06 08:05:12.244	TEG1	Projets impliquant toutes les régions	t	National
13	2025-03-06 08:05:24.142	2025-03-06 08:05:24.142	TEG2	Projets dont le périmètre recouvre que les gouvernorats d'un région (distrct spécifique)	t	Régional
14	2025-03-06 08:05:34.022	2025-03-06 08:05:34.022	TEG3	Projets dont le périmètre recouvre quelques délégations ou communes d'un gouvernorat	t	Local
15	2025-03-06 08:05:43.196	2025-03-06 08:05:43.196	TEG4	Projets impliquant d'autres pays voisins. 	t	International
\.


--
-- Data for Name: category_governorate; Type: TABLE DATA; Schema: public; Owner: root
--

COPY public.category_governorate (category_id, governorate_id) FROM stdin;
1	4
1	5
1	2
1	3
2	10
2	7
2	8
2	9
2	6
3	16
3	11
3	12
3	14
3	15
3	13
\.


--
-- Data for Name: category_risk; Type: TABLE DATA; Schema: public; Owner: root
--

COPY public.category_risk (id, created_at, updated_at, code, description, is_active, name) FROM stdin;
1	2025-03-06 07:39:56.408	2025-03-06 07:39:56.408	RD08	Retards dans l'exécution, lenteur administrative, manque de planification.	t	Risque de Délais
8	2025-03-06 07:39:56.413	2025-03-06 07:39:56.413	RJ04	Changements réglementaires, conflits contractuels, problèmes de conformité.	t	Risque Juridique
2	2025-03-06 07:39:56.409	2025-03-06 07:39:56.409	RF01	Difficultés de financement, dépassement des coûts, mauvaise gestion budgétaire.	t	Risque Financier
4	2025-03-06 07:39:56.408	2025-03-06 07:39:56.408	RE03	Impact écologique négatif, non-respect des normes environnementales.	t	Risque Environnemental
3	2025-03-06 07:39:56.408	2025-03-06 07:39:56.408	RS06	Opposition des communautés locales, conflits sociaux, relocalisation forcée.	t	Risque Social
5	2025-03-06 07:39:56.408	2025-03-06 07:39:56.408	RI05	Instabilité politique, manque de coordination entre les parties prenantes.	t	Risque Institutionnel
6	2025-03-06 07:39:56.41	2025-03-06 07:39:56.41	RT02	Défaillance technologique, complexité du projet, manque d'expertise technique.	t	Risque Technique
7	2025-03-06 07:39:56.41	2025-03-06 07:39:56.41	RG07	Corruption, manque de transparence, mauvaise gestion du projet.	t	Risque de Gouvernance
9	2025-03-06 07:39:56.414	2025-03-06 07:39:56.414	RS09	Accidents sur site, menaces sécuritaires, non-respect des normes de sécurité.	t	Risque de Sécurité
\.


--
-- Data for Name: classification; Type: TABLE DATA; Schema: public; Owner: root
--

COPY public.classification (id, created_at, updated_at, active, code, description, justification_path, title, annee, evaluation_grid_id, nomenclature_geographic_id, nomenclature_secteur_id) FROM stdin;
1	2025-07-01 14:22:26.112	2025-07-01 14:24:40.227	t	classification	classification	justification_classification_1751376146113.pdf	classifisation	\N	3	1	1
\.


--
-- Data for Name: component; Type: TABLE DATA; Schema: public; Owner: root
--

COPY public.component (id, created_at, updated_at, code, description, is_sub_component, name, component_id, project_id, project_plan_id) FROM stdin;
\.


--
-- Data for Name: component_logic; Type: TABLE DATA; Schema: public; Owner: root
--

COPY public.component_logic (id, created_at, updated_at, cout, description, name, project_logic) FROM stdin;
4	2025-04-24 12:05:08.193	2025-04-24 12:05:08.193	9000	demo	demo 1	2
5	2025-04-24 12:05:08.193	2025-04-24 12:05:08.193	500000	demo	demo 2 	2
8	2025-04-25 04:46:50.093	2025-04-25 04:46:50.093	456	546	fsfd	4
9	2025-04-25 04:46:50.093	2025-04-25 04:46:50.093	489	fsd	fsd	4
10	2025-04-25 04:51:33.601	2025-04-25 04:51:33.601	1200	ffds	rzefsd	5
11	2025-04-25 04:51:33.601	2025-04-25 04:51:33.601	1520	fdsfsd	4856	5
18	2025-04-25 17:46:48.467	2025-04-25 17:46:48.467	400	fsd	sfsd	9
19	2025-04-25 17:46:48.467	2025-04-25 17:46:48.467	5000	fds	fsdf	9
33	2025-06-24 10:22:00.393	2025-06-24 10:22:00.393	104000000		projet de développement et de promotion des filières agricoles à Zaghouanghouan	20
48	2025-06-24 13:39:18.656	2025-06-24 13:39:18.656	1200000		Construction	28
49	2025-06-24 13:39:18.656	2025-06-24 13:39:18.656	300000		Equipements	28
53	2025-06-30 14:39:03.691	2025-06-30 14:39:03.691	37000		construction d'une station d'épuration des eaux usées industrièlles	30
54	2025-06-30 14:39:03.691	2025-06-30 14:39:03.691	1400		réalisation d'un système de transfert des eaux usées brutes	30
55	2025-06-30 14:39:03.691	2025-06-30 14:39:03.691	1600		réalisation d'un système de transfert des eaux usées épurées	30
56	2025-07-01 14:03:40.684	2025-07-01 14:03:40.684	50000000	Description2	objetif 2	31
57	2025-07-01 14:03:40.684	2025-07-01 14:03:40.684	60000	Description	objetif 2	31
\.


--
-- Data for Name: deanships; Type: TABLE DATA; Schema: public; Owner: root
--

COPY public.deanships (id, created_at, updated_at, code, description, is_active, name, delegation_id) FROM stdin;
2	2025-03-06 09:51:20.248	2025-03-06 09:51:20.248	I1	ol	t	imada 1	36
\.


--
-- Data for Name: delegations; Type: TABLE DATA; Schema: public; Owner: root
--

COPY public.delegations (id, created_at, updated_at, code, description, is_active, name, governorate_id) FROM stdin;
2	2025-03-06 08:49:45.724	2025-03-06 08:49:45.724	635259	\N	t	Kebili_Nord	24
3	2025-03-06 08:49:45.724	2025-03-06 08:49:45.724	156355	\N	t	Ben_Khalled	14
4	2025-03-06 08:49:45.727	2025-03-06 08:49:45.727	525551	\N	t	Zarzis	14
5	2025-03-06 08:49:45.73	2025-03-06 08:49:45.73	635554	\N	t	Douz_Sud	15
6	2025-03-06 08:49:45.731	2025-03-06 08:49:45.731	525751	\N	t	Djerba_Midoun	14
7	2025-03-06 08:49:45.731	2025-03-06 08:49:45.731	525855	\N	t	Djerba_Ajim	14
8	2025-03-06 08:49:45.732	2025-03-06 08:49:45.732	515257	\N	t	Gabes_Ouest	15
9	2025-03-06 08:49:45.732	2025-03-06 08:49:45.732	535153	\N	t	Tataouine_Nord	8
10	2025-03-06 08:49:45.733	2025-03-06 08:49:45.733	235853	\N	t	DJerissa	14
11	2025-03-06 08:49:45.735	2025-03-06 08:49:45.735	535258	\N	t	Tataouine_Sud	8
12	2025-03-06 08:49:45.736	2025-03-06 08:49:45.736	635355	\N	t	Souk_El_Ahed	24
13	2025-03-06 08:49:45.74	2025-03-06 08:49:45.74	525661	\N	t	Djerba_Houmet_Souk	14
14	2025-03-06 08:49:45.74	2025-03-06 08:49:45.74	515454	\N	t	Ghanouch	15
15	2025-03-06 08:49:45.744	2025-03-06 08:49:45.744	616154	\N	t	Sned	15
16	2025-03-06 08:49:45.745	2025-03-06 08:49:45.745	635154	\N	t	Kebili_Sud	24
17	2025-03-06 08:49:45.745	2025-03-06 08:49:45.745	635455	\N	t	Douz_Nord	24
18	2025-03-06 08:49:45.745	2025-03-06 08:49:45.745	525453	\N	t	Ben_Guerdane	8
19	2025-03-06 08:49:45.746	2025-03-06 08:49:45.746	326054	\N	t	Teboulba	24
20	2025-03-06 08:49:45.747	2025-03-06 08:49:45.747	535554	\N	t	Ghomrassen	8
21	2025-03-06 08:49:45.748	2025-03-06 08:49:45.748	515154	\N	t	Gabes_Medina	15
22	2025-03-06 08:49:45.744	2025-03-06 08:49:45.744	346255	\N	t	Ghraiba	8
23	2025-03-06 08:49:45.751	2025-03-06 08:49:45.751	535652	\N	t	Dhehiba	15
24	2025-03-06 08:49:45.754	2025-03-06 08:49:45.754	535358	\N	t	Smâr	8
25	2025-03-06 08:49:45.755	2025-03-06 08:49:45.755	145751	\N	t	Tebourba	12
26	2025-03-06 08:49:45.755	2025-03-06 08:49:45.755	426261	\N	t	Feriana	24
27	2025-03-06 08:49:45.756	2025-03-06 08:49:45.756	516065	\N	t	Mareth	15
28	2025-03-06 08:49:45.756	2025-03-06 08:49:45.756	515853	\N	t	Matmata	15
29	2025-03-06 08:49:45.756	2025-03-06 08:49:45.756	515357	\N	t	Gabes_Sud	8
30	2025-03-06 08:49:45.753	2025-03-06 08:49:45.753	346555	\N	t	Marhés	8
31	2025-03-06 08:49:45.76	2025-03-06 08:49:45.76	535754	\N	t	Remada	8
32	2025-03-06 08:49:45.76	2025-03-06 08:49:45.76	125251	\N	t	Soukra	14
33	2025-03-06 08:49:45.761	2025-03-06 08:49:45.761	415352	\N	t	Echebika	24
34	2025-03-06 08:49:45.762	2025-03-06 08:49:45.762	515954	\N	t	Nouvelle_Matmata	15
35	2025-03-06 08:49:45.763	2025-03-06 08:49:45.763	145653	\N	t	Djedaïda	18
36	2025-03-06 08:49:45.762	2025-03-06 08:49:45.762	117051	\N	t	Le_Kram	5
37	2025-03-06 08:49:45.763	2025-03-06 08:49:45.763	155353	\N	t	Beni_Khiar	12
38	2025-03-06 08:49:45.763	2025-03-06 08:49:45.763	156151	\N	t	Soliman	5
39	2025-03-06 08:49:45.763	2025-03-06 08:49:45.763	135153	\N	t	Ben_Arous	2
40	2025-03-06 08:49:45.766	2025-03-06 08:49:45.766	155951	\N	t	El_Haouaira	5
41	2025-03-06 08:49:45.766	2025-03-06 08:49:45.766	145457	\N	t	Mornaguia	18
42	2025-03-06 08:49:45.766	2025-03-06 08:49:45.766	315857	\N	t	Sidi_Bouali	5
43	2025-03-06 08:49:45.767	2025-03-06 08:49:45.767	145554	\N	t	Borj_El_Amri	12
44	2025-03-06 08:49:45.779	2025-03-06 08:49:45.779	155254	\N	t	Dar_Chaabane_El_Fehri	12
45	2025-03-06 08:49:45.783	2025-03-06 08:49:45.783	155652	\N	t	El_Mida	12
46	2025-03-06 08:49:45.784	2025-03-06 08:49:45.784	116451	\N	t	Sidi_Hassine	2
47	2025-03-06 08:49:45.78	2025-03-06 08:49:45.78	155458	\N	t	Korba	12
48	2025-03-06 08:49:45.787	2025-03-06 08:49:45.787	156653	\N	t	Hammamet	2
49	2025-03-06 08:49:45.788	2025-03-06 08:49:45.788	145253	\N	t	Douar_Hicher	5
50	2025-03-06 08:49:45.786	2025-03-06 08:49:45.786	325552	\N	t	Beni_Hassen	22
51	2025-03-06 08:49:45.787	2025-03-06 08:49:45.787	325252	\N	t	El_Ouerdanine	22
52	2025-03-06 08:49:45.788	2025-03-06 08:49:45.788	635656	\N	t	El_Faouar	18
53	2025-03-06 08:49:45.79	2025-03-06 08:49:45.79	325655	\N	t	Jammel	4
54	2025-03-06 08:49:45.792	2025-03-06 08:49:45.792	117151	\N	t	La_Marsa	5
55	2025-03-06 08:49:45.791	2025-03-06 08:49:45.791	156254	\N	t	Menzel_Bouzelfa	18
56	2025-03-06 08:49:45.793	2025-03-06 08:49:45.793	316353	\N	t	Sidi_El_Heni	12
57	2025-03-06 08:49:45.793	2025-03-06 08:49:45.793	176253	\N	t	Menzel_Jemil	22
58	2025-03-06 08:49:45.796	2025-03-06 08:49:45.796	615852	\N	t	Mdhila	24
59	2025-03-06 08:49:45.797	2025-03-06 08:49:45.797	165651	\N	t	Saouaf	2
60	2025-03-06 08:49:45.799	2025-03-06 08:49:45.799	335164	\N	t	Mahdia	12
61	2025-03-06 08:49:45.799	2025-03-06 08:49:45.799	135853	\N	t	Radès	4
62	2025-03-06 08:49:45.8	2025-03-06 08:49:45.8	165253	\N	t	Ez-Zeriba	2
63	2025-03-06 08:49:45.8	2025-03-06 08:49:45.8	326354	\N	t	Sayada-Lamta_Bou-Hjar	5
64	2025-03-06 08:49:45.8	2025-03-06 08:49:45.8	435657	\N	t	Sidi_Ali_Ben_Aoûn	4
65	2025-03-06 08:49:45.801	2025-03-06 08:49:45.801	165355	\N	t	Bir_Mchergua	5
66	2025-03-06 08:49:45.805	2025-03-06 08:49:45.805	346056	\N	t	El_Hencha	5
67	2025-03-06 08:49:45.808	2025-03-06 08:49:45.808	316651	\N	t	Zaouia_Ksibet_Thrayet	22
68	2025-03-06 08:49:45.808	2025-03-06 08:49:45.808	155156	\N	t	Nabeul	12
69	2025-03-06 08:49:45.81	2025-03-06 08:49:45.81	415758	\N	t	El_Alâa	5
70	2025-03-06 08:49:45.809	2025-03-06 08:49:45.809	346155	\N	t	Menzel_Chaker	5
71	2025-03-06 08:49:45.812	2025-03-06 08:49:45.812	156054	\N	t	Takelsa	5
72	2025-03-06 08:49:45.812	2025-03-06 08:49:45.812	116952	\N	t	La_Goulette	5
73	2025-03-06 08:49:45.811	2025-03-06 08:49:45.811	155553	\N	t	Menzel_Temime	12
74	2025-03-06 08:49:45.813	2025-03-06 08:49:45.813	125152	\N	t	Ariana_Ville	2
75	2025-03-06 08:49:45.812	2025-03-06 08:49:45.812	435952	\N	t	Souk_Jedid	14
76	2025-03-06 08:49:45.814	2025-03-06 08:49:45.814	525362	\N	t	Beni_Khedech	22
77	2025-03-06 08:49:45.815	2025-03-06 08:49:45.815	415561	\N	t	El_Ouslatia	2
78	2025-03-06 08:49:45.817	2025-03-06 08:49:45.817	345858	\N	t	Jebeniana	5
79	2025-03-06 08:49:45.817	2025-03-06 08:49:45.817	435159	\N	t	Sidi_Bouzid_Ouest	12
80	2025-03-06 08:49:45.818	2025-03-06 08:49:45.818	145852	\N	t	El_Battane	12
81	2025-03-06 08:49:45.817	2025-03-06 08:49:45.817	136154	\N	t	Fouchana	18
82	2025-03-06 08:49:45.821	2025-03-06 08:49:45.821	165456	\N	t	El_Fahs	22
83	2025-03-06 08:49:45.813	2025-03-06 08:49:45.813	125356	\N	t	Raoued	2
84	2025-03-06 08:49:45.822	2025-03-06 08:49:45.822	535457	\N	t	Bir_Lahmar	12
85	2025-03-06 08:49:45.831	2025-03-06 08:49:45.831	625256	\N	t	Degach	2
86	2025-03-06 08:49:45.837	2025-03-06 08:49:45.837	156457	\N	t	Grombalia	12
87	2025-03-06 08:49:45.834	2025-03-06 08:49:45.834	115151	\N	t	Carthage	2
88	2025-03-06 08:49:45.838	2025-03-06 08:49:45.838	175856	\N	t	Menzel_Bourguiba	2
89	2025-03-06 08:49:45.839	2025-03-06 08:49:45.839	515754	\N	t	El_Hamma	5
90	2025-03-06 08:49:45.841	2025-03-06 08:49:45.841	335760	\N	t	El_Djem	2
91	2025-03-06 08:49:45.843	2025-03-06 08:49:45.843	125755	\N	t	Mnihla	5
92	2025-03-06 08:49:45.844	2025-03-06 08:49:45.844	116051	\N	t	Le_Bardo	5
93	2025-03-06 08:49:45.846	2025-03-06 08:49:45.846	615757	\N	t	Metlaoui	2
94	2025-03-06 08:49:45.847	2025-03-06 08:49:45.847	175253	\N	t	Jarzouna	12
95	2025-03-06 08:49:45.847	2025-03-06 08:49:45.847	346356	\N	t	Bir_Ali_Ben_Khelifa	5
96	2025-03-06 08:49:45.848	2025-03-06 08:49:45.848	135654	\N	t	Bou_Mhel_El_Bassatine	25
97	2025-03-06 08:49:45.849	2025-03-06 08:49:45.849	515555	\N	t	El_Metouia	5
98	2025-03-06 08:49:45.848	2025-03-06 08:49:45.848	115355	\N	t	Bab_Bhar	5
99	2025-03-06 08:49:45.85	2025-03-06 08:49:45.85	125553	\N	t	Sidi_Thabet	5
100	2025-03-06 08:49:45.85	2025-03-06 08:49:45.85	336061	\N	t	Sidi_Alouane	5
105	2025-03-06 08:49:45.862	2025-03-06 08:49:45.862	235956	\N	t	El_Ksour	2
111	2025-03-06 08:49:45.874	2025-03-06 08:49:45.874	225957	\N	t	Balta_Bouawene	5
121	2025-03-06 08:49:45.884	2025-03-06 08:49:45.884	115659	\N	t	El_Omrane_Supérieur	5
125	2025-03-06 08:49:45.889	2025-03-06 08:49:45.889	115552	\N	t	El_Omrane	5
139	2025-03-06 08:49:45.905	2025-03-06 08:49:45.905	116855	\N	t	Djebel_Jelloud	16
143	2025-03-06 08:49:45.909	2025-03-06 08:49:45.909	175751	\N	t	Ghezala	19
156	2025-03-06 08:49:45.914	2025-03-06 08:49:45.914	175555	\N	t	Joumine	16
168	2025-03-06 08:49:45.924	2025-03-06 08:49:45.924	215364	\N	t	Amdoun	25
177	2025-03-06 08:49:45.929	2025-03-06 08:49:45.929	316158	\N	t	Bouficha	13
190	2025-03-06 08:49:45.937	2025-03-06 08:49:45.937	436053	\N	t	Mezzouna	3
197	2025-03-06 08:49:45.944	2025-03-06 08:49:45.944	335955	\N	t	Melloulech	17
203	2025-03-06 08:49:45.949	2025-03-06 08:49:45.949	215256	\N	t	Béja_Sud	20
217	2025-03-06 08:49:46.166	2025-03-06 08:49:46.166	315256	\N	t	Sousse_Erriadh	9
227	2025-03-06 08:49:46.172	2025-03-06 08:49:46.172	316555	\N	t	Kalaa_Sghira	9
246	2025-03-06 08:49:46.204	2025-03-06 08:49:46.204	246051	\N	t	Bargou	21
257	2025-03-06 08:49:46.213	2025-03-06 08:49:46.213	235452	\N	t	Sakiet_Sidi_Youssef	20
101	2025-03-06 08:49:45.855	2025-03-06 08:49:45.855	165155	\N	t	Zaghouan	22
107	2025-03-06 08:49:45.869	2025-03-06 08:49:45.869	155755	\N	t	Kelibia	16
112	2025-03-06 08:49:45.876	2025-03-06 08:49:45.876	515657	\N	t	Menzel_El_Habib	5
122	2025-03-06 08:49:45.879	2025-03-06 08:49:45.879	435552	\N	t	Bir_El_Hafey	5
134	2025-03-06 08:49:45.903	2025-03-06 08:49:45.903	235561	\N	t	Tajerouine	25
144	2025-03-06 08:49:45.909	2025-03-06 08:49:45.909	235751	\N	t	Kalaat_Khasbat	16
154	2025-03-06 08:49:45.914	2025-03-06 08:49:45.914	235356	\N	t	Nebeur	20
173	2025-03-06 08:49:45.927	2025-03-06 08:49:45.927	325953	\N	t	Bekalta	13
184	2025-03-06 08:49:45.934	2025-03-06 08:49:45.934	525154	\N	t	Mednine_Nord	16
195	2025-03-06 08:49:45.943	2025-03-06 08:49:45.943	235658	\N	t	Kalaat_Senan	16
207	2025-03-06 08:49:45.952	2025-03-06 08:49:45.952	615454	\N	t	Gafsa_Sud	3
218	2025-03-06 08:49:46.167	2025-03-06 08:49:46.167	426056	\N	t	Hidra	11
228	2025-03-06 08:49:46.173	2025-03-06 08:49:46.173	335851	\N	t	Chebba	7
234	2025-03-06 08:49:46.177	2025-03-06 08:49:46.177	425353	\N	t	Ezzouhour	11
243	2025-03-06 08:49:46.203	2025-03-06 08:49:46.203	415658	\N	t	Haffouz	23
248	2025-03-06 08:49:46.207	2025-03-06 08:49:46.207	426351	\N	t	Majel_Bel_Abbès	11
261	2025-03-06 08:49:46.216	2025-03-06 08:49:46.216	415455	\N	t	Sbikha	23
102	2025-03-06 08:49:45.859	2025-03-06 08:49:45.859	176354	\N	t	El_Alia	12
114	2025-03-06 08:49:45.878	2025-03-06 08:49:45.878	525958	\N	t	Sidi_Makhlouf	12
124	2025-03-06 08:49:45.887	2025-03-06 08:49:45.887	345951	\N	t	El_Amra	5
127	2025-03-06 08:49:45.895	2025-03-06 08:49:45.895	176151	\N	t	Ghar_El_Melh	19
135	2025-03-06 08:49:45.902	2025-03-06 08:49:45.902	435261	\N	t	Sidi_Bouzid_Est	22
149	2025-03-06 08:49:45.911	2025-03-06 08:49:45.911	215960	\N	t	Medjez_El_Bab	25
159	2025-03-06 08:49:45.916	2025-03-06 08:49:45.916	115751	\N	t	Ettahrir	5
167	2025-03-06 08:49:45.922	2025-03-06 08:49:45.922	215654	\N	t	Tibar	21
178	2025-03-06 08:49:45.929	2025-03-06 08:49:45.929	215852	\N	t	Goubellat	25
186	2025-03-06 08:49:45.937	2025-03-06 08:49:45.937	615153	\N	t	Gafsa_Nord	10
194	2025-03-06 08:49:45.943	2025-03-06 08:49:45.943	225153	\N	t	Jendouba_Sud	20
205	2025-03-06 08:49:45.951	2025-03-06 08:49:45.951	155852	\N	t	Hammam_El_Ghezaz	13
213	2025-03-06 08:49:46.163	2025-03-06 08:49:46.163	116152	\N	t	Essijoumi	13
221	2025-03-06 08:49:46.17	2025-03-06 08:49:46.17	245852	\N	t	Errouhia	21
231	2025-03-06 08:49:46.175	2025-03-06 08:49:46.175	245454	\N	t	Gaafour	13
239	2025-03-06 08:49:46.202	2025-03-06 08:49:46.202	426161	\N	t	Foussana	11
247	2025-03-06 08:49:46.207	2025-03-06 08:49:46.207	325156	\N	t	Monastir	9
258	2025-03-06 08:49:46.215	2025-03-06 08:49:46.215	335453	\N	t	Chorbane	7
103	2025-03-06 08:49:45.859	2025-03-06 08:49:45.859	615352	\N	t	El_Ksar	5
118	2025-03-06 08:49:45.882	2025-03-06 08:49:45.882	246153	\N	t	Aroussa	12
128	2025-03-06 08:49:45.897	2025-03-06 08:49:45.897	115956	\N	t	Cité_El_Khadra	5
137	2025-03-06 08:49:45.904	2025-03-06 08:49:45.904	225762	\N	t	Ghardimaou	16
146	2025-03-06 08:49:45.909	2025-03-06 08:49:45.909	345751	\N	t	Agareb	10
152	2025-03-06 08:49:45.914	2025-03-06 08:49:45.914	345357	\N	t	Sakeit_Ezzit	9
162	2025-03-06 08:49:45.918	2025-03-06 08:49:45.918	175953	\N	t	Tinja	19
172	2025-03-06 08:49:45.926	2025-03-06 08:49:45.926	145153	\N	t	Manouba	13
179	2025-03-06 08:49:45.93	2025-03-06 08:49:45.93	175651	\N	t	Mateur	19
187	2025-03-06 08:49:45.937	2025-03-06 08:49:45.937	345256	\N	t	Sfax_Ouest	6
199	2025-03-06 08:49:45.946	2025-03-06 08:49:45.946	325853	\N	t	Moknine	9
216	2025-03-06 08:49:46.166	2025-03-06 08:49:46.166	245756	\N	t	Makthar	21
226	2025-03-06 08:49:46.172	2025-03-06 08:49:46.172	425963	\N	t	Thala	11
241	2025-03-06 08:49:46.2	2025-03-06 08:49:46.2	165554	\N	t	En-Nadhour	21
253	2025-03-06 08:49:46.207	2025-03-06 08:49:46.207	425256	\N	t	Kasserine_Sud	13
263	2025-03-06 08:49:46.217	2025-03-06 08:49:46.217	425451	\N	t	Hassi_Ferid	11
104	2025-03-06 08:49:45.858	2025-03-06 08:49:45.858	125659	\N	t	Cité_Ettadhamen	2
117	2025-03-06 08:49:45.881	2025-03-06 08:49:45.881	235253	\N	t	Kef_Est	20
131	2025-03-06 08:49:45.9	2025-03-06 08:49:45.9	175457	\N	t	Sejnane	19
145	2025-03-06 08:49:45.909	2025-03-06 08:49:45.909	135351	\N	t	El_Mourouj	4
153	2025-03-06 08:49:45.914	2025-03-06 08:49:45.914	225657	\N	t	Fernana	16
164	2025-03-06 08:49:45.921	2025-03-06 08:49:45.921	115253	\N	t	Médina	5
174	2025-03-06 08:49:45.927	2025-03-06 08:49:45.927	315155	\N	t	Sousse_Medina	13
183	2025-03-06 08:49:45.934	2025-03-06 08:49:45.934	175157	\N	t	Bizerte_Nord	19
192	2025-03-06 08:49:45.94	2025-03-06 08:49:45.94	615653	\N	t	Redeyef	10
204	2025-03-06 08:49:45.949	2025-03-06 08:49:45.949	215154	\N	t	Béja_Nord	25
211	2025-03-06 08:49:46.163	2025-03-06 08:49:46.163	245653	\N	t	Bourouis	11
222	2025-03-06 08:49:46.171	2025-03-06 08:49:46.171	315754	\N	t	Kalaa_Kebira	9
232	2025-03-06 08:49:46.175	2025-03-06 08:49:46.175	245951	\N	t	Kesra	13
237	2025-03-06 08:49:46.2	2025-03-06 08:49:46.2	425657	\N	t	Sbiba	13
254	2025-03-06 08:49:46.211	2025-03-06 08:49:46.211	345458	\N	t	Sakeit_Eddaeir	7
106	2025-03-06 08:49:45.857	2025-03-06 08:49:45.857	425856	\N	t	Ayoun	18
113	2025-03-06 08:49:45.879	2025-03-06 08:49:45.879	116552	\N	t	El_Ouardia	5
123	2025-03-06 08:49:45.887	2025-03-06 08:49:45.887	135753	\N	t	Ezzahra	4
129	2025-03-06 08:49:45.899	2025-03-06 08:49:45.899	116356	\N	t	El_Hrairia	5
140	2025-03-06 08:49:45.905	2025-03-06 08:49:45.905	175357	\N	t	Bizerte_Sud	19
150	2025-03-06 08:49:45.911	2025-03-06 08:49:45.911	615551	\N	t	Oum_El_Araies	10
160	2025-03-06 08:49:45.916	2025-03-06 08:49:45.916	215756	\N	t	Testour	25
166	2025-03-06 08:49:45.922	2025-03-06 08:49:45.922	316052	\N	t	Enfidha	9
176	2025-03-06 08:49:45.93	2025-03-06 08:49:45.93	335358	\N	t	Ouled_Chamekh	3
191	2025-03-06 08:49:45.938	2025-03-06 08:49:45.938	525253	\N	t	Mednine_Sud	25
202	2025-03-06 08:49:45.949	2025-03-06 08:49:45.949	345160	\N	t	Sfax_Ville	6
209	2025-03-06 08:49:46.159	2025-03-06 08:49:46.159	315351	\N	t	Sousse_Jaouhara	13
219	2025-03-06 08:49:46.168	2025-03-06 08:49:46.168	135551	\N	t	Hammam_Chott	13
229	2025-03-06 08:49:46.173	2025-03-06 08:49:46.173	245253	\N	t	Siliana_Sud	21
236	2025-03-06 08:49:46.198	2025-03-06 08:49:46.198	325351	\N	t	Sahline	13
245	2025-03-06 08:49:46.204	2025-03-06 08:49:46.204	415158	\N	t	Kairouan_Nord	23
252	2025-03-06 08:49:46.209	2025-03-06 08:49:46.209	436167	\N	t	Regueb	3
262	2025-03-06 08:49:46.217	2025-03-06 08:49:46.217	315953	\N	t	Hergla	13
108	2025-03-06 08:49:45.861	2025-03-06 08:49:45.861	615256	\N	t	Sidi_Aïch	5
120	2025-03-06 08:49:45.883	2025-03-06 08:49:45.883	136263	\N	t	Mornag	2
133	2025-03-06 08:49:45.901	2025-03-06 08:49:45.901	136051	\N	t	Mohamedia	5
142	2025-03-06 08:49:45.907	2025-03-06 08:49:45.907	176457	\N	t	Ras_Jebel	19
155	2025-03-06 08:49:45.914	2025-03-06 08:49:45.914	345653	\N	t	Tina	6
163	2025-03-06 08:49:45.92	2025-03-06 08:49:45.92	115456	\N	t	Bab_Souika	5
170	2025-03-06 08:49:45.926	2025-03-06 08:49:45.926	315552	\N	t	Hammam_Sousse	9
182	2025-03-06 08:49:45.932	2025-03-06 08:49:45.932	345556	\N	t	Sfax_Sud	6
193	2025-03-06 08:49:45.94	2025-03-06 08:49:45.94	225253	\N	t	Jendouba_Nord	16
201	2025-03-06 08:49:45.946	2025-03-06 08:49:45.946	436257	\N	t	Ouled_Haffouz	3
214	2025-03-06 08:49:46.165	2025-03-06 08:49:46.165	335551	\N	t	Hebira	7
223	2025-03-06 08:49:46.171	2025-03-06 08:49:46.171	425555	\N	t	Sbeitla	9
235	2025-03-06 08:49:46.178	2025-03-06 08:49:46.178	326153	\N	t	Ksar_Hellal	9
244	2025-03-06 08:49:46.199	2025-03-06 08:49:46.199	435361	\N	t	Jilma	6
249	2025-03-06 08:49:46.208	2025-03-06 08:49:46.208	316257	\N	t	Kondar	13
256	2025-03-06 08:49:46.214	2025-03-06 08:49:46.214	415258	\N	t	Kairouan_Sud	23
109	2025-03-06 08:49:45.869	2025-03-06 08:49:45.869	615952	\N	t	El_Guetar	12
119	2025-03-06 08:49:45.882	2025-03-06 08:49:45.882	176055	\N	t	Utique	19
132	2025-03-06 08:49:45.897	2025-03-06 08:49:45.897	245552	\N	t	El_Krib	5
141	2025-03-06 08:49:45.906	2025-03-06 08:49:45.906	236056	\N	t	Dahmani	20
151	2025-03-06 08:49:45.911	2025-03-06 08:49:45.911	316456	\N	t	Msaken	6
161	2025-03-06 08:49:45.917	2025-03-06 08:49:45.917	225854	\N	t	Oued_Meliz	16
169	2025-03-06 08:49:45.924	2025-03-06 08:49:45.924	245352	\N	t	Bouaarada	20
180	2025-03-06 08:49:45.93	2025-03-06 08:49:45.93	135953	\N	t	Megrine	25
185	2025-03-06 08:49:45.937	2025-03-06 08:49:45.937	115851	\N	t	El_Menzah	5
196	2025-03-06 08:49:45.943	2025-03-06 08:49:45.943	215553	\N	t	Teboursouk	5
208	2025-03-06 08:49:45.953	2025-03-06 08:49:45.953	215465	\N	t	Nefza	25
212	2025-03-06 08:49:46.163	2025-03-06 08:49:46.163	425155	\N	t	Kasserine_Nord	11
224	2025-03-06 08:49:46.171	2025-03-06 08:49:46.171	346457	\N	t	Skhira	6
238	2025-03-06 08:49:46.2	2025-03-06 08:49:46.2	416053	\N	t	Echrarda	23
251	2025-03-06 08:49:46.209	2025-03-06 08:49:46.209	225354	\N	t	Bousalem	9
255	2025-03-06 08:49:46.214	2025-03-06 08:49:46.214	336160	\N	t	Ksour_Essaf	7
110	2025-03-06 08:49:45.873	2025-03-06 08:49:45.873	425753	\N	t	Djedeliane	5
115	2025-03-06 08:49:45.88	2025-03-06 08:49:45.88	435452	\N	t	Cebalet_Ouled_Asker	2
116	2025-03-06 08:49:45.882	2025-03-06 08:49:45.882	116751	\N	t	Sidi_El_Béchir	5
126	2025-03-06 08:49:45.891	2025-03-06 08:49:45.891	435757	\N	t	Menzel_Bouzaïane	2
130	2025-03-06 08:49:45.898	2025-03-06 08:49:45.898	135255	\N	t	La_Nouvelle_Medina	4
136	2025-03-06 08:49:45.904	2025-03-06 08:49:45.904	625356	\N	t	Tameghza	17
138	2025-03-06 08:49:45.904	2025-03-06 08:49:45.904	225452	\N	t	Tabarka	16
147	2025-03-06 08:49:45.91	2025-03-06 08:49:45.91	116655	\N	t	El_Kabaria	2
148	2025-03-06 08:49:45.91	2025-03-06 08:49:45.91	125456	\N	t	Kallat_El_Andalous	19
157	2025-03-06 08:49:45.916	2025-03-06 08:49:45.916	145355	\N	t	Oued_Ellil	20
158	2025-03-06 08:49:45.915	2025-03-06 08:49:45.915	625157	\N	t	Tozeur	17
165	2025-03-06 08:49:45.921	2025-03-06 08:49:45.921	325454	\N	t	Zermadine	13
171	2025-03-06 08:49:45.926	2025-03-06 08:49:45.926	625452	\N	t	Nefta	17
175	2025-03-06 08:49:45.928	2025-03-06 08:49:45.928	156553	\N	t	Bou_Argoub	20
181	2025-03-06 08:49:45.931	2025-03-06 08:49:45.931	346653	\N	t	Kerkennah	3
188	2025-03-06 08:49:45.938	2025-03-06 08:49:45.938	225551	\N	t	Aïn_Draham	20
189	2025-03-06 08:49:45.937	2025-03-06 08:49:45.937	235153	\N	t	Kef_Ouest	20
198	2025-03-06 08:49:45.944	2025-03-06 08:49:45.944	616056	\N	t	Belkhir	10
200	2025-03-06 08:49:45.947	2025-03-06 08:49:45.947	236159	\N	t	Sers	6
206	2025-03-06 08:49:45.951	2025-03-06 08:49:45.951	335259	\N	t	Bou_Merdès	16
210	2025-03-06 08:49:46.161	2025-03-06 08:49:46.161	625551	\N	t	Hazoua	3
215	2025-03-06 08:49:46.163	2025-03-06 08:49:46.163	435853	\N	t	Meknassy	3
220	2025-03-06 08:49:46.168	2025-03-06 08:49:46.168	315451	\N	t	Sousse_Sidi_Abdelhamid	13
225	2025-03-06 08:49:46.172	2025-03-06 08:49:46.172	335658	\N	t	Essouassi	7
230	2025-03-06 08:49:46.174	2025-03-06 08:49:46.174	245154	\N	t	Siliana_Nord	13
233	2025-03-06 08:49:46.176	2025-03-06 08:49:46.176	415852	\N	t	Bouhajla	23
240	2025-03-06 08:49:46.2	2025-03-06 08:49:46.2	325755	\N	t	Bembla	13
242	2025-03-06 08:49:46.199	2025-03-06 08:49:46.199	326251	\N	t	Ksibet_El_Mediouni	13
250	2025-03-06 08:49:46.207	2025-03-06 08:49:46.207	315655	\N	t	Akouda	13
259	2025-03-06 08:49:46.213	2025-03-06 08:49:46.213	135452	\N	t	Hammam_Lif	13
260	2025-03-06 08:49:46.214	2025-03-06 08:49:46.214	415958	\N	t	Nasrallah	23
1	2025-07-01 13:57:15.987	2025-07-01 13:57:15.987	3150	\N	t	Elala	23
\.


--
-- Data for Name: derogation; Type: TABLE DATA; Schema: public; Owner: root
--

COPY public.derogation (id, created_at, updated_at, decided_by, justification, requested_by, status, admissibility_grid_id, project_identity_id) FROM stdin;
\.


--
-- Data for Name: device; Type: TABLE DATA; Schema: public; Owner: root
--

COPY public.device (id, created_at, updated_at, code, description, is_active, name) FROM stdin;
\.


--
-- Data for Name: difference_evaluation_response; Type: TABLE DATA; Schema: public; Owner: root
--

COPY public.difference_evaluation_response (id, created_at, updated_at, admin_remarks, admin_response, component_id, criteria_id, indicator_id, project_remarks, project_response, status, admin_evaluation_id, project_evaluation_id) FROM stdin;
3	2025-06-27 08:59:54.145	2025-06-27 08:59:54.145	\N	Le cadre logique du projet précise : (i) les résultats attendus, (ii) les objectifs spécifiques et (iii) les objectifs généraux. Pour ces trois éléments, le cadre logique présente des indicateurs objectivement vérifiables. Seules les valeurs cibles des indicateurs ont été identifiées. 	11	41	678	\N	Le cadre logique du projet précise : (i) les résultats attendus, (ii) les objectifs spécifiques et (iii) les objectifs généraux. Pour ces trois éléments, le cadre logique présente des indicateurs objectivement vérifiables (IOV).  Des valeurs de référence et des valeurs cibles sont définies pour les l’ensemble des indicateurs.	PENDING	3	3
4	2025-06-27 08:59:54.147	2025-06-27 08:59:54.147	\N	\N	11	42	679	\N	La documentation du projet présente un chronogramme qui détaille l’ensemble des activités pour chacun des processus du cycle de gestion du projet (préparation, priorisation, programmation budgétaire, contractualisation, mise en œuvre, évaluation). Le planning intègre également des éléments prévisionnels relatif à la passation des marchés prévus pour la réalisation du projet. Le chronogramme du projet est présenté sous la forme d’un diagramme de Gantt qui précise les liens de dépendance entre les tâches, ainsi que les principaux jalons et/ou les ressources associées à chaque tâche.	PENDING	3	3
5	2025-06-27 08:59:54.149	2025-06-27 08:59:54.149	\N	\N	11	43	680	\N	Le coût total du projet intègre l’ensemble des rubriques (immobilier, mobilier, biens et services, prestations extérieures, études spécifiques, indemnités expropriations, etc.). L’estimation du coût total est déterminée sur la base de méthodes rigoureuses s'appuyant sur des données actualisées (Coûts paramétriques mercuriale des prix, etc.).  Le coût total inclut une provision pour la couverture des risques et dépenses imprévues du projet. Le coût total (dépenses) du projet est ventilé par année. Les charges récurrentes pour l’exploitation de l’ouvrage sont estimées et détaillées par principale rubrique (Biens et services, Rémunération, Entretiens, etc.)	PENDING	3	3
6	2025-06-27 08:59:54.152	2025-06-27 08:59:54.152	\N	\N	11	44	681	\N	L’analyse de risque a porté sur au moins trois des catégories de risques ci-après :  risques techniques, risques d’opposition sociale, risques environnementaux, risques institutionnels, risques financiers. Pour les différents risques identifiés, la nature du risque a été précisée.	PENDING	3	3
7	2025-06-27 08:59:54.155	2025-06-27 08:59:54.155	\N	\N	12	45	682	\N	En phase de croisière, l’ouvrage génère des recettes d’exploitation supérieures aux charges récurrentes de l’ouvrage 	PENDING	3	3
8	2025-06-27 08:59:54.157	2025-06-27 08:59:54.157	\N	\N	12	46	683	\N	Le projet permettra la création d’au moins 150 nouveaux emplois par million DTN investi. 	PENDING	3	3
9	2025-06-27 08:59:54.159	2025-06-27 08:59:54.159	\N	\N	12	47	684	\N	La documentation du projet précise les filières impactées positivement par le projet. L’impact sur le développement des filières identifiées est justifié et estimé avec une méthode rigoureuse. Le projet appartient à une filière économique et un secteur identifié par la cadre institutionnel comme prioritaire.	PENDING	3	3
10	2025-06-27 08:59:54.161	2025-06-27 08:59:54.161	\N	\N	12	48	685	\N	La part qui sera mise en œuvre par les entreprises nationales est inférieure à 20 %.	PENDING	3	3
11	2025-06-27 08:59:54.164	2025-06-27 08:59:54.164	\N	\N	13	49	686	\N	Le projet est implanté dans un ou plusieurs gouvernorats/délégations disposant d’un IDR moyen en dessous de 0,513.	PENDING	3	3
12	2025-06-27 08:59:54.166	2025-06-27 08:59:54.166	\N	\N	13	50	687	\N	Le cadre logique du projet précise : (i) les résultats attendus, (ii) les objectifs spécifiques et (iii) les objectifs généraux. Pour ces trois éléments, le cadre logique présente des indicateurs objectivement vérifiables (IOV).  Des valeurs de référence et des valeurs cibles sont définies pour les l’ensemble des indicateurs.	PENDING	3	3
13	2025-06-27 08:59:54.167	2025-06-27 08:59:54.167	\N	\N	13	51	688	\N	La documentation du projet ne comprend aucun élément d’analyse et ne présente aucun dispositif permettant d’assurer l’accessibilité des personnes à mobilité réduite.	PENDING	3	3
14	2025-06-27 08:59:54.168	2025-06-27 08:59:54.168	\N	\N	13	52	689	\N	Une ou plusieurs séances de consultation ont été organisées pendant le processus de préparation du projet au cours desquelles les populations et les parties prenantes du projet ont été invitées à donner leur avis sur le contenu du projet.  La dimension genre a été prise en compte lors des consultations. Ces séances de consultation ont donné lieu à un compte-rendu qui a été largement publié.	PENDING	3	3
15	2025-06-27 08:59:54.169	2025-06-27 08:59:54.169	\N	\N	14	53	690	\N	La documentation du projet a identifié les sources d’émission de gaz à effet de serre dans les phases de construction et d’exploitation. Les émissions ont été estimées avec une méthode rigoureuse. La réduction des gaz à effet de serre constitue la raison d’existence du projet ou ce dernier prévoit des mesures pour réduire significativement ses émissions pendant les phases de construction et d’exploitation. 	PENDING	3	3
16	2025-06-27 08:59:54.169	2025-06-27 08:59:54.169	\N	\N	14	54	691	\N	Le projet ne nécessite pas de déclassifier des terres agricoles et ne détériore pas les terres agricoles avoisinantes.	PENDING	3	3
17	2025-06-27 08:59:54.17	2025-06-27 08:59:54.17	\N	\N	14	55	692	\N	Les risques liés au changement climatique ont été identifiés et définis par nature, criticité et gravité. L’impact du changement climatique sur le fonctionnement normal de l’infrastructure a été étudié et estimé avec une méthode rigoureuse.	PENDING	3	3
18	2025-06-27 08:59:54.17	2025-06-27 08:59:54.17	\N	\N	14	56	693	\N	L’impact du projet sur la biodiversité du lieu de son implantation a été étudié avec une méthode rigoureuse. L’étude conclue à un impact positif du projet sur la biodiversité de son lieu d’implantation.	PENDING	3	3
19	2025-06-27 08:59:54.171	2025-06-27 08:59:54.171	\N	\N	15	57	694	\N	Le projet n’est pas conçu spécifiquement pour opérationnaliser une infrastructure existante mais contribuera à l’optimisation du fonctionnement d’une infrastructure existante ou en cours de réalisation.	PENDING	3	3
20	2025-06-27 08:59:54.172	2025-06-27 08:59:54.172	\N	\N	15	58	695	\N	La documentation du projet démontre sa contribution à la résolution des goulots d’étranglement que subissent une ou plusieurs infrastructures intervenant dans le même domaine dans la région. La contribution du projet permet de soulager le goulot d’étranglement.	PENDING	3	3
21	2025-06-27 08:59:54.173	2025-06-27 08:59:54.173	\N	\N	15	59	696	\N	La documentation du projet démontre la contribution du projet au désenclavement du territoire dans lequel il est implanté. Le projet permettra d’attirer et de faciliter l’implantation d’autres infrastructures dans le territoire enclavé.	PENDING	3	3
22	2025-06-27 08:59:54.173	2025-06-27 08:59:54.173	\N	\N	15	60	697	\N	Le projet ne constitue pas et ne comprend pas d’innovation technique, de procédé ou de montage financier.	PENDING	3	3
33	2025-06-27 10:30:16.866	2025-06-27 10:42:26.06	\N	Une ou plusieurs séances de consultation ont été organisées pendant le processus de préparation du projet au cours desquelles les populations et les parties prenantes du projet ont été invitées à donner leur avis sur le contenu du projet.  La dimension genre a été prise en compte lors des consultations. Ces séances de consultation ont donné lieu à un (ou des) compte(s)-rendu(s) sans être publié(s) aux parties prenantes.	18	72	689	\N	Une ou plusieurs séances de consultation ont été organisées pendant le processus de préparation du projet au cours desquelles les populations et les parties prenantes du projet ont été invitées à donner leur avis sur le contenu du projet.  La dimension genre a été prise en compte lors des consultations. Ces séances de consultation ont donné lieu à un compte-rendu qui a été largement publié.	PENDING	4	4
27	2025-06-27 10:30:16.854	2025-06-27 11:18:08.122	\N	Le projet permettra la création d’au moins 60 nouveaux emplois par million DTN investi. 	17	66	683	\N	Le projet permettra la création d’au moins 15 nouveaux emplois par million DTN investi. 	PENDING	4	4
28	2025-06-27 10:30:16.856	2025-06-27 11:18:08.122	\N	La documentation du projet a identifié les filières impactées par le projet. L’impact est justifié sans être estimé sur la base d’une méthode rigoureuse.	17	67	684	\N	La documentation du projet précise les filières impactées positivement par le projet. L’impact sur le développement des filières identifiées est justifié et estimé avec une méthode rigoureuse.	PENDING	4	4
30	2025-06-27 10:30:16.862	2025-06-27 11:27:18.09	\N	Le projet est implanté dans un ou plusieurs gouvernorats/délégations disposant d’un IDR moyen en dessous de 0,513.	18	69	686	\N	Le projet est implanté dans un ou plusieurs gouvernorats/délégations disposant d’un IDR moyen en dessous de 0,421.	PENDING	4	4
34	2025-06-27 10:30:16.868	2025-06-27 11:30:19.842	\N	Le projet ne prévoit aucun dispositif pour limiter les émissions de gaz à effet de serre pendant la phase de construction et/ou d’exploitation	19	73	690	\N	La documentation du projet a identifié les sources d’émission de gaz à effet de serre dans les phases de construction et d’exploitation	PENDING	4	4
35	2025-06-27 10:30:16.868	2025-06-27 11:30:19.842	\N	Le projet ne nécessite pas de déclassifier des terres agricoles. Le projet prévoit des mesures permettant d’éviter la détérioration des terres agricoles avoisinantes.	19	74	691	\N	Le projet ne nécessite pas de déclassifier des terres agricoles et ne détériore pas les terres agricoles avoisinantes.	PENDING	4	4
23	2025-06-27 10:30:16.843	2025-06-27 10:39:31.868	\N	La documentation du projet présente un chronogramme qui détaille l’ensemble des activités pour chacun des processus du cycle de gestion du projet sans intégrer les éléments relatifs à la passation des marchés publics prévus le projet.  	16	62	679	\N	La documentation du projet présente un chronogramme qui détaille seulement les activités relatives à la réalisation du projet en précisant les délais de leur mise en œuvre.	PENDING	4	4
24	2025-06-27 10:30:16.846	2025-06-27 10:39:31.868	\N	Le coût total du projet intègre l’ensemble des rubriques (immobilier, mobilier, biens et services, prestations extérieures, études spécifiques, indemnités expropriations, etc.).  L’estimation du coût total est déterminée sur la base de méthodes rigoureuses s'appuyant sur des données actualisées (Coûts paramétriques mercuriale des prix, etc.).  Le coût total du projet est ventilé par année.	16	63	680	\N	Le coût total du projet intègre l’ensemble des rubriques (immobilier, mobilier, biens et services, prestations extérieures, études spécifiques, indemnités expropriations, etc.). L’estimation du coût total est déterminée sur la base de méthodes rigoureuses s'appuyant sur des données actualisées (Coûts paramétriques mercuriale des prix, etc.).  Le coût total inclut une provision pour la couverture des risques et dépenses imprévues du projet. Le coût total (dépenses) du projet est ventilé par année.	PENDING	4	4
25	2025-06-27 10:30:16.848	2025-06-27 10:39:31.868	\N	L’analyse de risque a porté sur au moins trois des catégories de risques ci-après :  risques techniques, risques d’opposition sociale, risques environnementaux, risques institutionnels, risques financiers. Pour les différents risques identifiés, la nature du risque a été précisée.	16	64	681	\N	L’analyse de risque présente des éléments rudimentaires sur l’une ou plusieurs des catégories de risques suivantes :  risques techniques, risques d’opposition sociale, risques environnementaux, risques institutionnels, risques financier	PENDING	4	4
37	2025-06-27 10:30:16.87	2025-06-27 10:47:42.515	\N	L’impact du projet sur la biodiversité du lieu de son implantation a été étudié avec une méthode rigoureuse mais les mesures d’évitement des impacts négatifs n’ont pas été identifiées et étudiées.	19	76	693	\N	L’impact du projet sur la biodiversité du lieu de son implantation a été étudié avec une méthode rigoureuse. L’étude conclue à un impact négatif du projet sur la biodiversité du lieu e son implantation, toutefois les mesures d’évitement des impacts négatifs ont été identifiées et étudiées. 	PENDING	4	4
39	2025-06-27 10:30:16.872	2025-06-27 11:38:44.466	\N	La documentation du projet démontre sa contribution à la résolution des goulots d’étranglement que subissent une ou plusieurs infrastructures intervenant dans le même domaine dans la région. La contribution du projet permet de soulager le goulot d’étranglement.	20	78	695	\N	La documentation du projet démontre sa contribution à la résolution des goulots d’étranglement que subissent une ou plusieurs infrastructures intervenant dans le même domaine dans la région. La contribution du projet permet de résoudre significativement le goulot d’étranglement.	PENDING	4	4
40	2025-06-27 10:30:16.872	2025-06-27 11:38:44.466	\N	La documentation du projet démontre la contribution du projet au désenclavement du territoire dans lequel il est implanté. Le projet permet de connecter deux ou plusieurs centres urbains. 	20	79	696	\N	La documentation du projet démontre la contribution du projet au désenclavement du territoire dans lequel il est implanté. Le projet permet de connecter une zone rurale à un centre urbain.	PENDING	4	4
42	2025-07-01 10:57:45.527	2025-07-01 10:57:45.527	\N	\N	21	83	680	\N	Le coût total du projet intègre l’ensemble des rubriques (immobilier, mobilier, biens et services, prestations extérieures, études spécifiques, indemnités expropriations, etc.). L’estimation du coût total est déterminée sur la base de méthodes rigoureuses s'appuyant sur des données actualisées (Coûts paramétriques mercuriale des prix, etc.).  Le coût total inclut une provision pour la couverture des risques et dépenses imprévues du projet. Le coût total (dépenses) du projet est ventilé par année.	PENDING	5	2
43	2025-07-01 10:57:45.527	2025-07-01 10:57:45.527	\N	La documentation du projet précise les filières impactées positivement par le projet. L’impact sur le développement des filières identifiées est justifié et estimé avec une méthode rigoureuse.	22	87	684	\N	La documentation du projet précise les filières impactées positivement par le projet. L’impact sur le développement des filières identifiées est justifié et estimé avec une méthode rigoureuse. Le projet appartient à une filière économique et un secteur identifié par la cadre institutionnel comme prioritaire.	PENDING	5	2
44	2025-07-01 10:57:45.527	2025-07-01 10:57:45.527	\N	Le cadre logique du projet précise : (i) les résultats attendus, (ii) les objectifs spécifiques et (iii) les objectifs généraux. Pour ces trois éléments, le cadre logique présente des indicateurs objectivement vérifiables sans préciser les valeurs de référence et les valeurs cibles.	23	90	687	\N	Le cadre logique du projet précise : (i) les résultats attendus, (ii) les objectifs spécifiques et (iii) les objectifs généraux. Pour ces trois éléments, le cadre logique présente des indicateurs objectivement vérifiables (IOV).  Des valeurs de référence et des valeurs cibles sont définies pour les l’ensemble des indicateurs.	PENDING	5	2
45	2025-07-01 10:57:45.527	2025-07-01 10:57:45.527	\N	Le projet ne nécessite pas de déclassifier des terres agricoles. Le projet prévoit des mesures permettant d’éviter la détérioration des terres agricoles avoisinantes.	24	94	691	\N	Le projet ne nécessite pas de déclassifier des terres agricoles et ne détériore pas les terres agricoles avoisinantes.	PENDING	5	2
46	2025-07-01 10:57:45.527	2025-07-01 10:57:45.527	\N	Aucune analyse de risques liés au changement climatique n’a été réalisée ou la documentation du projet n’inclut aucune étude de mesure d’adaptation au changement climatique. 	24	95	692	\N	Les risques liés au changement climatique ont été identifiés et définis par nature, criticité et gravité. L’impact du changement climatique sur le fonctionnement normal de l’infrastructure a été étudié et estimé avec une méthode rigoureuse.	PENDING	5	2
47	2025-07-01 10:57:45.527	2025-07-01 10:57:45.527	\N	L’impact du projet sur la biodiversité du lieu de son implantation a été étudié avec une méthode rigoureuse. L’étude conclue à un impact négatif du projet sur la biodiversité du lieu e son implantation, toutefois les mesures d’évitement des impacts négatifs ont été identifiées et étudiées. 	24	96	693	\N	L’impact du projet sur la biodiversité du lieu de son implantation a été étudié avec une méthode rigoureuse. L’étude conclue à un impact positif du projet sur la biodiversité de son lieu d’implantation.	PENDING	5	2
48	2025-07-01 10:57:45.527	2025-07-01 10:57:45.527	\N	Le projet n’a pas d’impact direct ou indirect sur l’opérationnalisation d’une autre infrastructure existante ou en cours de réalisation.	25	97	694	\N	Le projet est conçu spécifiquement et considéré comme indispensable à l’opérationnalisation d’une infrastructure existante ou en cours de réalisation.	PENDING	5	2
49	2025-07-01 10:57:45.527	2025-07-01 10:57:45.527	\N	Le projet n’a pas vocation à résoudre les goulots d’étranglement que peuvent connaitre les infrastructures existantes dans la région dans le domaine. 	25	98	695	\N	La documentation du projet démontre sa contribution à la résolution des goulots d’étranglement que subissent une ou plusieurs infrastructures intervenant dans le même domaine dans la région. La contribution du projet permet de résoudre complètement le goulot d’étranglement. 	PENDING	5	2
50	2025-07-01 10:57:45.527	2025-07-01 10:57:45.527	\N	L’un des objectifs du projet consiste à contribuer au désenclavement du territoire dans lequel il est implanté mais les modalités et l’impact ne sont pas précisés dans la documentation du projet.	25	99	696	\N	La documentation du projet démontre la contribution du projet au désenclavement du territoire dans lequel il est implanté. Le projet permet de connecter une zone rurale à un centre urbain.	PENDING	5	2
51	2025-07-01 10:57:45.527	2025-07-01 10:57:45.527	\N	Le projet ne constitue pas et ne comprend pas d’innovation technique, de procédé ou de montage financier.	25	100	697	\N	La documentation du projet démontre que le projet constitue ou comprend une innovation technique, de procédé ou de montage financier. Le projet est conçu comme un projet pilote à généraliser. Le porteur de projet prévoit l’évaluation du projet pilote avant sa généralisation.	PENDING	5	2
52	2025-07-01 14:20:06.828	2025-07-01 14:20:06.828	\N	Le cadre logique du projet précise : (i) les résultats attendus, (ii) les objectifs spécifiques et (iii) les objectifs généraux. Pour ces trois éléments, le cadre logique présente des indicateurs objectivement vérifiables. Seules les valeurs cibles des indicateurs ont été identifiées. 	26	101	678	\N	Le cadre logique du projet précise : (i) les résultats attendus, (ii) les objectifs spécifiques et (iii) les objectifs généraux. Pour ces trois éléments, le cadre logique présente des indicateurs objectivement vérifiables (IOV).  Des valeurs de référence et des valeurs cibles sont définies pour les l’ensemble des indicateurs.	PENDING	6	5
\.


--
-- Data for Name: districts; Type: TABLE DATA; Schema: public; Owner: root
--

COPY public.districts (id, created_at, updated_at, code, description, is_active, name) FROM stdin;
2	2025-03-06 07:53:17.082	2025-03-06 07:53:17.082	D3	Regroupe les gouvernorats de Siliana, Sousse, Kasserine, Kairouan, Monastir et Mahdia	t	Troisième district
3	2025-03-06 07:53:17.084	2025-03-06 07:53:17.084	D1	Comprend les gouvernorats de Bizerte, Béja, Jendouba et Le Kef	t	Premier district
4	2025-03-06 07:53:17.083	2025-03-06 07:53:17.083	D5	Inclut les gouvernorats de Tataouine, Gabès, Kébili et Médenine	t	Cinquième district
5	2025-03-06 07:53:17.082	2025-03-06 07:53:17.082	D4	Comprend les gouvernorats de Tozeur, Sidi Bouzid, Sfax et Gafsa	t	Quatrième district
6	2025-03-06 07:53:17.084	2025-03-06 07:53:17.084	D2	Inclut les gouvernorats de Tunis, Ariana, Ben Arous, Zaghouan, Manouba et Nabeul	t	Deuxième district
\.


--
-- Data for Name: economic_nature; Type: TABLE DATA; Schema: public; Owner: root
--

COPY public.economic_nature (id, created_at, updated_at, code, description, is_active, name) FROM stdin;
\.


--
-- Data for Name: evaluation_critiria; Type: TABLE DATA; Schema: public; Owner: root
--

COPY public.evaluation_critiria (id, created_at, updated_at, code, description, is_active, name, evaluation_component_id) FROM stdin;
638	2025-03-07 05:40:02.251	2025-03-07 05:40:02.354	QP1	Apprécie l’adéquation entre les objectifs, les activités et les résultats attendus, ainsi que la pertinence du projet par rapport aux besoins identifiés.	f	Cohérence et qualité de la logique d’intervention	173
639	2025-03-07 05:40:02.251	2025-03-07 05:40:02.354	QP2	Évalue la clarté de la gouvernance, la planification opérationnelle et la qualité des procédures de passation de marchés pour assurer une mise en œuvre efficace.	f	1.2. Pilotage et Planification des activités y compris les marchés publics	173
640	2025-03-07 05:40:02.251	2025-03-07 05:40:02.354	QP3	Vérifie la solidité et la transparence du montage financier, en s’assurant que les ressources allouées sont suffisantes et viables à long terme.	f	Budget et plan de financement	173
641	2025-03-07 05:40:02.251	2025-03-07 05:40:02.354	QP4	Analyse la capacité du projet à maintenir son équilibre économique dans la durée, grâce à des mécanismes de financement adaptés.	f	Soutenabilité financière	173
642	2025-03-07 05:40:02.251	2025-03-07 05:40:02.354	IE1	Mesure le potentiel de création d’emplois directs et indirects, favorisant le développement du marché du travail local.	f	Soutenabilité financière	174
643	2025-03-07 05:40:02.252	2025-03-07 05:40:02.354	IE2	Analyse la capacité du projet à maintenir son équilibre économique dans la durée, grâce à des mécanismes de financement adaptés.	f	Génération d'emplois	174
644	2025-03-07 05:40:02.252	2025-03-07 05:40:02.354	IE3	Apprécie l’impact du projet sur la dynamique économique locale, notamment la création de nouvelles activités ou l’essor des investissements.	f	Augmentation des opportunités économiques dans la région	174
645	2025-03-07 05:40:02.252	2025-03-07 05:40:02.354	IE4	Évalue les retombées pour les acteurs économiques nationaux, comme l’accès à de nouveaux marchés, les partenariats ou le renforcement des capacités.	f	Avantages pour les entreprises nationales.	174
646	2025-03-07 05:40:02.252	2025-03-07 05:40:02.354	IS1	Examine dans quelle mesure le projet contribue à atténuer les disparités existantes et à promouvoir une répartition plus équitable des bénéfices.	f	. Réduction des inégalités (géographiques, économiques, genre)	175
647	2025-03-07 05:40:02.252	2025-03-07 05:40:02.354	IS2	Apprécie l’impact du projet sur l’accessibilité et la qualité des services essentiels (éducation, santé, transport, etc.).	f	 Amélioration de l'accès aux services publics	175
648	2025-03-07 05:40:02.252	2025-03-07 05:40:02.354	IS3	Évalue la contribution du projet à l’intégration de tous les groupes sociaux et au renforcement du lien social.	f	Amélioration de l’inclusion et de la cohésion sociale	175
649	2025-03-07 05:40:02.252	2025-03-07 05:40:02.354	IS4	Mesure l’adhésion des parties prenantes, leur participation au projet et la prise en compte de leurs préoccupations.	f	Acceptabilité sociale du projet	175
650	2025-03-07 05:40:02.252	2025-03-07 05:40:02.354	IEC1	Évalue les effets potentiels du projet sur l’environnement (émissions, déchets, nuisances) et les mesures préventives ou correctives envisagées.	f	Pollution et risques environnementaux	176
651	2025-03-07 05:40:02.252	2025-03-07 05:40:02.354	IEC2	Apprécie la prise en compte de la préservation des ressources (eau, sols, forêts, etc.) et l’efficacité de leur exploitation.	f	Gestion durable des ressources naturelles	176
652	2025-03-07 05:40:02.252	2025-03-07 05:40:02.354	IEC3	Examine la résilience du projet face aux aléas climatiques et sa contribution à l’adaptation ou à l’atténuation des effets du changement climatique.	f	Prévention des catastrophes naturelles et Changement climatique	176
653	2025-03-07 05:40:02.252	2025-03-07 05:40:02.354	IEC4	Analyse la protection de la faune, de la flore et des habitats naturels, ainsi que l’intégration d’actions pour maintenir la diversité biologique.	f	 Préservation de la biodiversité et des écosystèmes	176
654	2025-03-07 05:40:02.253	2025-03-07 05:40:02.354	IT1	Vérifie la cohérence du projet avec d’autres initiatives et la manière dont il s’inscrit dans un ensemble plus large pour maximiser l’impact.	f	 Complémentarité et synergie avec les autres projets	177
655	2025-03-07 05:40:02.253	2025-03-07 05:40:02.354	IT2	Évalue dans quelle mesure le projet tire parti et améliore les infrastructures déjà en place, évitant les doublons et optimisant les ressources.	f	Valorisation des infrastructures existantes	177
656	2025-03-07 05:40:02.253	2025-03-07 05:40:02.354	IT3	Apprécie la contribution du projet à l’aménagement et au développement territorial, ainsi que son rôle dans la coopération ou la mise en réseau régionale.	f	Transformation du territoire et intégration régionale	177
657	2025-03-07 05:40:02.253	2025-03-07 05:40:02.354	IT4	Examine le degré de nouveauté du projet, son potentiel de reproductibilité et sa capacité à servir de référence pour d’autres initiatives.	f	Innovation et caractère pilote du projet	177
181	2025-05-05 09:02:44.376	2025-05-05 09:02:44.448	IT1	Vérifie la cohérence du projet avec d’autres initiatives et la manière dont il s’inscrit dans un ensemble plus large pour maximiser l’impact.	f	 Complémentarité et synergie avec les autres projets	46
182	2025-05-05 09:02:44.376	2025-05-05 09:02:44.448	IT2	Évalue dans quelle mesure le projet tire parti et améliore les infrastructures déjà en place, évitant les doublons et optimisant les ressources.	f	Valorisation des infrastructures existantes	46
183	2025-05-05 09:02:44.376	2025-05-05 09:02:44.448	IT3	Apprécie la contribution du projet à l’aménagement et au développement territorial, ainsi que son rôle dans la coopération ou la mise en réseau régionale.	f	Transformation du territoire et intégration régionale	46
184	2025-05-05 09:02:44.376	2025-05-05 09:02:44.448	IT4	Examine le degré de nouveauté du projet, son potentiel de reproductibilité et sa capacité à servir de référence pour d’autres initiatives.	f	Innovation et caractère pilote du projet	46
185	2025-05-05 09:02:44.376	2025-05-05 09:02:44.449	QP1	Apprécie l’adéquation entre les objectifs, les activités et les résultats attendus, ainsi que la pertinence du projet par rapport aux besoins identifiés.	f	Cohérence et qualité de la logique d’intervention	47
186	2025-05-05 09:02:44.376	2025-05-05 09:02:44.449	QP2	Évalue la clarté de la gouvernance, la planification opérationnelle et la qualité des procédures de passation de marchés pour assurer une mise en œuvre efficace.	f	Pilotage et Planification des activités y compris les marchés publics	47
187	2025-05-05 09:02:44.377	2025-05-05 09:02:44.449	QP3	Vérifie la solidité et la transparence du montage financier, en s’assurant que les ressources allouées sont suffisantes et viables à long terme.	f	Budget et plan de financement	47
188	2025-05-05 09:02:44.377	2025-05-05 09:02:44.449	QP4	Analyse la qualité de prise en compte des risques inhérents à la réalisation du projet. 	f	Gestion de risques et durabilité	47
189	2025-05-05 09:02:44.377	2025-05-05 09:02:44.449	IE1	Analyse la capacité du projet à maintenir son équilibre économique dans la durée, grâce à des mécanismes de financement adaptés.	f	Soutenabilité financière	48
190	2025-05-05 09:02:44.377	2025-05-05 09:02:44.449	IE2	Analyse le potentiel du projet à créer des emplois directs et indirects. 	f	Génération d'emplois	48
191	2025-05-05 09:02:44.377	2025-05-05 09:02:44.449	IE3	Apprécie l’impact du projet sur la dynamique économique locale, notamment la création de nouvelles activités ou l’essor des investissements.	f	Augmentation des opportunités économiques dans la région	48
192	2025-05-05 09:02:44.377	2025-05-05 09:02:44.449	IE4	Évalue les retombées pour les acteurs économiques nationaux, comme l’accès à de nouveaux marchés, les partenariats ou le renforcement des capacités.	f	Avantages pour les entreprises nationales.	48
193	2025-05-05 09:02:44.377	2025-05-05 09:02:44.449	IS1	Examine dans quelle mesure le projet contribue à atténuer les disparités existantes et à promouvoir une répartition plus équitable des bénéfices.	f	. Réduction des inégalités (géographiques, économiques, genre)	49
194	2025-05-05 09:02:44.377	2025-05-05 09:02:44.449	IS2	Apprécie l’impact du projet sur l’accessibilité et la qualité des services essentiels (éducation, santé, transport, etc.).	f	 Amélioration de l'accès aux services publics	49
195	2025-05-05 09:02:44.377	2025-05-05 09:02:44.449	IS3	Évalue la contribution du projet à l’intégration de tous les groupes sociaux et au renforcement du lien social.	f	Amélioration de l’inclusion et de la cohésion sociale	49
196	2025-05-05 09:02:44.377	2025-05-05 09:02:44.449	IS4	Mesure l’adhésion des parties prenantes, leur participation au projet et la prise en compte de leurs préoccupations.	f	Acceptabilité sociale du projet	49
197	2025-05-05 09:02:44.378	2025-05-05 09:02:44.449	IEC1	Évalue les effets potentiels du projet sur l’environnement (émissions, déchets, nuisances) et les mesures préventives ou correctives envisagées.	f	Pollution et risques environnementaux	50
198	2025-05-05 09:02:44.378	2025-05-05 09:02:44.449	IEC2	Apprécie la prise en compte de la préservation des ressources (eau, sols, forêts, etc.) et l’efficacité de leur exploitation.	f	Gestion durable des ressources naturelles	50
199	2025-05-05 09:02:44.378	2025-05-05 09:02:44.449	IEC3	Examine la résilience du projet face aux aléas climatiques et sa contribution à l’adaptation ou à l’atténuation des effets du changement climatique.	f	Prévention des catastrophes naturelles et Changement climatique	50
200	2025-05-05 09:02:44.378	2025-05-05 09:02:44.449	IEC4	Analyse la protection de la faune, de la flore et des habitats naturels, ainsi que l’intégration d’actions pour maintenir la diversité biologique.	f	 Préservation de la biodiversité et des écosystèmes	50
\.


--
-- Data for Name: evaluation_grid; Type: TABLE DATA; Schema: public; Owner: root
--

COPY public.evaluation_grid (id, created_at, updated_at, code, description, is_active, max_component, max_crtieras, max_indicator, max_normes, max_note, name, state) FROM stdin;
1	2025-05-05 08:53:42.599	2025-05-19 17:09:10.774	GEV2526	Grille d'évaluation permettant d'apprécier le potentiel du projet, traduit par un indice composé des notes des composantes d'impact.	f	5	4	1	6	5	Grille d'évaluation 2025-2026_V2	validé
3	2025-03-06 09:38:04.871	2025-05-19 17:09:10.774	GE2526-copy	Grille d'évaluation permettant d'apprécier le potentiel du projet, traduit par un indice composé des notes des composantes d'impact/	t	5	4	1	6	5	Grille d'évaluation 2025-2026	validé
\.


--
-- Data for Name: evaluation_indicateur; Type: TABLE DATA; Schema: public; Owner: root
--

COPY public.evaluation_indicateur (id, created_at, updated_at, code, description, is_active, name, evaluation_critiria_id) FROM stdin;
679	2025-03-07 05:40:02.251	2025-03-07 05:40:02.354	QP21	<p>Le chronogramme d'un projet est une représentation temporelle détaillée des activités et des étapes clés qui doivent être réalisées pour mener à bien le projet dans les délais impartis. Il s'agit d'une planification stratégique et opérationnelle qui établit les dates de début et de fin de chaque tâche, ainsi que les dépendances et les séquences entre elles. Un chronogramme précis est crucial car il permet une gestion efficace du temps, une allocation appropriée des ressources et une coordination adéquate des parties prenantes. Il facilite la surveillance et le suivi du progrès du projet, permettant ainsi une identification précoce des écarts et des retards éventuels. Un chronogramme précis permet également une communication claire et transparente entre les membres de l'équipe du projet et les parties prenantes, en établissant des attentes réalistes et en favorisant la confiance. En somme, un chronogramme précis est essentiel pour assurer une exécution efficace du projet, respecter les délais et atteindre les objectifs fixés.</p><p><br></p><p>Ainsi, la présente question évaluative vise à valoriser les projets qui présente une maitrise complète du cycle de gestion du projet en utilisant des méthodes et outils appropriées (Gantt, MS Project, Gantt-Project, etc.). La maitrise de la planification des marchés publics prévue par le projet montre que le porteur a bien anticipé sur la durée et les enjeux liées à la contractualisation (ce qui constitue l’une des causes majeures des projets en souffrance).&nbsp;La planification devrait couvrir l’ensemble du cycle mais un projet peut ne présenter que les éléments liés à la réalisation issus des études de faisabilité. Bien que les données indiquées puissent présenter des incohérences, dans le cadre de cette évaluation, l’effort de présenter un chronogramme est néanmoins valorisé. Dans le cas où les informations indiquées ne correspondent aux activités du projet et ne permettent pas de renseigner sur la planification du projet, le chronogramme présenté n’est pas recevable.&nbsp;</p><p><br></p><p><br></p><p>Pour aller plus loin :&nbsp;</p><p>-\tVoir la fiche-outil sur le planning élaboré dans la boite à outils de l’identification des projets (PAGIP 1)</p><p>-\thttps://gantt-project.fr.uptodown.com/windows</p>	f	La planification des activités du projet est-elle maitrisée ?	639
692	2025-03-07 05:40:02.252	2025-03-07 05:40:02.354	IEC31	<p>L'analyse de risques liés aux changements climatiques dans le cadre de ce projet fait référence à l'évaluation des menaces et des impacts potentiels que les changements climatiques peuvent avoir sur l'infrastructure et les activités associées. Cette analyse vise à comprendre comment les changements climatiques peuvent influencer la viabilité et la durabilité du projet, et permet de définir les mesures d'adaptation nécessaires pour minimiser les risques et maximiser la résilience. Cela peut inclure l'intégration de critères de résistance au climat, l'ajustement des pratiques de construction et de gestion, l'utilisation de technologies durables et l'anticipation des scénarios futurs liés au climat.</p><p><br></p><p>Voir l’approche PIMA-C</p>	f	Le projet a-t-il été soumis à une analyse de risques liés aux changements climatiques ?	652
678	2025-03-07 05:40:02.251	2025-03-07 05:40:02.354	QP11	<p>Cette question évaluative se réfère à l'évaluation de la cohérence et de la précision du cadre logique. Le cadre logique est une méthode utilisée pour concevoir, planifier, mettre en œuvre et évaluer des projets ou des programmes. La cohérence se rapporte à la logique interne du cadre, en s'assurant que les liens entre les objectifs, les activités, les indicateurs et les hypothèses sont logiques et clairs. La précision se réfère à la qualité des informations et des mesures utilisées dans le cadre logique, en garantissant que les objectifs sont spécifiques, mesurables, atteignables, pertinents et temporellement définis. Évaluer si le cadre logique est cohérent et précis permet de déterminer s'il fournit une base solide pour la planification et l'évaluation du projet, en assurant une compréhension claire des objectifs, des résultats attendus et des moyens de les mesurer.</p><p><br></p><p>Par définition, un cadre logique devrait présenter l’ensemble des éléments qui le structure : (i) les résultats attendus, (ii) les objectifs spécifiques et (iii) les objectifs généraux. Un cadre logiquement rigoureusement élaboré est celui qui en plus de définir des indicateurs objectivement vérifiables précis les valeurs de référence déterminées sur la base d’un état des lieux.&nbsp;</p><p><br></p><p>Pour aller plus loin :&nbsp;</p><p>-\tVoir la fiche-outil sur le cadre logique élaboré dans la boite à outils de l’identification des projets (PAGIP1)&nbsp;</p><p>-\thttps://www.eval.fr/methodes-et-outils/cadrelogique/</p><p>-\tVoir également la structure du cadre logique intégrée dans l’applicatif INJEZ.&nbsp;</p>	f	Le cadre logique est-il cohérent et précis ?	638
680	2025-03-07 05:40:02.251	2025-03-07 05:40:02.354	QP3	<p>L'estimation rigoureuse du coût total du projet implique une évaluation précise et complète de tous les coûts associés, y compris les coûts d'investissement, les coûts d'exploitation et les coûts de maintenance sur toute la durée de vie du projet. Cela comprend l'estimation des ressources nécessaires, des dépenses en capital, des coûts opérationnels, des coûts de maintenance, des coûts administratifs et des coûts indirects. Une estimation rigoureuse du coût total du projet est essentielle pour une gestion financière efficace, une allocation appropriée des ressources, ainsi que pour éviter les dépassements budgétaires. Elle permet également d'évaluer la viabilité économique du projet, d'identifier les sources de financement nécessaires et d'assurer la transparence et la responsabilité dans la gestion des fonds alloués au projet.</p><p><br></p><p>Dans cette évaluation, on entend par charges récurrentes l’ensemble des dépenses annuelles relatives à l’exploitation du projet, qui ont un caractère répétitif et qui ne portent pas sur l’acquisition d’équipement ou autre bien dont la durée de vie dépasse une année. Appréhender et prévoir les charges récurrentes est crucial pour la planification budgétaire à long terme et la soutenabilité financière d'une infrastructure. Cela permet de garantir que l'infrastructure peut fonctionner de manière efficace et fiable tout au long de sa durée de vie.</p><p><br></p><p>Exemple de charges récurrentes :&nbsp;</p><p>Coûts opérationnels : Les coûts liés à l'utilisation quotidienne de l'infrastructure, tels que l'énergie électrique, l'eau, le carburant, etc.</p><p>Frais de maintenance : Les coûts associés à la maintenance préventive et corrective de l'infrastructure, y compris les réparations, l'entretien des équipements, etc.</p><p>Frais de personnel : Les coûts liés à l'emploi de personnel nécessaire pour faire fonctionner et maintenir l'infrastructure, comme les salaires des opérateurs, des techniciens de maintenance, etc.</p><p>Coûts de licences et d'assurance : Les frais associés aux licences logicielles, aux assurances nécessaires pour l'infrastructure, etc.</p><p>Frais administratifs : Les coûts de gestion et d'administration de l'infrastructure, y compris les coûts de bureaux, de communication, etc.</p><p>Renouvellement d'équipements : Les coûts liés au remplacement périodique ou à la mise à niveau d'équipements obsolètes.</p><p>Coûts de sécurité : Les dépenses liées aux mesures de sécurité, telles que les systèmes de surveillance, les services de sécurité, etc.</p>	f	Le coût total du projet ainsi que les charges récurrentes sont-ils rigoureusement estimés ?	640
681	2025-03-07 05:40:02.251	2025-03-07 05:40:02.354	QP41	<p>La prise en compte des différents types de risques consiste à identifier, évaluer et gérer les risques qui peuvent affecter le projet. Cela comprend les risques techniques, les risques financiers, les risques opérationnels, les risques environnementaux, les risques liés aux parties prenantes, les risques politiques, les risques de conformité juridique, etc. La prise en compte de ces risques permet d'anticiper les problèmes potentiels, de mettre en place des mesures d'atténuation appropriées et de développer des stratégies de gestion des risques pour minimiser les impacts négatifs sur le projet. Une gestion efficace des risques contribue à assurer la réussite du projet, en réduisant les incertitudes, en évitant les perturbations majeures et en garantissant la réalisation des objectifs fixés.</p><p><br></p><p>Exemple de risques liés à la construction/exploitation de projets d’infrastructure :&nbsp;</p><p>Risques techniques : Défaillance des équipements et des technologies ; Retards dans la livraison des matériaux ; Problèmes de conception ou d'ingénierie.</p><p>Conditions géotechniques imprévues</p><p>Risques d'opposition sociale : Opposition des communautés locales ou des groupes d'intérêt ; Problèmes liés à la réinstallation des populations.</p><p>Résistance aux changements dans le mode de vie local ; Préoccupations liées à la sécurité et à la santé.</p><p>Risques environnementaux : Impacts écologiques inattendus ; Non-conformité aux réglementations environnementales ; Risques naturels tels que les inondations, les tremblements de terre, etc., Défis liés à la gestion des déchets de construction.</p><p>Risques institutionnels : Changements dans la législation et la réglementation ; Problèmes liés à la propriété foncière et aux droits d'utilisation des terres ;&nbsp;</p><p>Complexités bureaucratiques et administratives.</p><p>Risques financiers : Risque de change ; Fluctuations des coûts des matériaux et de la main-d'œuvre, Incertitudes liées au financement externe ; Défaillance des partenaires financiers ou des investisseurs.</p>	f	 Les différents types de risques ont-ils été pris en compte ?	641
682	2025-03-07 05:40:02.251	2025-03-07 05:40:02.354	IE11	<p>La génération de recettes d'exploitation significatives se réfère à la capacité du projet à générer des revenus provenant de son activité principale ou des services fournis. Ces recettes peuvent provenir de la vente de produits ou de services, de la tarification des utilisateurs ou de l'exploitation de ressources. L'importance de ces recettes dépend de leur ampleur et de leur contribution à la viabilité économique du projet. Des recettes d'exploitation significatives permettent de couvrir les coûts de fonctionnement, de rembourser les investissements et de générer des excédents financiers.&nbsp;</p><p><br></p><p>La phase de croisière peut intervenir quelques années après la date de mise en exploitation du projet. Elle est caractérisée par un taux d’occupation de l’infrastructure qui est au maximum de la demande. Cette phase est atteinte également lorsque l’ensemble des services prévus par l’infrastructure sont pleinement fonctionnels.&nbsp;</p><p><br></p><p>Exemple de projet qui génère des recettes d’exploitation :&nbsp;</p><p>Autoroutes à péage : La construction et l'exploitation d'autoroutes à péage permettent de collecter des péages auprès des utilisateurs pour financer l'entretien et la gestion continue de l'infrastructure.</p><p>Parkings payants : La création de parkings payants dans les zones à forte demande peut générer des revenus réguliers.</p><p>Ponts à péage : Les ponts à péage facturent les usagers pour traverser la structure, créant ainsi une source de revenus pour le financement de la maintenance.</p><p>Transports en commun payants : Les systèmes de transport en commun, tels que les trains, les bus ou les métros, qui exigent le paiement d'une tarification peuvent générer des recettes pour soutenir leur fonctionnement.</p><p>Stades et installations sportives : Les installations sportives modernes, y compris les stades, les arènes et les complexes sportifs, peuvent accueillir des événements payants.</p><p>Centres de congrès et d'expositions : Les centres de congrès et d'expositions qui accueillent des événements payants génèrent des recettes grâce aux frais d'inscription et aux locations d'espace.</p><p>Aéroports : Certains aéroports collectent des frais de débarquement, de stationnement d'aéronefs et d'autres frais pour financer leurs opérations.</p><p>Installations de télécommunication : Les projets d'infrastructure liés aux télécommunications, tels que les tours cellulaires, peuvent être loués à des fournisseurs de services pour générer des revenus.</p><p>Parcs éoliens et solaires : Les parcs éoliens et solaires peuvent générer des revenus en vendant l'énergie produite au réseau.</p>	f	Le projet permettra-t-il de générer des recettes d’exploitation significatives ?	642
683	2025-03-07 05:40:02.252	2025-03-07 05:40:02.354	IE21	<p>La création d'emplois directs et indirects pendant la phase d'exploitation du projet se réfère à la capacité du projet à générer de nouvelles opportunités d'emploi pour la main-d'œuvre locale. Les emplois directs sont ceux qui sont directement liés à l'activité du projet, tandis que les emplois indirects sont créés à travers les activités économiques générées par le projet, telles que les fournisseurs, les entrepreneurs locaux, les commerces, etc. La création d'un nombre significatif d'emplois peut stimuler l'économie locale, réduire le chômage et améliorer les conditions socio-économiques des populations concernées.</p><p>Seuls les nombres d’emploi calculés avec un méthode rigoureuse seront pris en compte. La note 0 est attribué au projet dont la documentation ne présente pas la méthode de calcul utilisée.&nbsp;</p><p><br></p><p>A noter que les redéploiements de postes entre régions/structures, les activités professionnelles issues du secteur informel ne peuvent pas être considérés comme des emplois crées.&nbsp;&nbsp;</p><p><br></p><p>La graduation du normes évaluatives selon le nombre crées peut être déterminée par trois méthodes. La première consiste à utiliser les données historiques en vue de déterminer le maximum d’emploi que peut créer un projet structurant et déterminer la graduation de la manière suivante :&nbsp;&nbsp;</p><p>A = le maximum d’emplois crée par les projets d’investissement (se référer à la base de données des projets).&nbsp;</p><p>B= 80 % de A</p><p>C= 50 % de A</p><p>D= 20 % de A</p><p>E= 5 % de A</p><p><br></p><p>Une autre méthode consiste à se référer aux modèles présentés par des études internationales. A ce titre, une étude du FMI (https://www.imf.org/-/media/Files/Publications/WP/2021/English/wpiea2021131-print-pdf.ashx) a montré que pour 1 million de dollars de dépenses publiques en infrastructures, peuvent être crées entre 3– 6,6 emplois directs dans les économies avancées, entre 10,4 à 17,2 emplois dans les économies de marché émergentes et entre 16 à 30,2 emplois dans les pays en développement à faible revenu. En prenant en compte les données issues de cette étude, et en considérant la Tunisie comme une économie de marché émergent, les graduations peuvent calculées ainsi :</p><p>&nbsp;</p><p>A = 48 = 16 x 3 (en conversion du dollar vers le DTN).</p><p>B = 38 = 80 % A</p><p>C = 24 = 50 % A</p><p>D = 9,6 = 20 % A</p><p>E = 2,4 = 5 % A</p><p><br></p><p>La troisième consiste à recourir à un simulateur qui se base sur un nombre de facteurs et attributs du projet pour estimer le nombre d’emplois directs et indirects que peut créer un projet. A titre d’exemple, le simulateur mis en place dans le cadre du programme PIDA : https://jobs.au-pida.org/#/projections</p><p><br></p>	f	Le projet permettra-t-il de créer un nombre significatif d’emplois directs et/ou indirects pendant la phase d’exploitation ?	643
684	2025-03-07 05:40:02.252	2025-03-07 05:40:02.354	IE31	<p>Un projet d’investissement public contribue au développement des filières économiques à travers les services qu’il apporte. Les filières économiques sont les activités qui reposent principalement sur la valorisation des ressources en substances utiles et agricoles, le patrimoine naturel et culturel à travers l’industrialisation et l’exploitation dans les zones de production et contribuent au développement des chaînes de valeur par la transformation radicale de la nature du produit. Les secteurs prioritaires sont les secteurs caractérisés par leur vocation stratégique et leur capacité à augmenter le rythme de la croissance ou à forte employabilité, et qui jouissent d’une priorité conformément aux plans de développement. Pour déterminer la liste des filières économiques et les secteurs prioritaires, il convient de se référer au cadre institutionnel.</p><p><br></p><p>A titre d’exemple, le Décret gouvernemental n° 2017-389 du 9 mars 2017, relatif aux incitations financières au profit des investissements réalisés dans le cadre de la loi de l’investissement (http://www.mdici.gov.tn/wp-content/uploads/2017/01/Decret2017_389_Fr.pdf) identifie dans son annexe 1 les secteurs économiques prioritaires : l’agriculture, la pêche, l’aquaculture, et les services liés - les activités de première transformation des produits de l’agriculture et de la pêche - Industries de nanotechnologie - Industries de biotechnologie - Textile et habillement - Industries électroniques - Plastique technique et produits composés - Industries automobiles, aéronautiques, maritimes et ferroviaire, et composantes - Industries pharmaceutiques et dispositifs médicaux - Les centres de recherche et développement et de recherche clinique - Industrie des équipements industriels - Industries militaires - Industries culturelles et créatives - L’assemblage, la valorisation, la transformation et le traitement des déchets solides et liquides - Les projets de protection et de valorisation des filières naturelles, de biodiversité et de lutte contre la désertification - La production des énergies renouvelables - Les technologies de communication et de l’information - Les services logistiques prêtés dans les zones logistiques - Le tourisme : les projets d’hébergement et d’animation touristique réalisés dans le cadre du développement du tourisme culturel, écologique, de santé, du désert et le tourisme du golf - Les centres sportifs et de loisirs.&nbsp;</p><p><br></p><p>Filières économiques : Filière des cultures géothermiques Filière des plantes médicinales et aromatiques, Filière des matériaux extractives</p>	f	Le projet permettra-t-il de soutenir le développement des filières porteuses ?	644
685	2025-03-07 05:40:02.252	2025-03-07 05:40:02.354	IE41	<p>Le terme entreprise nationale ici ne doit pas être confondu avec « entreprise publique ». Une entreprise est considérée nationale dès lors que son siège social est en Tunisie, et/ou qu’elle dispose d’un établissement inscrit registre national. A travers cet indicateur, il s’agit de favoriser le développement économique national, de renforcer le tissu industriel national, de créer des opportunités d'affaires pour les entreprises nationales et de stimuler l'emploi et la croissance économique à l'échelle nationale.</p><p><br></p><p>La détermination de la part qui sera mise en œuvre par les entreprises nationales doit être expliquée par le porteur de projet. L’estimation de la part peut notamment être basée par le calcul des couts des composantes dont la mise en œuvre est à la portée des entreprises nationales.&nbsp;</p><p><br></p><p>Dans le cas où l’ensemble des marchés publics prévus par le projet feront l’objet d’un appel d’offre national (mettant en concurrence exclusivement les entreprises nationales), la note 5 sera attribuée.&nbsp;</p>	f	Le projet sera-t-il réalisé en grande partie par les entreprises nationales ?	645
686	2025-03-07 05:40:02.252	2025-03-07 05:40:02.354	IS31	<p>En Tunisie, l'indice de développement régional est un indicateur utilisé pour évaluer et comparer le niveau de développement économique, social et humain des différentes régions du pays. Il permet de mesurer les écarts et les disparités entre les régions et d'identifier les domaines nécessitant une attention particulière en termes de développement régional. L’IDR est un indicateur composite intégrant un ensemble de critères répartie en 4 composantes : Commodités de la vie (infrastructures et équipement de base, accès aux services de santé, accès aux services de loisir, Dimension Sociale&nbsp;(famille nécessiteuses, analphabétisme, pauvreté, dépendance démographique, migration), Capital Humain (élèves par classe, élèves par enseignant, population instruite), Emploi et marché du travail (capacité d’absorption, marché de l’emploi, profil du marché du travail). L’IDR est calculé par gouvernorat et délégation.&nbsp;</p><p><br></p><p>Si le projet est implanté dans un ou plusieurs gouvernorats/délégation présentant une IDR relativement faible, cela signifie que la région est confrontée à des défis de développement et peut bénéficier d'investissements visant à améliorer ses conditions socio-économiques. Le projet peut contribuer à combler les écarts de développement en apportant des opportunités, des infrastructures et des services nécessaires pour stimuler la croissance économique, améliorer les conditions de vie et réduire les disparités régionales.</p><p>A : premier quartile (Q1) du classement IDR = valeur de l’IDR au-dessous duquel se situent 25 % du nombre des délégations (triés par ordre croissant de valeur de l’IDR)</p><p>B : deuxième quartile (Q2) du classement IDR = au-dessous duquel se situent 50 % du nombre des délégations (triés par ordre croissant de valeur de l’IDR)</p><p>C : troisième quartile (Q3) du classement IDR = au-dessous duquel se situent 75 % du nombre délégations (triés par ordre croissant de valeur de l’IDR)</p><p><br></p><p>Pour aller plus loin :&nbsp;http://www.itceq.tn/files/developpement-regional/indice-dev-regional-2021.pdf.</p>	f	Le projet sera-t-il implanté dans un ou plusieurs gouvernorats/délégations disposant d’un indice de développement régional (IDR) relativement faible ?	646
687	2025-03-07 05:40:02.252	2025-03-07 05:40:02.354	IS21	<p>Un projet peut constituer une nouvelle offre de services s'il étend la gamme actuelle de services disponibles dans une localité donnée. L'apport d'une nouvelle offre de services publics de base à la population de la région se réfère à la mise en place de services indispensables pour répondre aux besoins fondamentaux des habitants. Cela peut inclure l'accès à l'eau potable, à l'électricité, aux infrastructures de transport, aux établissements de santé, à l'éducation, aux infrastructures sociales, et à d'autres services essentiels. Si le projet prévoit d'apporter une nouvelle offre de ces services, il contribuera à améliorer les conditions de vie des populations en comblant les lacunes existantes en matière d'infrastructures et de services publics. Un projet peut également contribuer à augmenter les capacités d’accueil/d’utilisation au sein d’une localité en permettant à davantage de personnes d’accéder aux infrastructures.&nbsp;</p><p><br></p><p>Considérablement : augmentation des capacités de plus de 25%.&nbsp;</p><p>Relativement : augmentation des capacités de plus de 10%.&nbsp;</p>	f	Le projet permettra-t-il d’apporter une nouvelle offre de services public ou d’améliorer considérablement une offre existante dans la région ?	647
688	2025-03-07 05:40:02.252	2025-03-07 05:40:02.354	IS31	<p>La prévision des commodités nécessaires pour assurer l'accessibilité pour les personnes à mobilité réduite fait référence à l'inclusion et à la facilitation de l'accès des personnes ayant des limitations physiques ou des handicaps à l'ensemble des installations, des services et des espaces publics du projet. Si le projet prend en compte ces besoins, cela signifie qu'il intègre des infrastructures, des équipements et des aménagements appropriés tels que rampes d'accès, ascenseurs, toilettes adaptées, signalisation tactile, etc., afin de garantir que les personnes à mobilité réduite puissent se déplacer de manière autonome et participer pleinement à la vie sociale et économique de la région. L'objectif est de promouvoir l'inclusion, de respecter les droits des personnes handicapées et de créer un environnement accessible et inclusif pour tous.</p><p><br></p><p>La loi d’orientation n°2005-83 du 15 aout 2005 relative à la promotion et à la protection des personnes handicapées précise dans son article 12 que les normes techniques d’accessibilité facilitant le déplacement des personnes handicapées doivent être prise en considération dans la construction et l’aménagement des bâtiments publics, des espaces, et des équipements collectifs des complexes d’habitation, les bâtiments ouverts au public. Le Décret n° 2006-1467 du 30 mai 2006, fixe les normes techniques d’accessibilité facilitant le déplacement des personnes handicapées à l’intérieur des bâtiments publics, des espaces, des équipements collectifs, des complexes d’habitation et des bâtiments privés ouverts au public. Tous les bâtiments et les installations doivent personnes aux personnes handicapées la possibilité d’y pénétrer, d’y circuler aisément, de bénéficier de toutes les prestations offertes et de leurs fonctionnalités. Ces dispositions sont relatives à la signalisation, les voies, les cheminements, les ascenseurs et escaliers, les bâtiments d’habitation, les établissements recevant du public et installations ouvertes au public.&nbsp;</p><p><br></p><p>Loi : https://www.droit-afrique.com/upload/doc/tunisie/Tunisie-Loi-2005-83-promotion-protection-handicapes.pdf</p><p>Décret : http://www.btpnet.com/doc/Decret%20no%202006_1467%20du%2030_05_2006.fr.pdf</p>	f	Le projet prévoit-il les commodités nécessaires pour assurer l’accessibilité pour les personnes à mobilité réduite ?	648
689	2025-03-07 05:40:02.252	2025-03-07 05:40:02.354	IS41	<p>La consultation des populations locales et des parties prenantes lors de la conception du projet fait référence à un processus participatif et inclusif visant à recueillir les opinions, les besoins, les préoccupations et les aspirations des personnes directement concernées par le projet. Si les populations locales et les parties prenantes ont été consultées, cela signifie qu'elles ont été impliquées dans la prise de décisions, qu'elles ont eu l'opportunité de s'exprimer et de contribuer à la conception du projet. Cette consultation peut prendre différentes formes, telles que des réunions publiques, des consultations individuelles, des enquêtes, des ateliers participatifs, etc. L'objectif de cette démarche participative est de garantir que les besoins et les perspectives des populations locales et des parties prenantes sont pris en compte dans la planification et la mise en œuvre du projet. Cela favorise la légitimité du projet, renforce la confiance et l'acceptation sociale, et permet de répondre plus efficacement aux attentes et aux préoccupations des personnes concernées. La prise en compte de la dimension genre lors des consultations permet d’assurer une participation équitable entre les sexes de manière à permettre aux femmes et aux filles d’exprimer leurs besoins et de contribuer activement à la prise de décision.&nbsp;</p><p>&nbsp;</p><p>Le décret gouvernemental n°2018-328 du 29 mars 20187 relatif à l’organisation des consultations publiques fixe les dispositions relatives à l’organisation des</p><p>consultations publiques en vue de renforcer l’ouverture de l’administration sur son environnement et consolider les mécanismes de communication avec les citoyens et la société civile, consacrer les principes de la transparence et de la participation dans la prise de décision, consolider la légitimité des politiques publiques, renforcer la confiance du citoyen envers l’administration publique, améliorer la qualité et l’efficience des politiques publiques. La consultation publique est définie comme un processus interactif permettant aux parties prenantes de présenter leurs propositions et observations concernant les orientations et choix stratégiques, les programmes et projets publics. Les organismes concernés sont appelés à organiser des consultations publiques sur les politiques publiques dans leur phase de préparation, et ce, lorsque ces politiques publiques pourraient avoir un impact direct sur les intérêts vitaux des parties prenantes.&nbsp;</p>	f	Les populations locales et les parties prenantes ont-elles été consultées lors de la conception du projet ?	649
690	2025-03-07 05:40:02.252	2025-03-07 05:40:02.354	IEC11	<p>Dans le contexte de cette question, les mesures techniques ou les dispositifs font référence aux actions spécifiques mises en place dans le cadre du projet pour minimiser les émissions de gaz à effet de serre. Cela peut inclure l'utilisation de technologies plus propres et économes en énergie, l'introduction de systèmes de gestion efficace de l'énergie, la promotion des énergies renouvelables, l'optimisation des processus de construction et d'exploitation pour réduire la consommation d'énergie, ou encore la mise en place de pratiques de compensation carbone. L'objectif est de limiter l'impact environnemental du projet en réduisant les émissions de gaz à effet de serre, contribuant ainsi à la lutte contre le changement climatique.</p><p><br></p><p>La Contribution Déterminée au niveau National de la Tunisie a été actualisée en septembre 2021. La CDN actualisée rehausse les ambitions d’atténuation des émissions de gaz à effet de serre de la Tunisie, à travers un relèvement de l’objectif de réduction de l’intensité carbone nationale à 45 % à l’horizon 2030, par rapport à son niveau de 2010. https://unfccc.int/sites/default/files/NDC/2022-06/Tunisia%20Update%20NDC-french.pdf</p><p><br></p><p>Voir également les méthodes et outils indiqués par l’ANPE dans le cadre de la réalisation des études d’impact environnemental.&nbsp;</p>	f	Le projet prévoit-il des mesures techniques ou des dispositifs pour réduire les émissions de gaz à effet de serre pendant les phases de construction et d’exploitation ?	650
691	2025-03-07 05:40:02.252	2025-03-07 05:40:02.354	IEC21	<p>Les "terres agricoles" font référence à des parcelles de terrain utilisées principalement à des fins agricoles, c'est-à-dire pour la production de cultures, d'élevage ou d'autres activités agricoles. Ces terres sont dédiées à la production alimentaire, à l'élevage du bétail, à la culture de plantes à des fins commerciales ou à d'autres activités agricoles. La préservation des terres agricoles et une gestion durable de ces ressources sont des enjeux importants pour assurer la sécurité alimentaire à long terme. Les terres agricoles ont un rôle important à jouer en matière de lutte contre les inondations (capacité d’absorption de l’eau, régulateur de débit de l’eau, zones tampons le long des cours d’eau), et également préserver la biodiversité (fonction d’habitat naturel, corridor écologique, préservation d’écosystème).&nbsp;</p><p><br></p><p>Les dispositions prises pour éviter la déclassification ou la détérioration des terres agricoles dans le cadre d’un projet doivent faire référence aux mesures et aux actions prévues pour préserver et protéger les terres utilisées à des fins agricoles. Cela peut inclure la mise en place de plans d'aménagement qui préservent les terres agricoles existantes, l'identification de zones de préservation agricole, la mise en œuvre de pratiques de conservation des sols, la promotion de l'agriculture durable, ou encore la compensation des terres agricoles perdues par la création de nouvelles surfaces agricoles. L'objectif est de maintenir la capacité productive des terres agricoles, de préserver la sécurité alimentaire, de soutenir les activités agricoles locales et de garantir la durabilité des ressources agricoles.</p>	f	Le projet préserve-t-il les terres agricoles ?	651
693	2025-03-07 05:40:02.253	2025-03-07 05:40:02.354	IEC41	<p>L'évaluation de l'impact du projet sur la biodiversité fait référence à l'analyse systématique des conséquences potentielles du projet sur la diversité des espèces, les écosystèmes et les services écosystémiques. Cela implique une évaluation approfondie des zones d'intervention du projet, y compris les sites de construction et les zones d'exploitation, afin de comprendre les éventuels effets directs et indirects sur la biodiversité. L'évaluation peut inclure l'identification des espèces et des habitats sensibles, l'évaluation de leur statut de conservation, l'analyse des interactions entre le projet et les populations d'espèces, la modélisation des changements potentiels dans la distribution des espèces, et l'estimation des impacts sur les services écosystémiques tels que la pollinisation, la régulation du climat et la purification de l'eau. L'évaluation de l'impact sur la biodiversité permet d'identifier les mesures d'atténuation appropriées et de concevoir des actions de gestion pour minimiser les effets négatifs et promouvoir la conservation de la biodiversité.</p><p><br></p><p>L’analyse de l’impact du projet sur la biodiversité est étudiée au sein de l’étude d’impact environnemental qui est encadrée par le décret n°1991 du 11 juillet 2005.&nbsp;Selon les dispositions dudit décret, l’étude d’impact environnemental (EIE) doit notamment contenir une analyse des conséquences prévisibles, directes et indirectes, de l’unité sur l’environnement, et en particulier les ressources naturelles, les différentes espèces de la faune et la flore et les zones bénéficiant d’une protection juridique, notamment les forêts, les zones et les paysages naturels ou historiques, les zones sensibles, les espaces protégés, les parcs nationaux et les parcs urbains. L’EIE doit également intégrer les mesures envisagées par le maître de l’ouvrage ou le pétitionnaire pour éliminer ou réduire et, si possible compenser les conséquences dommageables du projet sur l’environnement et l’estimation des coûts correspondants.</p><p><br></p><p>L’annexe 1 du décret sur les EIE définit une liste de projets devant être obligatoirement soumis à une étude d’impact environnementale parmi lesquels figurent: unités de gestion des déchets ménagers et assimilés, projets d’aménagement des zones industrielles, projets de lotissement urbains, aménagement des zones touristiques, abattoirs, chantiers navales, unités de dessalement de l’eau, unités de production d’électricité,&nbsp;construction de voies ferrés-autoroutes – routes express, ponts, échangeurs, construction d’aéroports, unités de traitements des eau usées, grands barrages, etc.&nbsp;</p><p><br></p><p>Aller plus loin : https://www.anpe.nat.tn/Fr/FileUpload_F38</p>	f	 L’impact du projet sur la biodiversité a-t-il été évalué ?	653
694	2025-03-07 05:40:02.253	2025-03-07 05:40:02.354	IT11	<p>Dans le contexte de cette question, le concept clé est celui d'une infrastructure indispensable. Cela fait référence à une infrastructure nécessaire au bon fonctionnement ou à l'exploitation d'une autre infrastructure existante ou en cours de réalisation. Il s'agit d'une composante essentielle qui permet de soutenir ou de compléter l'activité d'une autre infrastructure en fournissant des services ou des fonctions indispensables à son bon fonctionnement. L'infrastructure indispensable peut être de nature différente, telle que des voies d'accès, des réseaux de transport, des réseaux d'énergie, des installations de communication, etc. La question évalue si le projet envisagé remplit cette condition en étant une infrastructure nécessaire à l'exploitation d'une autre infrastructure existante ou en cours de réalisation.</p><p><br></p><p>Exemple :&nbsp;</p><p>-\tUn projet de construction d’une route expresse pour faciliter l'accès à un port dont les capacités viennent d’être développées</p><p>-\tUn projet de construction d’une nouvelle centrale électrique destinée à soutenir la création d’une zone industrielle aménagée récemment</p><p>-\tUn projet de réseau d’assainissement pour collecter les eaux usées d’un parc de logements sociaux en cours de réalisation&nbsp;</p><p>-\tUn réseau de transport en commun pour soutenir l’accès au nouveau palais des congrès&nbsp;</p>	f	Le projet constitue-t-il une infrastructure indispensable à l’exploitation d’une autre infrastructure existante ou en cours de réalisation ?	654
695	2025-03-07 05:40:02.253	2025-03-07 05:40:02.354	IT21	<p>Le concept clé de cette question est celui des goulots d'étranglement. Il fait référence aux points ou aux secteurs spécifiques où les infrastructures existantes peuvent connaître des contraintes ou des limitations qui entravent leur efficacité ou leur capacité à répondre à la demande. Les goulots d'étranglement peuvent se produire dans différents domaines tels que les transports, l'énergie, les télécommunications, etc. Le projet est évalué quant à sa contribution à la réduction de ces goulots d'étranglement, c'est-à-dire s'il permet d'améliorer la capacité, l'efficacité ou la fluidité des infrastructures existantes dans la région, afin de répondre de manière plus adéquate aux besoins et à la croissance attendue.</p><p><br></p><p>Complètement :&nbsp;100 % du goulot est résolu</p><p>Significativement : Plus de 25 % du goulot est résolu</p><p>Soulagement : moins de 25 % du goulot est résolu&nbsp;</p>	f	 Le projet contribuera-t-il à la réduction des goulots d’étranglement que peuvent connaître les autres infrastructures de la région ?	655
696	2025-03-07 05:40:02.253	2025-03-07 05:40:02.354	IT31	<p>Dans cette question, le concept clé est celui du désenclavement du territoire impacté par le projet. Le désenclavement d’un territoire peut se faire grâce à sa connexion à un autre territoire disposant de commodités qui deviennent ainsi accessibles aux populations. C’est le cas de la connexion d’une zone rurale à un centre urbain. Le désenclavement se manifeste également par l’augmentation du volume d’échange de biens et services ainsi que de la circulation des personnes lorsque notamment deux ou plusieurs localités sont connectées. L’implantation d’un projet dans un territoire enclavé peut également contribuer indirectement à son désenclavement à la fois par le service qu’il apporte mais aussi par le renforcement de l’attractivité du territoire qu’il peut engendrer. A titre d’exemple, le désenclavement peut se réaliser à travers les projets suivants :&nbsp;</p><p><br></p><p>Infrastructures de transport : Construction ou modernisation d'autoroutes, routes, ponts et tunnels pour faciliter le mouvement des biens et des personnes entre les localités / Développement de réseaux ferroviaires efficaces pour le transport de marchandises et de passagers. Mise en place d'infrastructures portuaires efficaces pour le chargement et le déchargement rapide des marchandises. Développement d'aéroports internationaux et régionaux pour améliorer la connectivité aérienne entre les localités / Expansion des liaisons aériennes pour faciliter le transport de personnes et de marchandises. Mise en place de réseaux de transports en commun rapides et efficaces pour encourager la mobilité des personnes entre les localités.</p><p><br></p><p>Infrastructures numériques : Développement de réseaux de communication à haut débit pour favoriser les échanges de services et de données entre les localités, Amélioration de l'infrastructure numérique pour faciliter le commerce électronique.</p><p><br></p><p>Réseaux de distribution : Installation de station de haute tension, extension de réseaux de distribution de gaz de ville et d’eau potable. Etc.&nbsp;</p><p><br></p><p>Services publics : Construction d'établissements éducatifs et de centres de formation pour attirer des étudiants et des travailleurs qualifiés. Construction d’infrastrures sanitaires connectées au réseau national hospitalier. Etc.&nbsp;</p><p><br></p><p>Projets de tourisme et de loisirs : Développement d'infrastructures touristiques telles que les hôtels, les attractions et les centres de loisirs pour stimuler les échanges touristiques entre les localités.</p>	f	Le projet permettra-t-il de contribuer au désenclavement territorial ?	656
697	2025-03-07 05:40:02.253	2025-03-07 05:40:02.354	IT41	<p>Un projet d’investissement public peut faire appel à des approches innovantes de divers types : (i) innovation ou procédé technique (solution technique innovante pas encore testé en Tunisie) ; (ii) innovation en termes d’ingénierie de projet (montage et mise en œuvre du projet) ; (iii) innovation en termes de montage financier (blending, PPP, mécanisme d’assurance) ; (iv) innovation en termes de partenariat (centre de recherche, entreprise, milieu universitaire). Le recours aux approches innovantes vise à améliorer et à optimiser le type et la qualité des nouvelles infrastructures. Dans le souci d’un développement inclusif, ces infrastrures innovantes sont censées être généralisées à l’ensemble des localités. L’adaptation d’une infrastructure pour son implantation dans un territoire qui habituellement ne reçoit ce genre de projet peut être considéré comme une innovation.&nbsp;L’adoption de procédés utilisés habituellement par d’autres secteurs pour la réalisation d’un projet peut également être considéré comme une innovation et une démarche de généralisation. L’implication de nouveaux acteurs, comme la société civile, dans la conception (concertation) et la mise en œuvre (suivi) du projet peut être également être considéré comme une innovation lorsque cela ne constitue pas la norme. C’est donc une pratique censée être généralisée.&nbsp;</p>	f	Le projet constitue-t-il une innovation ou un projet pilote censé être généralisé ? 	657
186	2025-05-05 09:02:44.376	2025-05-05 09:02:44.449	QP21	<p>Le chronogramme d'un projet est une représentation temporelle détaillée des activités et des étapes clés qui doivent être réalisées pour mener à bien le projet dans les délais impartis. Il s'agit d'une planification stratégique et opérationnelle qui établit les dates de début et de fin de chaque tâche, ainsi que les dépendances et les séquences entre elles. Un chronogramme précis est crucial car il permet une gestion efficace du temps, une allocation appropriée des ressources et une coordination adéquate des parties prenantes. Il facilite la surveillance et le suivi du progrès du projet, permettant ainsi une identification précoce des écarts et des retards éventuels. Un chronogramme précis permet également une communication claire et transparente entre les membres de l'équipe du projet et les parties prenantes, en établissant des attentes réalistes et en favorisant la confiance. En somme, un chronogramme précis est essentiel pour assurer une exécution efficace du projet, respecter les délais et atteindre les objectifs fixés.</p><p><br></p><p>Ainsi, la présente question évaluative vise à valoriser les projets qui présente une maitrise complète du cycle de gestion du projet en utilisant des méthodes et outils appropriées (Gantt, MS Project, Gantt-Project, etc.). La maitrise de la planification des marchés publics prévue par le projet montre que le porteur a bien anticipé sur la durée et les enjeux liées à la contractualisation (ce qui constitue l’une des causes majeures des projets en souffrance).&nbsp;La planification devrait couvrir l’ensemble du cycle mais un projet peut ne présenter que les éléments liés à la réalisation issus des études de faisabilité. Bien que les données indiquées puissent présenter des incohérences, dans le cadre de cette évaluation, l’effort de présenter un chronogramme est néanmoins valorisé. Dans le cas où les informations indiquées ne correspondent aux activités du projet et ne permettent pas de renseigner sur la planification du projet, le chronogramme présenté n’est pas recevable.&nbsp;</p><p><br></p><p><br></p><p>Pour aller plus loin :&nbsp;</p><p>-\tVoir la fiche-outil sur le planning élaboré dans la boite à outils de l’identification des projets (PAGIP 1)</p><p>-\thttps://gantt-project.fr.uptodown.com/windows</p>	f	La planification des activités du projet est-elle maitrisée ?	186
181	2025-05-05 09:02:44.376	2025-05-05 09:02:44.448	IT11	<p>Dans le contexte de cette question, le concept clé est celui d'une infrastructure indispensable. Cela fait référence à une infrastructure nécessaire au bon fonctionnement ou à l'exploitation d'une autre infrastructure existante ou en cours de réalisation. Il s'agit d'une composante essentielle qui permet de soutenir ou de compléter l'activité d'une autre infrastructure en fournissant des services ou des fonctions indispensables à son bon fonctionnement. L'infrastructure indispensable peut être de nature différente, telle que des voies d'accès, des réseaux de transport, des réseaux d'énergie, des installations de communication, etc. La question évalue si le projet envisagé remplit cette condition en étant une infrastructure nécessaire à l'exploitation d'une autre infrastructure existante ou en cours de réalisation.</p><p><br></p><p>Exemple :&nbsp;</p><p>-\tUn projet de construction d’une route expresse pour faciliter l'accès à un port dont les capacités viennent d’être développées</p><p>-\tUn projet de construction d’une nouvelle centrale électrique destinée à soutenir la création d’une zone industrielle aménagée récemment</p><p>-\tUn projet de réseau d’assainissement pour collecter les eaux usées d’un parc de logements sociaux en cours de réalisation&nbsp;</p><p>-\tUn réseau de transport en commun pour soutenir l’accès au nouveau palais des congrès&nbsp;</p>	f	Le projet constitue-t-il une infrastructure indispensable à l’exploitation d’une autre infrastructure existante ou en cours de réalisation ?	181
182	2025-05-05 09:02:44.376	2025-05-05 09:02:44.448	IT21	<p>Le concept clé de cette question est celui des goulots d'étranglement. Il fait référence aux points ou aux secteurs spécifiques où les infrastructures existantes peuvent connaître des contraintes ou des limitations qui entravent leur efficacité ou leur capacité à répondre à la demande. Les goulots d'étranglement peuvent se produire dans différents domaines tels que les transports, l'énergie, les télécommunications, etc. Le projet est évalué quant à sa contribution à la réduction de ces goulots d'étranglement, c'est-à-dire s'il permet d'améliorer la capacité, l'efficacité ou la fluidité des infrastructures existantes dans la région, afin de répondre de manière plus adéquate aux besoins et à la croissance attendue.</p><p><br></p><p>Complètement :&nbsp;100 % du goulot est résolu</p><p>Significativement : Plus de 25 % du goulot est résolu</p><p>Soulagement : moins de 25 % du goulot est résolu&nbsp;</p>	f	 Le projet contribuera-t-il à la réduction des goulots d’étranglement que peuvent connaître les autres infrastructures de la région ?	182
183	2025-05-05 09:02:44.376	2025-05-05 09:02:44.448	IT31	<p>Dans cette question, le concept clé est celui du désenclavement du territoire impacté par le projet. Le désenclavement d’un territoire peut se faire grâce à sa connexion à un autre territoire disposant de commodités qui deviennent ainsi accessibles aux populations. C’est le cas de la connexion d’une zone rurale à un centre urbain. Le désenclavement se manifeste également par l’augmentation du volume d’échange de biens et services ainsi que de la circulation des personnes lorsque notamment deux ou plusieurs localités sont connectées. L’implantation d’un projet dans un territoire enclavé peut également contribuer indirectement à son désenclavement à la fois par le service qu’il apporte mais aussi par le renforcement de l’attractivité du territoire qu’il peut engendrer. A titre d’exemple, le désenclavement peut se réaliser à travers les projets suivants :&nbsp;</p><p><br></p><p>Infrastructures de transport : Construction ou modernisation d'autoroutes, routes, ponts et tunnels pour faciliter le mouvement des biens et des personnes entre les localités / Développement de réseaux ferroviaires efficaces pour le transport de marchandises et de passagers. Mise en place d'infrastructures portuaires efficaces pour le chargement et le déchargement rapide des marchandises. Développement d'aéroports internationaux et régionaux pour améliorer la connectivité aérienne entre les localités / Expansion des liaisons aériennes pour faciliter le transport de personnes et de marchandises. Mise en place de réseaux de transports en commun rapides et efficaces pour encourager la mobilité des personnes entre les localités.</p><p><br></p><p>Infrastructures numériques : Développement de réseaux de communication à haut débit pour favoriser les échanges de services et de données entre les localités, Amélioration de l'infrastructure numérique pour faciliter le commerce électronique.</p><p><br></p><p>Réseaux de distribution : Installation de station de haute tension, extension de réseaux de distribution de gaz de ville et d’eau potable. Etc.&nbsp;</p><p><br></p><p>Services publics : Construction d'établissements éducatifs et de centres de formation pour attirer des étudiants et des travailleurs qualifiés. Construction d’infrastrures sanitaires connectées au réseau national hospitalier. Etc.&nbsp;</p><p><br></p><p>Projets de tourisme et de loisirs : Développement d'infrastructures touristiques telles que les hôtels, les attractions et les centres de loisirs pour stimuler les échanges touristiques entre les localités.</p>	f	Le projet permettra-t-il de contribuer au désenclavement territorial ?	183
184	2025-05-05 09:02:44.376	2025-05-05 09:02:44.449	IT41	<p>Un projet d’investissement public peut faire appel à des approches innovantes de divers types : (i) innovation ou procédé technique (solution technique innovante pas encore testé en Tunisie) ; (ii) innovation en termes d’ingénierie de projet (montage et mise en œuvre du projet) ; (iii) innovation en termes de montage financier (blending, PPP, mécanisme d’assurance) ; (iv) innovation en termes de partenariat (centre de recherche, entreprise, milieu universitaire). Le recours aux approches innovantes vise à améliorer et à optimiser le type et la qualité des nouvelles infrastructures. Dans le souci d’un développement inclusif, ces infrastrures innovantes sont censées être généralisées à l’ensemble des localités. L’adaptation d’une infrastructure pour son implantation dans un territoire qui habituellement ne reçoit ce genre de projet peut être considéré comme une innovation.&nbsp;L’adoption de procédés utilisés habituellement par d’autres secteurs pour la réalisation d’un projet peut également être considéré comme une innovation et une démarche de généralisation. L’implication de nouveaux acteurs, comme la société civile, dans la conception (concertation) et la mise en œuvre (suivi) du projet peut être également être considéré comme une innovation lorsque cela ne constitue pas la norme. C’est donc une pratique censée être généralisée.&nbsp;</p>	f	Le projet constitue-t-il une innovation ou un projet pilote censé être généralisé ? 	184
185	2025-05-05 09:02:44.376	2025-05-05 09:02:44.449	QP11	<p>Cette question évaluative se réfère à l'évaluation de la cohérence et de la précision du cadre logique. Le cadre logique est une méthode utilisée pour concevoir, planifier, mettre en œuvre et évaluer des projets ou des programmes. La cohérence se rapporte à la logique interne du cadre, en s'assurant que les liens entre les objectifs, les activités, les indicateurs et les hypothèses sont logiques et clairs. La précision se réfère à la qualité des informations et des mesures utilisées dans le cadre logique, en garantissant que les objectifs sont spécifiques, mesurables, atteignables, pertinents et temporellement définis. Évaluer si le cadre logique est cohérent et précis permet de déterminer s'il fournit une base solide pour la planification et l'évaluation du projet, en assurant une compréhension claire des objectifs, des résultats attendus et des moyens de les mesurer.</p><p><br></p><p>Par définition, un cadre logique devrait présenter l’ensemble des éléments qui le structure : (i) les résultats attendus, (ii) les objectifs spécifiques et (iii) les objectifs généraux. Un cadre logiquement rigoureusement élaboré est celui qui en plus de définir des indicateurs objectivement vérifiables précis les valeurs de référence déterminées sur la base d’un état des lieux.&nbsp;</p><p><br></p><p>Pour aller plus loin :&nbsp;</p><p>-\tVoir la fiche-outil sur le cadre logique élaboré dans la boite à outils de l’identification des projets (PAGIP1)&nbsp;</p><p>-\thttps://www.eval.fr/methodes-et-outils/cadrelogique/</p><p>-\tVoir également la structure du cadre logique intégrée dans l’applicatif INJEZ.&nbsp;</p>	f	Le cadre logique est-il cohérent et précis ?	185
187	2025-05-05 09:02:44.377	2025-05-05 09:02:44.449	QP3	<p>L'estimation rigoureuse du coût total du projet implique une évaluation précise et complète de tous les coûts associés, y compris les coûts d'investissement, les coûts d'exploitation et les coûts de maintenance sur toute la durée de vie du projet. Cela comprend l'estimation des ressources nécessaires, des dépenses en capital, des coûts opérationnels, des coûts de maintenance, des coûts administratifs et des coûts indirects. Une estimation rigoureuse du coût total du projet est essentielle pour une gestion financière efficace, une allocation appropriée des ressources, ainsi que pour éviter les dépassements budgétaires. Elle permet également d'évaluer la viabilité économique du projet, d'identifier les sources de financement nécessaires et d'assurer la transparence et la responsabilité dans la gestion des fonds alloués au projet.</p><p><br></p><p>Dans cette évaluation, on entend par charges récurrentes l’ensemble des dépenses annuelles relatives à l’exploitation du projet, qui ont un caractère répétitif et qui ne portent pas sur l’acquisition d’équipement ou autre bien dont la durée de vie dépasse une année. Appréhender et prévoir les charges récurrentes est crucial pour la planification budgétaire à long terme et la soutenabilité financière d'une infrastructure. Cela permet de garantir que l'infrastructure peut fonctionner de manière efficace et fiable tout au long de sa durée de vie.</p><p><br></p><p>Exemple de charges récurrentes :&nbsp;</p><p>Coûts opérationnels : Les coûts liés à l'utilisation quotidienne de l'infrastructure, tels que l'énergie électrique, l'eau, le carburant, etc.</p><p>Frais de maintenance : Les coûts associés à la maintenance préventive et corrective de l'infrastructure, y compris les réparations, l'entretien des équipements, etc.</p><p>Frais de personnel : Les coûts liés à l'emploi de personnel nécessaire pour faire fonctionner et maintenir l'infrastructure, comme les salaires des opérateurs, des techniciens de maintenance, etc.</p><p>Coûts de licences et d'assurance : Les frais associés aux licences logicielles, aux assurances nécessaires pour l'infrastructure, etc.</p><p>Frais administratifs : Les coûts de gestion et d'administration de l'infrastructure, y compris les coûts de bureaux, de communication, etc.</p><p>Renouvellement d'équipements : Les coûts liés au remplacement périodique ou à la mise à niveau d'équipements obsolètes.</p><p>Coûts de sécurité : Les dépenses liées aux mesures de sécurité, telles que les systèmes de surveillance, les services de sécurité, etc.</p>	f	Le coût total du projet ainsi que les charges récurrentes sont-ils rigoureusement estimés ?	187
188	2025-05-05 09:02:44.377	2025-05-05 09:02:44.449	QP41	<p>La prise en compte des différents types de risques consiste à identifier, évaluer et gérer les risques qui peuvent affecter le projet. Cela comprend les risques techniques, les risques financiers, les risques opérationnels, les risques environnementaux, les risques liés aux parties prenantes, les risques politiques, les risques de conformité juridique, etc. La prise en compte de ces risques permet d'anticiper les problèmes potentiels, de mettre en place des mesures d'atténuation appropriées et de développer des stratégies de gestion des risques pour minimiser les impacts négatifs sur le projet. Une gestion efficace des risques contribue à assurer la réussite du projet, en réduisant les incertitudes, en évitant les perturbations majeures et en garantissant la réalisation des objectifs fixés.</p><p><br></p><p>Exemple de risques liés à la construction/exploitation de projets d’infrastructure :&nbsp;</p><p>Risques techniques : Défaillance des équipements et des technologies ; Retards dans la livraison des matériaux ; Problèmes de conception ou d'ingénierie.</p><p>Conditions géotechniques imprévues</p><p>Risques d'opposition sociale : Opposition des communautés locales ou des groupes d'intérêt ; Problèmes liés à la réinstallation des populations.</p><p>Résistance aux changements dans le mode de vie local ; Préoccupations liées à la sécurité et à la santé.</p><p>Risques environnementaux : Impacts écologiques inattendus ; Non-conformité aux réglementations environnementales ; Risques naturels tels que les inondations, les tremblements de terre, etc., Défis liés à la gestion des déchets de construction.</p><p>Risques institutionnels : Changements dans la législation et la réglementation ; Problèmes liés à la propriété foncière et aux droits d'utilisation des terres ;&nbsp;</p><p>Complexités bureaucratiques et administratives.</p><p>Risques financiers : Risque de change ; Fluctuations des coûts des matériaux et de la main-d'œuvre, Incertitudes liées au financement externe ; Défaillance des partenaires financiers ou des investisseurs.</p>	f	 Les différents types de risques ont-ils été pris en compte ?	188
189	2025-05-05 09:02:44.377	2025-05-05 09:02:44.449	IE11	<p>La génération de recettes d'exploitation significatives se réfère à la capacité du projet à générer des revenus provenant de son activité principale ou des services fournis. Ces recettes peuvent provenir de la vente de produits ou de services, de la tarification des utilisateurs ou de l'exploitation de ressources. L'importance de ces recettes dépend de leur ampleur et de leur contribution à la viabilité économique du projet. Des recettes d'exploitation significatives permettent de couvrir les coûts de fonctionnement, de rembourser les investissements et de générer des excédents financiers.&nbsp;</p><p><br></p><p>La phase de croisière peut intervenir quelques années après la date de mise en exploitation du projet. Elle est caractérisée par un taux d’occupation de l’infrastructure qui est au maximum de la demande. Cette phase est atteinte également lorsque l’ensemble des services prévus par l’infrastructure sont pleinement fonctionnels.&nbsp;</p><p><br></p><p>Exemple de projet qui génère des recettes d’exploitation :&nbsp;</p><p>Autoroutes à péage : La construction et l'exploitation d'autoroutes à péage permettent de collecter des péages auprès des utilisateurs pour financer l'entretien et la gestion continue de l'infrastructure.</p><p>Parkings payants : La création de parkings payants dans les zones à forte demande peut générer des revenus réguliers.</p><p>Ponts à péage : Les ponts à péage facturent les usagers pour traverser la structure, créant ainsi une source de revenus pour le financement de la maintenance.</p><p>Transports en commun payants : Les systèmes de transport en commun, tels que les trains, les bus ou les métros, qui exigent le paiement d'une tarification peuvent générer des recettes pour soutenir leur fonctionnement.</p><p>Stades et installations sportives : Les installations sportives modernes, y compris les stades, les arènes et les complexes sportifs, peuvent accueillir des événements payants.</p><p>Centres de congrès et d'expositions : Les centres de congrès et d'expositions qui accueillent des événements payants génèrent des recettes grâce aux frais d'inscription et aux locations d'espace.</p><p>Aéroports : Certains aéroports collectent des frais de débarquement, de stationnement d'aéronefs et d'autres frais pour financer leurs opérations.</p><p>Installations de télécommunication : Les projets d'infrastructure liés aux télécommunications, tels que les tours cellulaires, peuvent être loués à des fournisseurs de services pour générer des revenus.</p><p>Parcs éoliens et solaires : Les parcs éoliens et solaires peuvent générer des revenus en vendant l'énergie produite au réseau.</p>	f	Le projet permettra-t-il de générer des recettes d’exploitation significatives ?	189
195	2025-05-05 09:02:44.377	2025-05-05 09:02:44.449	IS31	<p>La prévision des commodités nécessaires pour assurer l'accessibilité pour les personnes à mobilité réduite fait référence à l'inclusion et à la facilitation de l'accès des personnes ayant des limitations physiques ou des handicaps à l'ensemble des installations, des services et des espaces publics du projet. Si le projet prend en compte ces besoins, cela signifie qu'il intègre des infrastructures, des équipements et des aménagements appropriés tels que rampes d'accès, ascenseurs, toilettes adaptées, signalisation tactile, etc., afin de garantir que les personnes à mobilité réduite puissent se déplacer de manière autonome et participer pleinement à la vie sociale et économique de la région. L'objectif est de promouvoir l'inclusion, de respecter les droits des personnes handicapées et de créer un environnement accessible et inclusif pour tous.</p><p><br></p><p>La loi d’orientation n°2005-83 du 15 aout 2005 relative à la promotion et à la protection des personnes handicapées précise dans son article 12 que les normes techniques d’accessibilité facilitant le déplacement des personnes handicapées doivent être prise en considération dans la construction et l’aménagement des bâtiments publics, des espaces, et des équipements collectifs des complexes d’habitation, les bâtiments ouverts au public. Le Décret n° 2006-1467 du 30 mai 2006, fixe les normes techniques d’accessibilité facilitant le déplacement des personnes handicapées à l’intérieur des bâtiments publics, des espaces, des équipements collectifs, des complexes d’habitation et des bâtiments privés ouverts au public. Tous les bâtiments et les installations doivent personnes aux personnes handicapées la possibilité d’y pénétrer, d’y circuler aisément, de bénéficier de toutes les prestations offertes et de leurs fonctionnalités. Ces dispositions sont relatives à la signalisation, les voies, les cheminements, les ascenseurs et escaliers, les bâtiments d’habitation, les établissements recevant du public et installations ouvertes au public.&nbsp;</p><p><br></p><p>Loi : https://www.droit-afrique.com/upload/doc/tunisie/Tunisie-Loi-2005-83-promotion-protection-handicapes.pdf</p><p>Décret : http://www.btpnet.com/doc/Decret%20no%202006_1467%20du%2030_05_2006.fr.pdf</p>	f	Le projet prévoit-il les commodités nécessaires pour assurer l’accessibilité pour les personnes à mobilité réduite ?	195
190	2025-05-05 09:02:44.377	2025-05-05 09:02:44.449	IE21	<p>La création d'emplois directs et indirects pendant la phase d'exploitation du projet se réfère à la capacité du projet à générer de nouvelles opportunités d'emploi pour la main-d'œuvre locale. Les emplois directs sont ceux qui sont directement liés à l'activité du projet, tandis que les emplois indirects sont créés à travers les activités économiques générées par le projet, telles que les fournisseurs, les entrepreneurs locaux, les commerces, etc. La création d'un nombre significatif d'emplois peut stimuler l'économie locale, réduire le chômage et améliorer les conditions socio-économiques des populations concernées.</p><p>Seuls les nombres d’emploi calculés avec un méthode rigoureuse seront pris en compte. La note 0 est attribué au projet dont la documentation ne présente pas la méthode de calcul utilisée.&nbsp;</p><p><br></p><p>A noter que les redéploiements de postes entre régions/structures, les activités professionnelles issues du secteur informel ne peuvent pas être considérés comme des emplois crées.&nbsp;&nbsp;</p><p><br></p><p>La graduation du normes évaluatives selon le nombre crées peut être déterminée par trois méthodes. La première consiste à utiliser les données historiques en vue de déterminer le maximum d’emploi que peut créer un projet structurant et déterminer la graduation de la manière suivante :&nbsp;&nbsp;</p><p>A = le maximum d’emplois crée par les projets d’investissement (se référer à la base de données des projets).&nbsp;</p><p>B= 80 % de A</p><p>C= 50 % de A</p><p>D= 20 % de A</p><p>E= 5 % de A</p><p><br></p><p>Une autre méthode consiste à se référer aux modèles présentés par des études internationales. A ce titre, une étude du FMI (https://www.imf.org/-/media/Files/Publications/WP/2021/English/wpiea2021131-print-pdf.ashx) a montré que pour 1 million de dollars de dépenses publiques en infrastructures, peuvent être crées entre 3– 6,6 emplois directs dans les économies avancées, entre 10,4 à 17,2 emplois dans les économies de marché émergentes et entre 16 à 30,2 emplois dans les pays en développement à faible revenu. En prenant en compte les données issues de cette étude, et en considérant la Tunisie comme une économie de marché émergent, les graduations peuvent calculées ainsi :</p><p>&nbsp;</p><p>A = 48 = 16 x 3 (en conversion du dollar vers le DTN).</p><p>B = 38 = 80 % A</p><p>C = 24 = 50 % A</p><p>D = 9,6 = 20 % A</p><p>E = 2,4 = 5 % A</p><p><br></p><p>La troisième consiste à recourir à un simulateur qui se base sur un nombre de facteurs et attributs du projet pour estimer le nombre d’emplois directs et indirects que peut créer un projet. A titre d’exemple, le simulateur mis en place dans le cadre du programme PIDA : https://jobs.au-pida.org/#/projections</p><p><br></p>	f	Le projet permettra-t-il de créer un nombre significatif d’emplois directs et/ou indirects pendant la phase d’exploitation ?	190
191	2025-05-05 09:02:44.377	2025-05-05 09:02:44.449	IE31	<p>Un projet d’investissement public contribue au développement des filières économiques à travers les services qu’il apporte. Les filières économiques sont les activités qui reposent principalement sur la valorisation des ressources en substances utiles et agricoles, le patrimoine naturel et culturel à travers l’industrialisation et l’exploitation dans les zones de production et contribuent au développement des chaînes de valeur par la transformation radicale de la nature du produit. Les secteurs prioritaires sont les secteurs caractérisés par leur vocation stratégique et leur capacité à augmenter le rythme de la croissance ou à forte employabilité, et qui jouissent d’une priorité conformément aux plans de développement. Pour déterminer la liste des filières économiques et les secteurs prioritaires, il convient de se référer au cadre institutionnel.</p><p><br></p><p>A titre d’exemple, le Décret gouvernemental n° 2017-389 du 9 mars 2017, relatif aux incitations financières au profit des investissements réalisés dans le cadre de la loi de l’investissement (http://www.mdici.gov.tn/wp-content/uploads/2017/01/Decret2017_389_Fr.pdf) identifie dans son annexe 1 les secteurs économiques prioritaires : l’agriculture, la pêche, l’aquaculture, et les services liés - les activités de première transformation des produits de l’agriculture et de la pêche - Industries de nanotechnologie - Industries de biotechnologie - Textile et habillement - Industries électroniques - Plastique technique et produits composés - Industries automobiles, aéronautiques, maritimes et ferroviaire, et composantes - Industries pharmaceutiques et dispositifs médicaux - Les centres de recherche et développement et de recherche clinique - Industrie des équipements industriels - Industries militaires - Industries culturelles et créatives - L’assemblage, la valorisation, la transformation et le traitement des déchets solides et liquides - Les projets de protection et de valorisation des filières naturelles, de biodiversité et de lutte contre la désertification - La production des énergies renouvelables - Les technologies de communication et de l’information - Les services logistiques prêtés dans les zones logistiques - Le tourisme : les projets d’hébergement et d’animation touristique réalisés dans le cadre du développement du tourisme culturel, écologique, de santé, du désert et le tourisme du golf - Les centres sportifs et de loisirs.&nbsp;</p><p><br></p><p>Filières économiques : Filière des cultures géothermiques Filière des plantes médicinales et aromatiques, Filière des matériaux extractives</p>	f	Le projet permettra-t-il de soutenir le développement des filières porteuses ?	191
192	2025-05-05 09:02:44.377	2025-05-05 09:02:44.449	IE41	<p>Le terme entreprise nationale ici ne doit pas être confondu avec « entreprise publique ». Une entreprise est considérée nationale dès lors que son siège social est en Tunisie, et/ou qu’elle dispose d’un établissement inscrit registre national. A travers cet indicateur, il s’agit de favoriser le développement économique national, de renforcer le tissu industriel national, de créer des opportunités d'affaires pour les entreprises nationales et de stimuler l'emploi et la croissance économique à l'échelle nationale.</p><p><br></p><p>La détermination de la part qui sera mise en œuvre par les entreprises nationales doit être expliquée par le porteur de projet. L’estimation de la part peut notamment être basée par le calcul des couts des composantes dont la mise en œuvre est à la portée des entreprises nationales.&nbsp;</p><p><br></p><p>Dans le cas où l’ensemble des marchés publics prévus par le projet feront l’objet d’un appel d’offre national (mettant en concurrence exclusivement les entreprises nationales), la note 5 sera attribuée.&nbsp;</p>	f	Le projet sera-t-il réalisé en grande partie par les entreprises nationales ?	192
193	2025-05-05 09:02:44.377	2025-05-05 09:02:44.449	IS31	<p>En Tunisie, l'indice de développement régional est un indicateur utilisé pour évaluer et comparer le niveau de développement économique, social et humain des différentes régions du pays. Il permet de mesurer les écarts et les disparités entre les régions et d'identifier les domaines nécessitant une attention particulière en termes de développement régional. L’IDR est un indicateur composite intégrant un ensemble de critères répartie en 4 composantes : Commodités de la vie (infrastructures et équipement de base, accès aux services de santé, accès aux services de loisir, Dimension Sociale&nbsp;(famille nécessiteuses, analphabétisme, pauvreté, dépendance démographique, migration), Capital Humain (élèves par classe, élèves par enseignant, population instruite), Emploi et marché du travail (capacité d’absorption, marché de l’emploi, profil du marché du travail). L’IDR est calculé par gouvernorat et délégation.&nbsp;</p><p><br></p><p>Si le projet est implanté dans un ou plusieurs gouvernorats/délégation présentant une IDR relativement faible, cela signifie que la région est confrontée à des défis de développement et peut bénéficier d'investissements visant à améliorer ses conditions socio-économiques. Le projet peut contribuer à combler les écarts de développement en apportant des opportunités, des infrastructures et des services nécessaires pour stimuler la croissance économique, améliorer les conditions de vie et réduire les disparités régionales.</p><p>A : premier quartile (Q1) du classement IDR = valeur de l’IDR au-dessous duquel se situent 25 % du nombre des délégations (triés par ordre croissant de valeur de l’IDR)</p><p>B : deuxième quartile (Q2) du classement IDR = au-dessous duquel se situent 50 % du nombre des délégations (triés par ordre croissant de valeur de l’IDR)</p><p>C : troisième quartile (Q3) du classement IDR = au-dessous duquel se situent 75 % du nombre délégations (triés par ordre croissant de valeur de l’IDR)</p><p><br></p><p>Pour aller plus loin :&nbsp;http://www.itceq.tn/files/developpement-regional/indice-dev-regional-2021.pdf.</p>	f	Le projet sera-t-il implanté dans un ou plusieurs gouvernorats/délégations disposant d’un indice de développement régional (IDR) relativement faible ?	193
194	2025-05-05 09:02:44.377	2025-05-05 09:02:44.449	IS21	<p>Un projet peut constituer une nouvelle offre de services s'il étend la gamme actuelle de services disponibles dans une localité donnée. L'apport d'une nouvelle offre de services publics de base à la population de la région se réfère à la mise en place de services indispensables pour répondre aux besoins fondamentaux des habitants. Cela peut inclure l'accès à l'eau potable, à l'électricité, aux infrastructures de transport, aux établissements de santé, à l'éducation, aux infrastructures sociales, et à d'autres services essentiels. Si le projet prévoit d'apporter une nouvelle offre de ces services, il contribuera à améliorer les conditions de vie des populations en comblant les lacunes existantes en matière d'infrastructures et de services publics. Un projet peut également contribuer à augmenter les capacités d’accueil/d’utilisation au sein d’une localité en permettant à davantage de personnes d’accéder aux infrastructures.&nbsp;</p><p><br></p><p>Considérablement : augmentation des capacités de plus de 25%.&nbsp;</p><p>Relativement : augmentation des capacités de plus de 10%.&nbsp;</p>	f	Le projet permettra-t-il d’apporter une nouvelle offre de services public ou d’améliorer considérablement une offre existante dans la région ?	194
196	2025-05-05 09:02:44.377	2025-05-05 09:02:44.449	IS41	<p>La consultation des populations locales et des parties prenantes lors de la conception du projet fait référence à un processus participatif et inclusif visant à recueillir les opinions, les besoins, les préoccupations et les aspirations des personnes directement concernées par le projet. Si les populations locales et les parties prenantes ont été consultées, cela signifie qu'elles ont été impliquées dans la prise de décisions, qu'elles ont eu l'opportunité de s'exprimer et de contribuer à la conception du projet. Cette consultation peut prendre différentes formes, telles que des réunions publiques, des consultations individuelles, des enquêtes, des ateliers participatifs, etc. L'objectif de cette démarche participative est de garantir que les besoins et les perspectives des populations locales et des parties prenantes sont pris en compte dans la planification et la mise en œuvre du projet. Cela favorise la légitimité du projet, renforce la confiance et l'acceptation sociale, et permet de répondre plus efficacement aux attentes et aux préoccupations des personnes concernées. La prise en compte de la dimension genre lors des consultations permet d’assurer une participation équitable entre les sexes de manière à permettre aux femmes et aux filles d’exprimer leurs besoins et de contribuer activement à la prise de décision.&nbsp;</p><p>&nbsp;</p><p>Le décret gouvernemental n°2018-328 du 29 mars 20187 relatif à l’organisation des consultations publiques fixe les dispositions relatives à l’organisation des</p><p>consultations publiques en vue de renforcer l’ouverture de l’administration sur son environnement et consolider les mécanismes de communication avec les citoyens et la société civile, consacrer les principes de la transparence et de la participation dans la prise de décision, consolider la légitimité des politiques publiques, renforcer la confiance du citoyen envers l’administration publique, améliorer la qualité et l’efficience des politiques publiques. La consultation publique est définie comme un processus interactif permettant aux parties prenantes de présenter leurs propositions et observations concernant les orientations et choix stratégiques, les programmes et projets publics. Les organismes concernés sont appelés à organiser des consultations publiques sur les politiques publiques dans leur phase de préparation, et ce, lorsque ces politiques publiques pourraient avoir un impact direct sur les intérêts vitaux des parties prenantes.&nbsp;</p>	f	Les populations locales et les parties prenantes ont-elles été consultées lors de la conception du projet ?	196
197	2025-05-05 09:02:44.378	2025-05-05 09:02:44.449	IEC11	<p>Dans le contexte de cette question, les mesures techniques ou les dispositifs font référence aux actions spécifiques mises en place dans le cadre du projet pour minimiser les émissions de gaz à effet de serre. Cela peut inclure l'utilisation de technologies plus propres et économes en énergie, l'introduction de systèmes de gestion efficace de l'énergie, la promotion des énergies renouvelables, l'optimisation des processus de construction et d'exploitation pour réduire la consommation d'énergie, ou encore la mise en place de pratiques de compensation carbone. L'objectif est de limiter l'impact environnemental du projet en réduisant les émissions de gaz à effet de serre, contribuant ainsi à la lutte contre le changement climatique.</p><p><br></p><p>La Contribution Déterminée au niveau National de la Tunisie a été actualisée en septembre 2021. La CDN actualisée rehausse les ambitions d’atténuation des émissions de gaz à effet de serre de la Tunisie, à travers un relèvement de l’objectif de réduction de l’intensité carbone nationale à 45 % à l’horizon 2030, par rapport à son niveau de 2010. https://unfccc.int/sites/default/files/NDC/2022-06/Tunisia%20Update%20NDC-french.pdf</p><p><br></p><p>Voir également les méthodes et outils indiqués par l’ANPE dans le cadre de la réalisation des études d’impact environnemental.&nbsp;</p>	f	Le projet prévoit-il des mesures techniques ou des dispositifs pour réduire les émissions de gaz à effet de serre pendant les phases de construction et d’exploitation ?	197
198	2025-05-05 09:02:44.378	2025-05-05 09:02:44.449	IEC21	<p>Les "terres agricoles" font référence à des parcelles de terrain utilisées principalement à des fins agricoles, c'est-à-dire pour la production de cultures, d'élevage ou d'autres activités agricoles. Ces terres sont dédiées à la production alimentaire, à l'élevage du bétail, à la culture de plantes à des fins commerciales ou à d'autres activités agricoles. La préservation des terres agricoles et une gestion durable de ces ressources sont des enjeux importants pour assurer la sécurité alimentaire à long terme. Les terres agricoles ont un rôle important à jouer en matière de lutte contre les inondations (capacité d’absorption de l’eau, régulateur de débit de l’eau, zones tampons le long des cours d’eau), et également préserver la biodiversité (fonction d’habitat naturel, corridor écologique, préservation d’écosystème).&nbsp;</p><p><br></p><p>Les dispositions prises pour éviter la déclassification ou la détérioration des terres agricoles dans le cadre d’un projet doivent faire référence aux mesures et aux actions prévues pour préserver et protéger les terres utilisées à des fins agricoles. Cela peut inclure la mise en place de plans d'aménagement qui préservent les terres agricoles existantes, l'identification de zones de préservation agricole, la mise en œuvre de pratiques de conservation des sols, la promotion de l'agriculture durable, ou encore la compensation des terres agricoles perdues par la création de nouvelles surfaces agricoles. L'objectif est de maintenir la capacité productive des terres agricoles, de préserver la sécurité alimentaire, de soutenir les activités agricoles locales et de garantir la durabilité des ressources agricoles.</p>	f	Le projet préserve-t-il les terres agricoles ?	198
199	2025-05-05 09:02:44.378	2025-05-05 09:02:44.449	IEC31	<p>L'analyse de risques liés aux changements climatiques dans le cadre de ce projet fait référence à l'évaluation des menaces et des impacts potentiels que les changements climatiques peuvent avoir sur l'infrastructure et les activités associées. Cette analyse vise à comprendre comment les changements climatiques peuvent influencer la viabilité et la durabilité du projet, et permet de définir les mesures d'adaptation nécessaires pour minimiser les risques et maximiser la résilience. Cela peut inclure l'intégration de critères de résistance au climat, l'ajustement des pratiques de construction et de gestion, l'utilisation de technologies durables et l'anticipation des scénarios futurs liés au climat.</p><p><br></p><p>Voir l’approche PIMA-C</p>	f	Le projet a-t-il été soumis à une analyse de risques liés aux changements climatiques ?	199
200	2025-05-05 09:02:44.378	2025-05-05 09:02:44.449	IEC41	<p>L'évaluation de l'impact du projet sur la biodiversité fait référence à l'analyse systématique des conséquences potentielles du projet sur la diversité des espèces, les écosystèmes et les services écosystémiques. Cela implique une évaluation approfondie des zones d'intervention du projet, y compris les sites de construction et les zones d'exploitation, afin de comprendre les éventuels effets directs et indirects sur la biodiversité. L'évaluation peut inclure l'identification des espèces et des habitats sensibles, l'évaluation de leur statut de conservation, l'analyse des interactions entre le projet et les populations d'espèces, la modélisation des changements potentiels dans la distribution des espèces, et l'estimation des impacts sur les services écosystémiques tels que la pollinisation, la régulation du climat et la purification de l'eau. L'évaluation de l'impact sur la biodiversité permet d'identifier les mesures d'atténuation appropriées et de concevoir des actions de gestion pour minimiser les effets négatifs et promouvoir la conservation de la biodiversité.</p><p><br></p><p>L’analyse de l’impact du projet sur la biodiversité est étudiée au sein de l’étude d’impact environnemental qui est encadrée par le décret n°1991 du 11 juillet 2005.&nbsp;Selon les dispositions dudit décret, l’étude d’impact environnemental (EIE) doit notamment contenir une analyse des conséquences prévisibles, directes et indirectes, de l’unité sur l’environnement, et en particulier les ressources naturelles, les différentes espèces de la faune et la flore et les zones bénéficiant d’une protection juridique, notamment les forêts, les zones et les paysages naturels ou historiques, les zones sensibles, les espaces protégés, les parcs nationaux et les parcs urbains. L’EIE doit également intégrer les mesures envisagées par le maître de l’ouvrage ou le pétitionnaire pour éliminer ou réduire et, si possible compenser les conséquences dommageables du projet sur l’environnement et l’estimation des coûts correspondants.</p><p><br></p><p>L’annexe 1 du décret sur les EIE définit une liste de projets devant être obligatoirement soumis à une étude d’impact environnementale parmi lesquels figurent: unités de gestion des déchets ménagers et assimilés, projets d’aménagement des zones industrielles, projets de lotissement urbains, aménagement des zones touristiques, abattoirs, chantiers navales, unités de dessalement de l’eau, unités de production d’électricité,&nbsp;construction de voies ferrés-autoroutes – routes express, ponts, échangeurs, construction d’aéroports, unités de traitements des eau usées, grands barrages, etc.&nbsp;</p><p><br></p><p>Aller plus loin : https://www.anpe.nat.tn/Fr/FileUpload_F38</p>	f	 L’impact du projet sur la biodiversité a-t-il été évalué ?	200
\.


--
-- Data for Name: evaluation_norme; Type: TABLE DATA; Schema: public; Owner: root
--

COPY public.evaluation_norme (id, created_at, updated_at, is_active, name, note, evaluation_indicateur_id) FROM stdin;
2743	2025-03-07 05:40:02.251	2025-03-07 05:40:02.251	f	Le cadre logique du projet précise : (i) les résultats attendus, (ii) les objectifs spécifiques et (iii) les objectifs généraux. Pour ces trois éléments, le cadre logique présente des indicateurs objectivement vérifiables (IOV).  Des valeurs de référence et des valeurs cibles sont définies pour les l’ensemble des indicateurs.	5	678
2744	2025-03-07 05:40:02.251	2025-03-07 05:40:02.251	f	Le cadre logique du projet précise : (i) les résultats attendus, (ii) les objectifs spécifiques et (iii) les objectifs généraux. Pour ces trois éléments, le cadre logique présente des indicateurs objectivement vérifiables. Seules les valeurs cibles des indicateurs ont été identifiées. 	4	678
2745	2025-03-07 05:40:02.251	2025-03-07 05:40:02.251	f	Le cadre logique du projet précise : (i) les résultats attendus, (ii) les objectifs spécifiques et (iii) les objectifs généraux. Pour ces trois éléments, le cadre logique présente des indicateurs objectivement vérifiables sans préciser les valeurs de référence et les valeurs cibles.	3	678
2746	2025-03-07 05:40:02.251	2025-03-07 05:40:02.251	f	Le cadre logique du projet précise : (i) les résultats attendus, (ii) les objectifs spécifiques et (iii) les objectifs généraux. Le cadre logique ne présente d’indicateurs objectivement vérifiables que pour les résultats attendus.	2	678
2747	2025-03-07 05:40:02.251	2025-03-07 05:40:02.251	f	Le cadre logique ne précise que partiellement les trois éléments : (i) les résultats attendus, (ii) les objectifs spécifiques et (iii) les objectifs généraux.	1	678
2748	2025-03-07 05:40:02.251	2025-03-07 05:40:02.251	f	La documentation du projet ne contient pas de cadre logique.	0	678
2749	2025-03-07 05:40:02.251	2025-03-07 05:40:02.251	f	La documentation du projet présente un chronogramme qui détaille l’ensemble des activités pour chacun des processus du cycle de gestion du projet (préparation, priorisation, programmation budgétaire, contractualisation, mise en œuvre, évaluation). Le planning intègre également des éléments prévisionnels relatif à la passation des marchés prévus pour la réalisation du projet. Le chronogramme du projet est présenté sous la forme d’un diagramme de Gantt qui précise les liens de dépendance entre les tâches, ainsi que les principaux jalons et/ou les ressources associées à chaque tâche.	5	679
2750	2025-03-07 05:40:02.251	2025-03-07 05:40:02.251	f	La documentation du projet présente un chronogramme qui détaille l’ensemble des activités pour chacun des processus du cycle de gestion du projet (préparation, priorisation, programmation budgétaire, contractualisation, mise en œuvre, évaluation). Le planning intègre également des éléments prévisionnels relatif à la passation des marchés prévus pour la réalisation du projet.	4	679
2751	2025-03-07 05:40:02.251	2025-03-07 05:40:02.251	f	La documentation du projet présente un chronogramme qui détaille l’ensemble des activités pour chacun des processus du cycle de gestion du projet sans intégrer les éléments relatifs à la passation des marchés publics prévus le projet.  	3	679
2752	2025-03-07 05:40:02.251	2025-03-07 05:40:02.251	f	La documentation du projet présente un chronogramme qui détaille seulement les activités relatives à la réalisation du projet en précisant les délais de leur mise en œuvre.	2	679
2753	2025-03-07 05:40:02.251	2025-03-07 05:40:02.251	f	La documentation du projet comprend un chronogramme mais les éléments indiqués, notamment concernant les délais, présentent des incohérences.	1	679
2754	2025-03-07 05:40:02.251	2025-03-07 05:40:02.251	f	La documentation du projet ne présente aucun chronogramme ou les données indiquées ne peuvent pas être considérées comme des éléments de planification.	0	679
2755	2025-03-07 05:40:02.251	2025-03-07 05:40:02.251	f	Le coût total du projet intègre l’ensemble des rubriques (immobilier, mobilier, biens et services, prestations extérieures, études spécifiques, indemnités expropriations, etc.). L’estimation du coût total est déterminée sur la base de méthodes rigoureuses s'appuyant sur des données actualisées (Coûts paramétriques mercuriale des prix, etc.).  Le coût total inclut une provision pour la couverture des risques et dépenses imprévues du projet. Le coût total (dépenses) du projet est ventilé par année. Les charges récurrentes pour l’exploitation de l’ouvrage sont estimées et détaillées par principale rubrique (Biens et services, Rémunération, Entretiens, etc.)	5	680
2756	2025-03-07 05:40:02.251	2025-03-07 05:40:02.251	f	Le coût total du projet intègre l’ensemble des rubriques (immobilier, mobilier, biens et services, prestations extérieures, études spécifiques, indemnités expropriations, etc.). L’estimation du coût total est déterminée sur la base de méthodes rigoureuses s'appuyant sur des données actualisées (Coûts paramétriques mercuriale des prix, etc.).  Le coût total inclut une provision pour la couverture des risques et dépenses imprévues du projet. Le coût total (dépenses) du projet est ventilé par année.	4	680
2757	2025-03-07 05:40:02.251	2025-03-07 05:40:02.251	f	Le coût total du projet intègre l’ensemble des rubriques (immobilier, mobilier, biens et services, prestations extérieures, études spécifiques, indemnités expropriations, etc.).  L’estimation du coût total est déterminée sur la base de méthodes rigoureuses s'appuyant sur des données actualisées (Coûts paramétriques mercuriale des prix, etc.).  Le coût total du projet est ventilé par année.	3	680
2758	2025-03-07 05:40:02.251	2025-03-07 05:40:02.251	f	Le coût total du projet intègre l’ensemble des rubriques (immobilier, mobilier, biens et services, prestations extérieures, études spécifiques, indemnités expropriations, etc.). L’estimation du coût total est déterminée sur la base de méthodes rigoureuses s'appuyant sur des données actualisées (Coûts paramétriques mercuriale des prix, etc.).	2	680
2759	2025-03-07 05:40:02.251	2025-03-07 05:40:02.251	f	La documentation du projet présente un coût total sans le détailler par rubrique ni démontrer la méthode de son estimation.	1	680
2760	2025-03-07 05:40:02.251	2025-03-07 05:40:02.251	f	Le coût total n'est pas estimé.	0	680
2761	2025-03-07 05:40:02.251	2025-03-07 05:40:02.251	f	L’analyse de risque a porté sur au moins trois des catégories de risque ci-après : risques techniques, risques d’opposition sociale, risques environnementaux, risques institutionnels, risques financiers. Pour les différents risques identifiés, la nature du risque a été précisée.  Une matrice de criticité précise le niveau de probabilité et de gravité pour les risques identifiés. Des mesures de gestion des risques ont été identifiées.	5	681
2762	2025-03-07 05:40:02.251	2025-03-07 05:40:02.251	f	L’analyse de risque a porté sur au moins trois des catégories de risque ci-après : risques techniques, risques d’opposition sociale, risques environnementaux, risques institutionnels, risques financiers. Pour les différents risques identifiés, la nature du risque a été précisée. Une matrice de criticité du risque précise le niveau de probabilité et de gravité pour les risques identifiés.	4	681
2763	2025-03-07 05:40:02.251	2025-03-07 05:40:02.251	f	L’analyse de risque a porté sur au moins trois des catégories de risques ci-après :  risques techniques, risques d’opposition sociale, risques environnementaux, risques institutionnels, risques financiers. Pour les différents risques identifiés, la nature du risque a été précisée.	2	681
2764	2025-03-07 05:40:02.251	2025-03-07 05:40:02.251	f	L’analyse de risque présente des éléments rudimentaires sur l’une ou plusieurs des catégories de risques suivantes :  risques techniques, risques d’opposition sociale, risques environnementaux, risques institutionnels, risques financier	1	681
2765	2025-03-07 05:40:02.251	2025-03-07 05:40:02.251	f	La documentation du projet ne présente aucune analyse de risques	0	681
2766	2025-03-07 05:40:02.251	2025-03-07 05:40:02.251	f	En phase de croisière, l’ouvrage génère des recettes d’exploitation supérieures aux charges récurrentes de l’ouvrage 	5	682
2767	2025-03-07 05:40:02.251	2025-03-07 05:40:02.251	f	En phase de croisière, l’ouvrage génère des recettes d’exploitation couvrant au moins 80 % des charges récurrentes de l’ouvrage	4	682
2768	2025-03-07 05:40:02.252	2025-03-07 05:40:02.252	f	En phase de croisière, l’ouvrage génère des recettes d’exploitation couvrant au moins 50 % des charges récurrentes de l’ouvrage	3	682
2769	2025-03-07 05:40:02.252	2025-03-07 05:40:02.252	f	En phase de croisière, l’ouvrage génère des recettes d’exploitation couvrant au moins 20 % des charges récurrentes de l’ouvrage	2	682
2770	2025-03-07 05:40:02.252	2025-03-07 05:40:02.252	f	En phase de croisière, l’ouvrage génère des recettes d’exploitation inférieures à 20 % des charges récurrentes de l’ouvrage	1	682
2771	2025-03-07 05:40:02.252	2025-03-07 05:40:02.252	f	Il n’est pas prévu que le projet génère des recettes d’exploitation.	0	682
2772	2025-03-07 05:40:02.252	2025-03-07 05:40:02.252	f	Le projet permettra la création d’au moins 300 nouveaux emplois par million DTN investi. 	5	683
2773	2025-03-07 05:40:02.252	2025-03-07 05:40:02.252	f	Le projet permettra la création d’au moins 240 nouveaux emplois par million DTN investi. 	4	683
2774	2025-03-07 05:40:02.252	2025-03-07 05:40:02.252	f	Le projet permettra la création d’au moins 150 nouveaux emplois par million DTN investi. 	3	683
2775	2025-03-07 05:40:02.252	2025-03-07 05:40:02.252	f	Le projet permettra la création d’au moins 60 nouveaux emplois par million DTN investi. 	2	683
2776	2025-03-07 05:40:02.252	2025-03-07 05:40:02.252	f	Le projet permettra la création d’au moins 15 nouveaux emplois par million DTN investi. 	1	683
2777	2025-03-07 05:40:02.252	2025-03-07 05:40:02.252	f	Le projet ne permettra pas de créer de nouveaux emplois.	0	683
2778	2025-03-07 05:40:02.252	2025-03-07 05:40:02.252	f	La documentation du projet précise les filières impactées positivement par le projet. L’impact sur le développement des filières identifiées est justifié et estimé avec une méthode rigoureuse. Le projet appartient à une filière économique et un secteur identifié par la cadre institutionnel comme prioritaire.	5	684
2779	2025-03-07 05:40:02.252	2025-03-07 05:40:02.252	f	La documentation du projet précise les filières impactées positivement par le projet. L’impact sur le développement des filières identifiées est justifié et estimé avec une méthode rigoureuse.	4	684
2780	2025-03-07 05:40:02.252	2025-03-07 05:40:02.252	f	La documentation du projet a identifié les filières impactées par le projet. L’impact est justifié sans être estimé sur la base d’une méthode rigoureuse.	2	684
2781	2025-03-07 05:40:02.252	2025-03-07 05:40:02.252	f	La documentation du projet n’a pas identifié les filières impactées par le projet.	0	684
2782	2025-03-07 05:40:02.252	2025-03-07 05:40:02.252	f	Plus de 90 % du coût total du projet sera mis en œuvre par les entreprises nationales.	5	685
2783	2025-03-07 05:40:02.252	2025-03-07 05:40:02.252	f	Au moins 80 % du coût total du projet sera mis en œuvre par les entreprises nationales.	4	685
2784	2025-03-07 05:40:02.252	2025-03-07 05:40:02.252	f	\nAu moins 50 % du coût total du projet sera mis en œuvre par les entreprises nationales.\n	3	685
2785	2025-03-07 05:40:02.252	2025-03-07 05:40:02.252	f	Au moins 20 % du coût total du projet sera mis en œuvre par les entreprises nationales.	2	685
2786	2025-03-07 05:40:02.252	2025-03-07 05:40:02.252	f	La part qui sera mise en œuvre par les entreprises nationales est inférieure à 20 %.	1	685
2787	2025-03-07 05:40:02.252	2025-03-07 05:40:02.252	f	Le projet sera mis en œuvre intégralement par des entreprises étrangères.	0	685
2788	2025-03-07 05:40:02.252	2025-03-07 05:40:02.252	f	Le projet est implanté dans un ou plusieurs gouvernorats/délégations disposant d’un IDR moyen en dessous de 0,421.	5	686
2789	2025-03-07 05:40:02.252	2025-03-07 05:40:02.252	f	Le projet est implanté dans un ou plusieurs gouvernorats/délégations disposant d’un IDR moyen en dessous de 0,463.	3	686
2790	2025-03-07 05:40:02.252	2025-03-07 05:40:02.252	f	Le projet est implanté dans un ou plusieurs gouvernorats/délégations disposant d’un IDR moyen en dessous de 0,513.	2	686
2791	2025-03-07 05:40:02.252	2025-03-07 05:40:02.252	f	Le projet est implanté dans un ou plusieurs gouvernorats/délégations disposant d’un IDR moyen au-dessus de 0,513.	0	686
2792	2025-03-07 05:40:02.252	2025-03-07 05:40:02.252	f	Le cadre logique du projet précise : (i) les résultats attendus, (ii) les objectifs spécifiques et (iii) les objectifs généraux. Pour ces trois éléments, le cadre logique présente des indicateurs objectivement vérifiables (IOV).  Des valeurs de référence et des valeurs cibles sont définies pour les l’ensemble des indicateurs.	5	687
2793	2025-03-07 05:40:02.252	2025-03-07 05:40:02.252	f	Le cadre logique du projet précise : (i) les résultats attendus, (ii) les objectifs spécifiques et (iii) les objectifs généraux. Pour ces trois éléments, le cadre logique présente des indicateurs objectivement vérifiables. Seules les valeurs cibles des indicateurs ont été identifiées. 	4	687
2794	2025-03-07 05:40:02.252	2025-03-07 05:40:02.252	f	Le cadre logique du projet précise : (i) les résultats attendus, (ii) les objectifs spécifiques et (iii) les objectifs généraux. Pour ces trois éléments, le cadre logique présente des indicateurs objectivement vérifiables sans préciser les valeurs de référence et les valeurs cibles.	3	687
2795	2025-03-07 05:40:02.252	2025-03-07 05:40:02.252	f	Le cadre logique du projet précise : (i) les résultats attendus, (ii) les objectifs spécifiques et (iii) les objectifs généraux. Le cadre logique ne présente d’indicateurs objectivement vérifiables que pour les résultats attendus.	2	687
2796	2025-03-07 05:40:02.252	2025-03-07 05:40:02.252	f	Le cadre logique ne précise que partiellement les trois éléments : (i) les résultats attendus, (ii) les objectifs spécifiques et (iii) les objectifs généraux.	1	687
2797	2025-03-07 05:40:02.252	2025-03-07 05:40:02.252	f	La documentation du projet ne contient pas de cadre logique.	0	687
2798	2025-03-07 05:40:02.252	2025-03-07 05:40:02.252	f	La documentation du projet comprend des éléments d’analyse sur l’accessibilité du projet pour les personnes à mobilité réduite. Le projet prévoit des dispositifs pour assurer l’accessibilité aux personnes à mobilité réduite ou, par sa nature, le projet ne nécessite pas de commodités spécifiques d’accessibilité.	5	688
2799	2025-03-07 05:40:02.252	2025-03-07 05:40:02.252	f	La documentation du projet comprend des éléments d’analyse sur l’accessibilité du projet pour les personnes à mobilité réduite mais aucun dispositif ou commodité n’est envisagé pour permettre l’accessibilité des personnes à mobilité réduite.	1	688
2800	2025-03-07 05:40:02.252	2025-03-07 05:40:02.252	f	La documentation du projet ne comprend aucun élément d’analyse et ne présente aucun dispositif permettant d’assurer l’accessibilité des personnes à mobilité réduite.	0	688
2801	2025-03-07 05:40:02.252	2025-03-07 05:40:02.252	f	Une ou plusieurs séances de consultation ont été organisées pendant le processus de préparation du projet au cours desquelles les populations et les parties prenantes du projet ont été invitées à donner leur avis sur le contenu du projet.  La dimension genre a été prise en compte lors des consultations. Ces séances de consultation ont donné lieu à un compte-rendu qui a été largement publié.	5	689
2802	2025-03-07 05:40:02.252	2025-03-07 05:40:02.252	f	Une ou plusieurs séances de consultation ont été organisées pendant le processus de préparation du projet au cours desquelles les populations et les parties prenantes du projet ont été invitées à donner leur avis sur le contenu du projet.  La dimension genre a été prise en compte lors des consultations. Ces séances de consultation ont donné lieu à un (ou des) compte(s)-rendu(s) sans être publié(s) aux parties prenantes.	4	689
2803	2025-03-07 05:40:02.252	2025-03-07 05:40:02.252	f	Une ou plusieurs séances de consultation ont été organisées pendant le processus de préparation du projet au cours desquelles les populations et les parties prenantes du projet ont été invitées à donner leur avis sur le contenu du projet. La dimension genre n’a pas été prise en compte et le compte rendu n’a pas été publié à l’ensemble des parties prenantes.	2	689
2804	2025-03-07 05:40:02.252	2025-03-07 05:40:02.252	f	Le projet n’a pas fait l’objet d’aucune séance de consultation.	0	689
2805	2025-03-07 05:40:02.252	2025-03-07 05:40:02.252	f	La documentation du projet a identifié les sources d’émission de gaz à effet de serre dans les phases de construction et d’exploitation. Les émissions ont été estimées avec une méthode rigoureuse. La réduction des gaz à effet de serre constitue la raison d’existence du projet ou ce dernier prévoit des mesures pour réduire significativement ses émissions pendant les phases de construction et d’exploitation. 	5	690
2806	2025-03-07 05:40:02.252	2025-03-07 05:40:02.252	f	 La documentation du projet a identifié les sources d’émission de gaz à effet de serre dans les phases de construction et d’exploitation. Les émissions ont été estimées avec une méthode rigoureuse.	3	690
2807	2025-03-07 05:40:02.252	2025-03-07 05:40:02.252	f	La documentation du projet a identifié les sources d’émission de gaz à effet de serre dans les phases de construction et d’exploitation	1	690
2808	2025-03-07 05:40:02.252	2025-03-07 05:40:02.252	f	Le projet ne prévoit aucun dispositif pour limiter les émissions de gaz à effet de serre pendant la phase de construction et/ou d’exploitation	0	690
2809	2025-03-07 05:40:02.252	2025-03-07 05:40:02.252	f	Le projet ne nécessite pas de déclassifier des terres agricoles et ne détériore pas les terres agricoles avoisinantes.	5	691
2810	2025-03-07 05:40:02.252	2025-03-07 05:40:02.252	f	Le projet ne nécessite pas de déclassifier des terres agricoles. Le projet prévoit des mesures permettant d’éviter la détérioration des terres agricoles avoisinantes.	4	691
2811	2025-03-07 05:40:02.252	2025-03-07 05:40:02.252	f	Le projet nécessite une déclassification de terres agricoles pour une partie de son emprise foncière.	2	691
2812	2025-03-07 05:40:02.252	2025-03-07 05:40:02.252	f	Le projet nécessite une déclassification de terres agricoles pour l’intégralité de son emprise foncière.	0	691
2813	2025-03-07 05:40:02.252	2025-03-07 05:40:02.252	f	Les risques liés au changement climatique ont été identifiés et définis par nature, criticité et gravité. L’impact du changement climatique sur le fonctionnement normal de l’infrastructure a été étudié et estimé avec une méthode rigoureuse. Les mesures d’adaptation aux risques liés aux changement climatique ont été identifiées et étudiées.	5	692
2814	2025-03-07 05:40:02.252	2025-03-07 05:40:02.252	f	Les risques liés au changement climatique ont été identifiés et définis par nature, criticité et gravité. L’impact du changement climatique sur le fonctionnement normal de l’infrastructure a été étudié et estimé avec une méthode rigoureuse.	3	692
2815	2025-03-07 05:40:02.252	2025-03-07 05:40:02.252	f	Les risques liés au changement climatique ont été identifiés et définis par nature, criticité et gravité.	2	692
2816	2025-03-07 05:40:02.252	2025-03-07 05:40:02.252	f	Aucune analyse de risques liés au changement climatique n’a été réalisée ou la documentation du projet n’inclut aucune étude de mesure d’adaptation au changement climatique. 	0	692
2817	2025-03-07 05:40:02.253	2025-03-07 05:40:02.253	f	L’impact du projet sur la biodiversité du lieu de son implantation a été étudié avec une méthode rigoureuse. L’étude conclue à un impact positif du projet sur la biodiversité de son lieu d’implantation.	5	693
2818	2025-03-07 05:40:02.253	2025-03-07 05:40:02.253	f	L’impact du projet sur la biodiversité du lieu de son implantation a été étudié avec une méthode rigoureuse. L’étude conclue à un impact négatif du projet sur la biodiversité du lieu e son implantation, toutefois les mesures d’évitement des impacts négatifs ont été identifiées et étudiées. 	4	693
2819	2025-03-07 05:40:02.253	2025-03-07 05:40:02.253	f	L’impact du projet sur la biodiversité du lieu de son implantation a été étudié avec une méthode rigoureuse mais les mesures d’évitement des impacts négatifs n’ont pas été identifiées et étudiées.	2	693
2820	2025-03-07 05:40:02.253	2025-03-07 05:40:02.253	f	Aucune analyse de l’impact du projet sur la biodiversité n’a été réalisée.	0	693
2821	2025-03-07 05:40:02.253	2025-03-07 05:40:02.253	f	Le projet est conçu spécifiquement et considéré comme indispensable à l’opérationnalisation d’une infrastructure existante ou en cours de réalisation.	5	694
2822	2025-03-07 05:40:02.253	2025-03-07 05:40:02.253	f	Le projet n’est pas conçu spécifiquement pour opérationnaliser une infrastructure existante mais contribuera à l’optimisation du fonctionnement d’une infrastructure existante ou en cours de réalisation.	3	694
2823	2025-03-07 05:40:02.253	2025-03-07 05:40:02.253	f	Le projet n’a pas d’impact direct ou indirect sur l’opérationnalisation d’une autre infrastructure existante ou en cours de réalisation.	0	694
2824	2025-03-07 05:40:02.253	2025-03-07 05:40:02.253	f	La documentation du projet démontre sa contribution à la résolution des goulots d’étranglement que subissent une ou plusieurs infrastructures intervenant dans le même domaine dans la région. La contribution du projet permet de résoudre complètement le goulot d’étranglement. 	5	695
2825	2025-03-07 05:40:02.253	2025-03-07 05:40:02.253	f	La documentation du projet démontre sa contribution à la résolution des goulots d’étranglement que subissent une ou plusieurs infrastructures intervenant dans le même domaine dans la région. La contribution du projet permet de résoudre significativement le goulot d’étranglement.	4	695
2826	2025-03-07 05:40:02.253	2025-03-07 05:40:02.253	f	La documentation du projet démontre sa contribution à la résolution des goulots d’étranglement que subissent une ou plusieurs infrastructures intervenant dans le même domaine dans la région. La contribution du projet permet de soulager le goulot d’étranglement.	2	695
2827	2025-03-07 05:40:02.253	2025-03-07 05:40:02.253	f	Le projet n’a pas vocation à résoudre les goulots d’étranglement que peuvent connaitre les infrastructures existantes dans la région dans le domaine. 	0	695
2828	2025-03-07 05:40:02.253	2025-03-07 05:40:02.253	f	La documentation du projet démontre la contribution du projet au désenclavement du territoire dans lequel il est implanté. Le projet permet de connecter une zone rurale à un centre urbain.	5	696
2829	2025-03-07 05:40:02.253	2025-03-07 05:40:02.253	f	La documentation du projet démontre la contribution du projet au désenclavement du territoire dans lequel il est implanté. Le projet permet de connecter deux ou plusieurs centres urbains. 	4	696
2830	2025-03-07 05:40:02.253	2025-03-07 05:40:02.253	f	La documentation du projet démontre la contribution du projet au désenclavement du territoire dans lequel il est implanté. Le projet permettra d’attirer et de faciliter l’implantation d’autres infrastructures dans le territoire enclavé.	3	696
2831	2025-03-07 05:40:02.253	2025-03-07 05:40:02.253	f	L’un des objectifs du projet consiste à contribuer au désenclavement du territoire dans lequel il est implanté mais les modalités et l’impact ne sont pas précisés dans la documentation du projet.	1	696
2832	2025-03-07 05:40:02.253	2025-03-07 05:40:02.253	f	Le projet n’est pas implanté dans un territoire enclavé et ne contribue pas à connecter une zone rurale à un centre urbain ou deux centres urbains.	0	696
2833	2025-03-07 05:40:02.253	2025-03-07 05:40:02.253	f	La documentation du projet démontre que le projet constitue ou comprend une innovation technique, de procédé ou de montage financier. Le projet est conçu comme un projet pilote à généraliser. Le porteur de projet prévoit l’évaluation du projet pilote avant sa généralisation.	5	697
2834	2025-03-07 05:40:02.253	2025-03-07 05:40:02.253	f	La documentation du projet démontre que le projet constitue ou comprend une innovation technique, de procédé ou de montage financier. Le projet est conçu comme un projet pilote à généraliser.	4	697
2835	2025-03-07 05:40:02.253	2025-03-07 05:40:02.253	f	La documentation du projet démontre que le projet constitue ou comprend une innovation technique, de procédé ou de montage financier.	2	697
2836	2025-03-07 05:40:02.253	2025-03-07 05:40:02.253	f	Le projet ne constitue pas et ne comprend pas d’innovation technique, de procédé ou de montage financier.	0	697
847	2025-05-05 09:02:44.376	2025-05-05 09:02:44.376	f	Le projet est conçu spécifiquement et considéré comme indispensable à l’opérationnalisation d’une infrastructure existante ou en cours de réalisation.	5	181
848	2025-05-05 09:02:44.376	2025-05-05 09:02:44.376	f	Le projet n’est pas conçu spécifiquement pour opérationnaliser une infrastructure existante mais contribuera à l’optimisation du fonctionnement d’une infrastructure existante ou en cours de réalisation.	3	181
849	2025-05-05 09:02:44.376	2025-05-05 09:02:44.376	f	Le projet n’a pas d’impact direct ou indirect sur l’opérationnalisation d’une autre infrastructure existante ou en cours de réalisation.	0	181
850	2025-05-05 09:02:44.376	2025-05-05 09:02:44.376	f	La documentation du projet démontre sa contribution à la résolution des goulots d’étranglement que subissent une ou plusieurs infrastructures intervenant dans le même domaine dans la région. La contribution du projet permet de résoudre complètement le goulot d’étranglement. 	5	182
851	2025-05-05 09:02:44.376	2025-05-05 09:02:44.376	f	La documentation du projet démontre sa contribution à la résolution des goulots d’étranglement que subissent une ou plusieurs infrastructures intervenant dans le même domaine dans la région. La contribution du projet permet de résoudre significativement le goulot d’étranglement.	4	182
852	2025-05-05 09:02:44.376	2025-05-05 09:02:44.376	f	La documentation du projet démontre sa contribution à la résolution des goulots d’étranglement que subissent une ou plusieurs infrastructures intervenant dans le même domaine dans la région. La contribution du projet permet de soulager le goulot d’étranglement.	2	182
853	2025-05-05 09:02:44.376	2025-05-05 09:02:44.376	f	Le projet n’a pas vocation à résoudre les goulots d’étranglement que peuvent connaitre les infrastructures existantes dans la région dans le domaine. 	0	182
854	2025-05-05 09:02:44.376	2025-05-05 09:02:44.376	f	La documentation du projet démontre la contribution du projet au désenclavement du territoire dans lequel il est implanté. Le projet permet de connecter une zone rurale à un centre urbain.	5	183
855	2025-05-05 09:02:44.376	2025-05-05 09:02:44.376	f	La documentation du projet démontre la contribution du projet au désenclavement du territoire dans lequel il est implanté. Le projet permet de connecter deux ou plusieurs centres urbains. 	4	183
856	2025-05-05 09:02:44.376	2025-05-05 09:02:44.376	f	La documentation du projet démontre la contribution du projet au désenclavement du territoire dans lequel il est implanté. Le projet permettra d’attirer et de faciliter l’implantation d’autres infrastructures dans le territoire enclavé.	3	183
857	2025-05-05 09:02:44.376	2025-05-05 09:02:44.376	f	L’un des objectifs du projet consiste à contribuer au désenclavement du territoire dans lequel il est implanté mais les modalités et l’impact ne sont pas précisés dans la documentation du projet.	1	183
858	2025-05-05 09:02:44.376	2025-05-05 09:02:44.376	f	Le projet n’est pas implanté dans un territoire enclavé et ne contribue pas à connecter une zone rurale à un centre urbain ou deux centres urbains.	0	183
859	2025-05-05 09:02:44.376	2025-05-05 09:02:44.376	f	La documentation du projet démontre que le projet constitue ou comprend une innovation technique, de procédé ou de montage financier. Le projet est conçu comme un projet pilote à généraliser. Le porteur de projet prévoit l’évaluation du projet pilote avant sa généralisation.	5	184
860	2025-05-05 09:02:44.376	2025-05-05 09:02:44.376	f	La documentation du projet démontre que le projet constitue ou comprend une innovation technique, de procédé ou de montage financier. Le projet est conçu comme un projet pilote à généraliser.	4	184
861	2025-05-05 09:02:44.376	2025-05-05 09:02:44.376	f	La documentation du projet démontre que le projet constitue ou comprend une innovation technique, de procédé ou de montage financier.	2	184
862	2025-05-05 09:02:44.376	2025-05-05 09:02:44.376	f	Le projet ne constitue pas et ne comprend pas d’innovation technique, de procédé ou de montage financier.	0	184
863	2025-05-05 09:02:44.376	2025-05-05 09:02:44.376	f	Le cadre logique du projet précise : (i) les résultats attendus, (ii) les objectifs spécifiques et (iii) les objectifs généraux. Pour ces trois éléments, le cadre logique présente des indicateurs objectivement vérifiables (IOV).  Des valeurs de référence et des valeurs cibles sont définies pour les l’ensemble des indicateurs.	5	185
864	2025-05-05 09:02:44.376	2025-05-05 09:02:44.376	f	Le cadre logique du projet précise : (i) les résultats attendus, (ii) les objectifs spécifiques et (iii) les objectifs généraux. Pour ces trois éléments, le cadre logique présente des indicateurs objectivement vérifiables. Seules les valeurs cibles des indicateurs ont été identifiées. 	4	185
865	2025-05-05 09:02:44.376	2025-05-05 09:02:44.376	f	Le cadre logique du projet précise : (i) les résultats attendus, (ii) les objectifs spécifiques et (iii) les objectifs généraux. Pour ces trois éléments, le cadre logique présente des indicateurs objectivement vérifiables sans préciser les valeurs de référence et les valeurs cibles.	3	185
866	2025-05-05 09:02:44.376	2025-05-05 09:02:44.376	f	Le cadre logique du projet précise : (i) les résultats attendus, (ii) les objectifs spécifiques et (iii) les objectifs généraux. Le cadre logique ne présente d’indicateurs objectivement vérifiables que pour les résultats attendus.	2	185
867	2025-05-05 09:02:44.376	2025-05-05 09:02:44.376	f	Le cadre logique ne précise que partiellement les trois éléments : (i) les résultats attendus, (ii) les objectifs spécifiques et (iii) les objectifs généraux.	1	185
868	2025-05-05 09:02:44.376	2025-05-05 09:02:44.376	f	La documentation du projet ne contient pas de cadre logique.	0	185
869	2025-05-05 09:02:44.377	2025-05-05 09:02:44.377	f	La documentation du projet présente un chronogramme qui détaille l’ensemble des activités pour chacun des processus du cycle de gestion du projet (préparation, priorisation, programmation budgétaire, contractualisation, mise en œuvre, évaluation). Le planning intègre également des éléments prévisionnels relatif à la passation des marchés prévus pour la réalisation du projet. Le chronogramme du projet est présenté sous la forme d’un diagramme de Gantt qui précise les liens de dépendance entre les tâches, ainsi que les principaux jalons et/ou les ressources associées à chaque tâche.	5	186
870	2025-05-05 09:02:44.377	2025-05-05 09:02:44.377	f	La documentation du projet présente un chronogramme qui détaille l’ensemble des activités pour chacun des processus du cycle de gestion du projet (préparation, priorisation, programmation budgétaire, contractualisation, mise en œuvre, évaluation). Le planning intègre également des éléments prévisionnels relatif à la passation des marchés prévus pour la réalisation du projet.	4	186
871	2025-05-05 09:02:44.377	2025-05-05 09:02:44.377	f	La documentation du projet présente un chronogramme qui détaille l’ensemble des activités pour chacun des processus du cycle de gestion du projet sans intégrer les éléments relatifs à la passation des marchés publics prévus le projet.  	3	186
872	2025-05-05 09:02:44.377	2025-05-05 09:02:44.377	f	La documentation du projet présente un chronogramme qui détaille seulement les activités relatives à la réalisation du projet en précisant les délais de leur mise en œuvre.	2	186
873	2025-05-05 09:02:44.377	2025-05-05 09:02:44.377	f	La documentation du projet comprend un chronogramme mais les éléments indiqués, notamment concernant les délais, présentent des incohérences.	1	186
874	2025-05-05 09:02:44.377	2025-05-05 09:02:44.377	f	La documentation du projet ne présente aucun chronogramme ou les données indiquées ne peuvent pas être considérées comme des éléments de planification.	0	186
875	2025-05-05 09:02:44.377	2025-05-05 09:02:44.377	f	Le coût total du projet intègre l’ensemble des rubriques (immobilier, mobilier, biens et services, prestations extérieures, études spécifiques, indemnités expropriations, etc.). L’estimation du coût total est déterminée sur la base de méthodes rigoureuses s'appuyant sur des données actualisées (Coûts paramétriques mercuriale des prix, etc.).  Le coût total inclut une provision pour la couverture des risques et dépenses imprévues du projet. Le coût total (dépenses) du projet est ventilé par année. Les charges récurrentes pour l’exploitation de l’ouvrage sont estimées et détaillées par principale rubrique (Biens et services, Rémunération, Entretiens, etc.)	5	187
876	2025-05-05 09:02:44.377	2025-05-05 09:02:44.377	f	Le coût total du projet intègre l’ensemble des rubriques (immobilier, mobilier, biens et services, prestations extérieures, études spécifiques, indemnités expropriations, etc.). L’estimation du coût total est déterminée sur la base de méthodes rigoureuses s'appuyant sur des données actualisées (Coûts paramétriques mercuriale des prix, etc.).  Le coût total inclut une provision pour la couverture des risques et dépenses imprévues du projet. Le coût total (dépenses) du projet est ventilé par année.	4	187
877	2025-05-05 09:02:44.377	2025-05-05 09:02:44.377	f	Le coût total du projet intègre l’ensemble des rubriques (immobilier, mobilier, biens et services, prestations extérieures, études spécifiques, indemnités expropriations, etc.).  L’estimation du coût total est déterminée sur la base de méthodes rigoureuses s'appuyant sur des données actualisées (Coûts paramétriques mercuriale des prix, etc.).  Le coût total du projet est ventilé par année.	3	187
878	2025-05-05 09:02:44.377	2025-05-05 09:02:44.377	f	Le coût total du projet intègre l’ensemble des rubriques (immobilier, mobilier, biens et services, prestations extérieures, études spécifiques, indemnités expropriations, etc.). L’estimation du coût total est déterminée sur la base de méthodes rigoureuses s'appuyant sur des données actualisées (Coûts paramétriques mercuriale des prix, etc.).	2	187
879	2025-05-05 09:02:44.377	2025-05-05 09:02:44.377	f	La documentation du projet présente un coût total sans le détailler par rubrique ni démontrer la méthode de son estimation.	1	187
880	2025-05-05 09:02:44.377	2025-05-05 09:02:44.377	f	Le coût total n'est pas estimé.	0	187
881	2025-05-05 09:02:44.377	2025-05-05 09:02:44.377	f	L’analyse de risque a porté sur au moins trois des catégories de risque ci-après : risques techniques, risques d’opposition sociale, risques environnementaux, risques institutionnels, risques financiers. Pour les différents risques identifiés, la nature du risque a été précisée.  Une matrice de criticité précise le niveau de probabilité et de gravité pour les risques identifiés. Des mesures de gestion des risques ont été identifiées.	5	188
882	2025-05-05 09:02:44.377	2025-05-05 09:02:44.377	f	L’analyse de risque a porté sur au moins trois des catégories de risque ci-après : risques techniques, risques d’opposition sociale, risques environnementaux, risques institutionnels, risques financiers. Pour les différents risques identifiés, la nature du risque a été précisée. Une matrice de criticité du risque précise le niveau de probabilité et de gravité pour les risques identifiés.	4	188
883	2025-05-05 09:02:44.377	2025-05-05 09:02:44.377	f	L’analyse de risque a porté sur au moins trois des catégories de risques ci-après :  risques techniques, risques d’opposition sociale, risques environnementaux, risques institutionnels, risques financiers. Pour les différents risques identifiés, la nature du risque a été précisée.	2	188
884	2025-05-05 09:02:44.377	2025-05-05 09:02:44.377	f	L’analyse de risque présente des éléments rudimentaires sur l’une ou plusieurs des catégories de risques suivantes :  risques techniques, risques d’opposition sociale, risques environnementaux, risques institutionnels, risques financier	1	188
885	2025-05-05 09:02:44.377	2025-05-05 09:02:44.377	f	La documentation du projet ne présente aucune analyse de risques	0	188
886	2025-05-05 09:02:44.377	2025-05-05 09:02:44.377	f	En phase de croisière, l’ouvrage génère des recettes d’exploitation supérieures aux charges récurrentes de l’ouvrage 	5	189
887	2025-05-05 09:02:44.377	2025-05-05 09:02:44.377	f	En phase de croisière, l’ouvrage génère des recettes d’exploitation couvrant au moins 80 % des charges récurrentes de l’ouvrage	4	189
888	2025-05-05 09:02:44.377	2025-05-05 09:02:44.377	f	En phase de croisière, l’ouvrage génère des recettes d’exploitation couvrant au moins 50 % des charges récurrentes de l’ouvrage	3	189
889	2025-05-05 09:02:44.377	2025-05-05 09:02:44.377	f	En phase de croisière, l’ouvrage génère des recettes d’exploitation couvrant au moins 20 % des charges récurrentes de l’ouvrage	2	189
890	2025-05-05 09:02:44.377	2025-05-05 09:02:44.377	f	En phase de croisière, l’ouvrage génère des recettes d’exploitation inférieures à 20 % des charges récurrentes de l’ouvrage	1	189
891	2025-05-05 09:02:44.377	2025-05-05 09:02:44.377	f	Il n’est pas prévu que le projet génère des recettes d’exploitation.	0	189
892	2025-05-05 09:02:44.377	2025-05-05 09:02:44.377	f	Le projet permettra la création d’au moins 300 nouveaux emplois par million DTN investi. 	5	190
893	2025-05-05 09:02:44.377	2025-05-05 09:02:44.377	f	Le projet permettra la création d’au moins 240 nouveaux emplois par million DTN investi. 	4	190
894	2025-05-05 09:02:44.377	2025-05-05 09:02:44.377	f	Le projet permettra la création d’au moins 150 nouveaux emplois par million DTN investi. 	3	190
895	2025-05-05 09:02:44.377	2025-05-05 09:02:44.377	f	Le projet permettra la création d’au moins 60 nouveaux emplois par million DTN investi. 	2	190
896	2025-05-05 09:02:44.377	2025-05-05 09:02:44.377	f	Le projet permettra la création d’au moins 15 nouveaux emplois par million DTN investi. 	1	190
897	2025-05-05 09:02:44.377	2025-05-05 09:02:44.377	f	Le projet ne permettra pas de créer de nouveaux emplois.	0	190
898	2025-05-05 09:02:44.377	2025-05-05 09:02:44.377	f	La documentation du projet précise les filières impactées positivement par le projet. L’impact sur le développement des filières identifiées est justifié et estimé avec une méthode rigoureuse. Le projet appartient à une filière économique et un secteur identifié par la cadre institutionnel comme prioritaire.	5	191
899	2025-05-05 09:02:44.377	2025-05-05 09:02:44.377	f	La documentation du projet précise les filières impactées positivement par le projet. L’impact sur le développement des filières identifiées est justifié et estimé avec une méthode rigoureuse.	4	191
900	2025-05-05 09:02:44.377	2025-05-05 09:02:44.377	f	La documentation du projet a identifié les filières impactées par le projet. L’impact est justifié sans être estimé sur la base d’une méthode rigoureuse.	2	191
901	2025-05-05 09:02:44.377	2025-05-05 09:02:44.377	f	La documentation du projet n’a pas identifié les filières impactées par le projet.	0	191
902	2025-05-05 09:02:44.377	2025-05-05 09:02:44.377	f	Plus de 90 % du coût total du projet sera mis en œuvre par les entreprises nationales.	5	192
903	2025-05-05 09:02:44.377	2025-05-05 09:02:44.377	f	Au moins 80 % du coût total du projet sera mis en œuvre par les entreprises nationales.	4	192
904	2025-05-05 09:02:44.377	2025-05-05 09:02:44.377	f	\nAu moins 50 % du coût total du projet sera mis en œuvre par les entreprises nationales.\n	3	192
905	2025-05-05 09:02:44.377	2025-05-05 09:02:44.377	f	Au moins 20 % du coût total du projet sera mis en œuvre par les entreprises nationales.	2	192
906	2025-05-05 09:02:44.377	2025-05-05 09:02:44.377	f	La part qui sera mise en œuvre par les entreprises nationales est inférieure à 20 %.	1	192
907	2025-05-05 09:02:44.377	2025-05-05 09:02:44.377	f	Le projet sera mis en œuvre intégralement par des entreprises étrangères.	0	192
908	2025-05-05 09:02:44.377	2025-05-05 09:02:44.377	f	Le projet est implanté dans un ou plusieurs gouvernorats/délégations disposant d’un IDR moyen en dessous de 0,421.	5	193
909	2025-05-05 09:02:44.377	2025-05-05 09:02:44.377	f	Le projet est implanté dans un ou plusieurs gouvernorats/délégations disposant d’un IDR moyen en dessous de 0,463.	3	193
910	2025-05-05 09:02:44.377	2025-05-05 09:02:44.377	f	Le projet est implanté dans un ou plusieurs gouvernorats/délégations disposant d’un IDR moyen en dessous de 0,513.	2	193
911	2025-05-05 09:02:44.377	2025-05-05 09:02:44.377	f	Le projet est implanté dans un ou plusieurs gouvernorats/délégations disposant d’un IDR moyen au-dessus de 0,513.	0	193
912	2025-05-05 09:02:44.377	2025-05-05 09:02:44.377	f	Le cadre logique du projet précise : (i) les résultats attendus, (ii) les objectifs spécifiques et (iii) les objectifs généraux. Pour ces trois éléments, le cadre logique présente des indicateurs objectivement vérifiables (IOV).  Des valeurs de référence et des valeurs cibles sont définies pour les l’ensemble des indicateurs.	5	194
913	2025-05-05 09:02:44.377	2025-05-05 09:02:44.377	f	Le cadre logique du projet précise : (i) les résultats attendus, (ii) les objectifs spécifiques et (iii) les objectifs généraux. Pour ces trois éléments, le cadre logique présente des indicateurs objectivement vérifiables. Seules les valeurs cibles des indicateurs ont été identifiées. 	4	194
914	2025-05-05 09:02:44.377	2025-05-05 09:02:44.377	f	Le cadre logique du projet précise : (i) les résultats attendus, (ii) les objectifs spécifiques et (iii) les objectifs généraux. Pour ces trois éléments, le cadre logique présente des indicateurs objectivement vérifiables sans préciser les valeurs de référence et les valeurs cibles.	3	194
915	2025-05-05 09:02:44.377	2025-05-05 09:02:44.377	f	Le cadre logique du projet précise : (i) les résultats attendus, (ii) les objectifs spécifiques et (iii) les objectifs généraux. Le cadre logique ne présente d’indicateurs objectivement vérifiables que pour les résultats attendus.	2	194
916	2025-05-05 09:02:44.377	2025-05-05 09:02:44.377	f	Le cadre logique ne précise que partiellement les trois éléments : (i) les résultats attendus, (ii) les objectifs spécifiques et (iii) les objectifs généraux.	1	194
917	2025-05-05 09:02:44.377	2025-05-05 09:02:44.377	f	La documentation du projet ne contient pas de cadre logique.	0	194
918	2025-05-05 09:02:44.377	2025-05-05 09:02:44.377	f	La documentation du projet comprend des éléments d’analyse sur l’accessibilité du projet pour les personnes à mobilité réduite. Le projet prévoit des dispositifs pour assurer l’accessibilité aux personnes à mobilité réduite ou, par sa nature, le projet ne nécessite pas de commodités spécifiques d’accessibilité.	5	195
919	2025-05-05 09:02:44.377	2025-05-05 09:02:44.377	f	La documentation du projet comprend des éléments d’analyse sur l’accessibilité du projet pour les personnes à mobilité réduite mais aucun dispositif ou commodité n’est envisagé pour permettre l’accessibilité des personnes à mobilité réduite.	1	195
920	2025-05-05 09:02:44.377	2025-05-05 09:02:44.377	f	La documentation du projet ne comprend aucun élément d’analyse et ne présente aucun dispositif permettant d’assurer l’accessibilité des personnes à mobilité réduite.	0	195
921	2025-05-05 09:02:44.377	2025-05-05 09:02:44.377	f	Une ou plusieurs séances de consultation ont été organisées pendant le processus de préparation du projet au cours desquelles les populations et les parties prenantes du projet ont été invitées à donner leur avis sur le contenu du projet.  La dimension genre a été prise en compte lors des consultations. Ces séances de consultation ont donné lieu à un compte-rendu qui a été largement publié.	5	196
922	2025-05-05 09:02:44.377	2025-05-05 09:02:44.377	f	Une ou plusieurs séances de consultation ont été organisées pendant le processus de préparation du projet au cours desquelles les populations et les parties prenantes du projet ont été invitées à donner leur avis sur le contenu du projet.  La dimension genre a été prise en compte lors des consultations. Ces séances de consultation ont donné lieu à un (ou des) compte(s)-rendu(s) sans être publié(s) aux parties prenantes.	4	196
923	2025-05-05 09:02:44.378	2025-05-05 09:02:44.378	f	Une ou plusieurs séances de consultation ont été organisées pendant le processus de préparation du projet au cours desquelles les populations et les parties prenantes du projet ont été invitées à donner leur avis sur le contenu du projet. La dimension genre n’a pas été prise en compte et le compte rendu n’a pas été publié à l’ensemble des parties prenantes.	2	196
924	2025-05-05 09:02:44.378	2025-05-05 09:02:44.378	f	Le projet n’a pas fait l’objet d’aucune séance de consultation.	0	196
925	2025-05-05 09:02:44.378	2025-05-05 09:02:44.378	f	La documentation du projet a identifié les sources d’émission de gaz à effet de serre dans les phases de construction et d’exploitation. Les émissions ont été estimées avec une méthode rigoureuse. La réduction des gaz à effet de serre constitue la raison d’existence du projet ou ce dernier prévoit des mesures pour réduire significativement ses émissions pendant les phases de construction et d’exploitation. 	5	197
926	2025-05-05 09:02:44.378	2025-05-05 09:02:44.378	f	 La documentation du projet a identifié les sources d’émission de gaz à effet de serre dans les phases de construction et d’exploitation. Les émissions ont été estimées avec une méthode rigoureuse.	3	197
927	2025-05-05 09:02:44.378	2025-05-05 09:02:44.378	f	La documentation du projet a identifié les sources d’émission de gaz à effet de serre dans les phases de construction et d’exploitation	1	197
928	2025-05-05 09:02:44.378	2025-05-05 09:02:44.378	f	Le projet ne prévoit aucun dispositif pour limiter les émissions de gaz à effet de serre pendant la phase de construction et/ou d’exploitation	0	197
929	2025-05-05 09:02:44.378	2025-05-05 09:02:44.378	f	Le projet ne nécessite pas de déclassifier des terres agricoles et ne détériore pas les terres agricoles avoisinantes.	5	198
930	2025-05-05 09:02:44.378	2025-05-05 09:02:44.378	f	Le projet ne nécessite pas de déclassifier des terres agricoles. Le projet prévoit des mesures permettant d’éviter la détérioration des terres agricoles avoisinantes.	4	198
931	2025-05-05 09:02:44.378	2025-05-05 09:02:44.378	f	Le projet nécessite une déclassification de terres agricoles pour une partie de son emprise foncière.	2	198
932	2025-05-05 09:02:44.378	2025-05-05 09:02:44.378	f	Le projet nécessite une déclassification de terres agricoles pour l’intégralité de son emprise foncière.	0	198
933	2025-05-05 09:02:44.378	2025-05-05 09:02:44.378	f	Les risques liés au changement climatique ont été identifiés et définis par nature, criticité et gravité. L’impact du changement climatique sur le fonctionnement normal de l’infrastructure a été étudié et estimé avec une méthode rigoureuse. Les mesures d’adaptation aux risques liés aux changement climatique ont été identifiées et étudiées.	5	199
934	2025-05-05 09:02:44.378	2025-05-05 09:02:44.378	f	Les risques liés au changement climatique ont été identifiés et définis par nature, criticité et gravité. L’impact du changement climatique sur le fonctionnement normal de l’infrastructure a été étudié et estimé avec une méthode rigoureuse.	3	199
935	2025-05-05 09:02:44.378	2025-05-05 09:02:44.378	f	Les risques liés au changement climatique ont été identifiés et définis par nature, criticité et gravité.	2	199
936	2025-05-05 09:02:44.378	2025-05-05 09:02:44.378	f	Aucune analyse de risques liés au changement climatique n’a été réalisée ou la documentation du projet n’inclut aucune étude de mesure d’adaptation au changement climatique. 	0	199
937	2025-05-05 09:02:44.378	2025-05-05 09:02:44.378	f	L’impact du projet sur la biodiversité du lieu de son implantation a été étudié avec une méthode rigoureuse. L’étude conclue à un impact positif du projet sur la biodiversité de son lieu d’implantation.	5	200
938	2025-05-05 09:02:44.378	2025-05-05 09:02:44.378	f	L’impact du projet sur la biodiversité du lieu de son implantation a été étudié avec une méthode rigoureuse. L’étude conclue à un impact négatif du projet sur la biodiversité du lieu e son implantation, toutefois les mesures d’évitement des impacts négatifs ont été identifiées et étudiées. 	4	200
939	2025-05-05 09:02:44.378	2025-05-05 09:02:44.378	f	L’impact du projet sur la biodiversité du lieu de son implantation a été étudié avec une méthode rigoureuse mais les mesures d’évitement des impacts négatifs n’ont pas été identifiées et étudiées.	2	200
940	2025-05-05 09:02:44.378	2025-05-05 09:02:44.378	f	Aucune analyse de l’impact du projet sur la biodiversité n’a été réalisée.	0	200
\.


--
-- Data for Name: evaulation_component; Type: TABLE DATA; Schema: public; Owner: root
--

COPY public.evaulation_component (id, created_at, updated_at, description, is_active, name, evaluation_grid_id) FROM stdin;
173	2025-03-07 05:40:02.251	2025-03-07 05:40:02.354	Cette composante porte sur la clarté et la cohérence de la logique d’intervention (1.1), la qualité du pilotage et de la planification des activités – y compris la passation des marchés publics (1.2), la solidité du budget et du plan de financement (1.3), ainsi que la prise en compte des risques et la durabilité du projet (1.4). Elle évalue donc la manière dont le projet est conçu, organisé et sécurisé pour assurer son bon déroulement.	f	Qualité de préparation et de planification	3
174	2025-03-07 05:40:02.251	2025-03-07 05:40:02.354	Cette composante évalue la viabilité financière du projet (2.1), son potentiel de création d’emplois (2.2), sa capacité à augmenter les opportunités économiques dans la région (2.3) et à bénéficier aux entreprises nationales (2.4). Cette composante s’intéresse à la contribution du projet à la croissance économique et à la prospérité locale et nationale.	f	Impact économique	3
175	2025-03-07 05:40:02.252	2025-03-07 05:40:02.354	Cette composante s’attache à mesurer dans quelle mesure le projet contribue à réduire les inégalités (3.1), à améliorer l’accès aux services publics (3.2), à renforcer l’inclusion et la cohésion sociale (3.3), et à obtenir l’acceptabilité sociale (3.4). L’objectif est d’évaluer l’effet du projet sur le bien-être et la justice sociale au sein des communautés concernées.	f	Impact social	3
176	2025-03-07 05:40:02.252	2025-03-07 05:40:02.354	Elle vise à analyser les incidences du projet sur la pollution et les risques environnementaux (4.1), la gestion durable des ressources naturelles (4.2), la prévention des catastrophes naturelles et l’adaptation au changement climatique (4.3), ainsi que la préservation de la biodiversité et des écosystèmes (4.4). Cette composante s’intéresse donc à la performance environnementale et à la résilience climatique du projet.	f	Impact environnemental et Climat	3
177	2025-03-07 05:40:02.253	2025-03-07 05:40:02.354	Cette dernière composante évalue la complémentarité et la synergie du projet avec d’autres initiatives (5.1), la valorisation des infrastructures existantes (5.2), la transformation du territoire et l’intégration régionale (5.3), ainsi que l’innovation et le caractère pilote du projet (5.4). Elle porte sur la capacité du projet à s’inscrire dans une dynamique plus large et à générer des effets positifs au-delà de son périmètre immédiat.	f	Impact transversal	3
46	2025-05-05 09:02:44.376	2025-05-05 09:02:44.448	Cette dernière composante évalue la complémentarité et la synergie du projet avec d’autres initiatives (5.1), la valorisation des infrastructures existantes (5.2), la transformation du territoire et l’intégration régionale (5.3), ainsi que l’innovation et le caractère pilote du projet (5.4). Elle porte sur la capacité du projet à s’inscrire dans une dynamique plus large et à générer des effets positifs au-delà de son périmètre immédiat.	f	Impact transversal	1
47	2025-05-05 09:02:44.376	2025-05-05 09:02:44.449	Cette composante porte sur la clarté et la cohérence de la logique d’intervention (1.1), la qualité du pilotage et de la planification des activités – y compris la passation des marchés publics (1.2), la solidité du budget et du plan de financement (1.3), ainsi que la prise en compte des risques et la durabilité du projet (1.4). Elle évalue donc la manière dont le projet est conçu, organisé et sécurisé pour assurer son bon déroulement.	f	Qualité de préparation et de planification	1
48	2025-05-05 09:02:44.377	2025-05-05 09:02:44.449	Cette composante évalue la viabilité financière du projet (2.1), son potentiel de création d’emplois (2.2), sa capacité à augmenter les opportunités économiques dans la région (2.3) et à bénéficier aux entreprises nationales (2.4). Cette composante s’intéresse à la contribution du projet à la croissance économique et à la prospérité locale et nationale.	f	Impact économique	1
49	2025-05-05 09:02:44.377	2025-05-05 09:02:44.449	Cette composante s’attache à mesurer dans quelle mesure le projet contribue à réduire les inégalités (3.1), à améliorer l’accès aux services publics (3.2), à renforcer l’inclusion et la cohésion sociale (3.3), et à obtenir l’acceptabilité sociale (3.4). L’objectif est d’évaluer l’effet du projet sur le bien-être et la justice sociale au sein des communautés concernées.	f	Impact social	1
50	2025-05-05 09:02:44.378	2025-05-05 09:02:44.449	Elle vise à analyser les incidences du projet sur la pollution et les risques environnementaux (4.1), la gestion durable des ressources naturelles (4.2), la prévention des catastrophes naturelles et l’adaptation au changement climatique (4.3), ainsi que la préservation de la biodiversité et des écosystèmes (4.4). Cette composante s’intéresse donc à la performance environnementale et à la résilience climatique du projet.	f	Impact environnemental et Climat	1
\.


--
-- Data for Name: financial_source; Type: TABLE DATA; Schema: public; Owner: root
--

COPY public.financial_source (id, created_at, updated_at, bailleur, devise, montant, monant_dinars, statut, taux_echange, type, project_plan_id) FROM stdin;
3	2025-04-24 12:06:00.762	2025-04-24 12:06:00.762	demo bailleur 1		\N	50000	acquis	\N	Financement extérieur (prêt)	2
4	2025-04-24 12:06:00.762	2025-04-24 12:06:00.762	demo baiulleur 2		\N	90000	acquis	\N	Financement PPP	2
6	2025-04-25 04:47:29.991	2025-04-25 04:47:29.991	,,n		\N	945	acquis	\N	Financement extérieur (prêt)	4
7	2025-04-25 04:51:57.021	2025-04-25 04:51:57.021	2fzed		\N	2720	acquis	\N	Financement extérieur (prêt)	5
13	2025-04-25 17:46:53.521	2025-04-25 17:46:53.521	fff		\N	5312	acquis	\N	Financement extérieur (don)	3
20	2025-06-24 10:23:56.674	2025-06-24 10:23:56.674	BAD		\N	84000000	acquis	\N	Financement extérieur (prêt)	7
37	2025-06-24 13:39:43.089	2025-06-24 13:39:43.089	BEI		\N	1500000	acquis	\N	Financement extérieur (prêt)	8
39	2025-06-30 14:40:32.616	2025-06-30 14:40:32.616	budget		\N	40000	a rechercher	\N	Financement interieur	10
40	2025-07-01 14:10:26.836	2025-07-01 14:10:26.836	source 1 		\N	6000000	acquis	\N	Financement interieur	11
41	2025-07-01 14:10:26.836	2025-07-01 14:10:26.836	source 2		\N	5000000	en cours d'acquisition	\N	Financement extérieur (prêt)	11
42	2025-07-01 14:10:26.836	2025-07-01 14:10:26.836	source 3		\N	38000000	a rechercher	\N	Financement extérieur (prêt)	11
\.


--
-- Data for Name: forgot_password_requests; Type: TABLE DATA; Schema: public; Owner: root
--

COPY public.forgot_password_requests (id, created_at, updated_at, admin_notes, email, processed_by, status, user_id) FROM stdin;
\.


--
-- Data for Name: funding_extension; Type: TABLE DATA; Schema: public; Owner: root
--

COPY public.funding_extension (id, created_at, updated_at, actual_date, description, end_date, name, sequence, start_date, project_funding_id) FROM stdin;
\.


--
-- Data for Name: funding_source; Type: TABLE DATA; Schema: public; Owner: root
--

COPY public.funding_source (id, created_at, updated_at, code, description, is_active, name) FROM stdin;
\.


--
-- Data for Name: funding_source_type; Type: TABLE DATA; Schema: public; Owner: root
--

COPY public.funding_source_type (id, created_at, updated_at, code, description, is_active, name) FROM stdin;
\.


--
-- Data for Name: funding_tranches; Type: TABLE DATA; Schema: public; Owner: root
--

COPY public.funding_tranches (id, created_at, updated_at, amount, description, disbursement, title, year, project_plan_id) FROM stdin;
\.


--
-- Data for Name: generated_classification; Type: TABLE DATA; Schema: public; Owner: root
--

COPY public.generated_classification (id, created_at, updated_at, description, generation_date, name, classification_system_id) FROM stdin;
1	2025-07-01 14:25:03.569	2025-07-01 14:25:03.569	classement generé	2025-07-01 14:25:03.569	generation classement	1
\.


--
-- Data for Name: geo_category; Type: TABLE DATA; Schema: public; Owner: root
--

COPY public.geo_category (id, created_at, updated_at, code, description, title, nomenclature_id) FROM stdin;
1	2025-05-20 08:36:47.94	2025-05-20 08:36:47.94	categ-01	categ-01	categ-01	1
2	2025-05-20 08:36:47.946	2025-05-20 08:36:47.946	categ-02	categ-02	categ-02	1
3	2025-05-20 08:36:47.95	2025-05-20 08:36:47.95	categ-03	categ-03	categ-03	1
\.


--
-- Data for Name: geographic_bonus; Type: TABLE DATA; Schema: public; Owner: root
--

COPY public.geographic_bonus (id, created_at, updated_at, bonus_percentage, comment, classification_id, geographic_category_id) FROM stdin;
1	2025-07-01 14:22:26.15	2025-07-01 14:22:26.15	30		1	1
2	2025-07-01 14:22:26.151	2025-07-01 14:22:26.151	20		1	2
3	2025-07-01 14:22:26.151	2025-07-01 14:22:26.151	10		1	3
\.


--
-- Data for Name: governorates; Type: TABLE DATA; Schema: public; Owner: root
--

COPY public.governorates (id, created_at, updated_at, code, description, is_active, name, district_id) FROM stdin;
2	2025-03-06 07:57:38.317	2025-03-06 07:57:38.317	AR	Situé au nord de Tunis, 7 délégations	t	Ariana	6
3	2025-03-06 07:57:38.318	2025-03-06 07:57:38.318	SB	Centre du pays	t	Sidi Bouzid	5
4	2025-03-06 07:57:38.319	2025-03-06 07:57:38.319	BA	Au sud de Tunis, 12 délégations	t	Ben Arous	6
5	2025-03-06 07:57:38.319	2025-03-06 07:57:38.319	TU	Capitale et siège du gouvernement, 21 délégations	t	Tunis	2
6	2025-03-06 07:57:38.319	2025-03-06 07:57:38.319	SF	Deuxième ville du pays, port important	t	Sfax	5
7	2025-03-06 07:57:38.318	2025-03-06 07:57:38.318	MA	Côte est, ville historique	t	Mahdia	2
8	2025-03-06 07:57:38.32	2025-03-06 07:57:38.32	TA	Extrême sud du pays	t	Tataouine	4
9	2025-03-06 07:57:38.324	2025-03-06 07:57:38.324	MO	Côte est, développement touristique	t	Monastir	2
10	2025-03-06 07:57:38.321	2025-03-06 07:57:38.321	GF	Région minière du sud-ouest	t	Gafsa	5
11	2025-03-06 07:57:38.326	2025-03-06 07:57:38.326	KS	Région montagneuse du centre-ouest	t	Kasserine	2
12	2025-03-06 07:57:38.328	2025-03-06 07:57:38.328	NB	Péninsule du Cap Bon, 16 délégations	t	Nabeul	6
13	2025-03-06 07:57:38.331	2025-03-06 07:57:38.331	SO	Station balnéaire importante	t	Sousse	2
14	2025-03-06 07:57:38.331	2025-03-06 07:57:38.331	ME	Sud-est, comprend l'île de Djerba	t	Médenine	4
15	2025-03-06 07:57:38.331	2025-03-06 07:57:38.331	GB	Port du sud-est	t	Gabès	4
16	2025-03-06 07:57:38.332	2025-03-06 07:57:38.332	JE	Frontalier avec l'Algérie	t	Jendouba	3
17	2025-03-06 07:57:38.332	2025-03-06 07:57:38.332	TO	Oasis du sud-ouest	t	Tozeur	5
18	2025-03-06 07:57:38.333	2025-03-06 07:57:38.333	MN	À l'ouest de Tunis, 8 délégations	t	Manouba	6
19	2025-03-06 07:57:38.333	2025-03-06 07:57:38.333	BI	Port important au nord du pays	t	Bizerte	3
20	2025-03-06 07:57:38.333	2025-03-06 07:57:38.333	KF	Région montagneuse du nord-ouest	t	Le Kef	3
21	2025-03-06 07:57:38.334	2025-03-06 07:57:38.334	SI	Centre-nord du pays	t	Siliana	2
22	2025-03-06 07:57:38.334	2025-03-06 07:57:38.334	ZA	Au sud de Tunis	t	Zaghouan	6
23	2025-03-06 07:57:38.336	2025-03-06 07:57:38.336	KR	Ville sainte de l'Islam en Tunisie	t	Kairouan	2
24	2025-03-06 07:57:38.337	2025-03-06 07:57:38.337	KB	Région désertique du sud	t	Kébili	4
25	2025-03-06 07:57:38.339	2025-03-06 07:57:38.339	BJ	Région agricole du nord-ouest	t	Béja	3
\.


--
-- Data for Name: grid_bonus; Type: TABLE DATA; Schema: public; Owner: root
--

COPY public.grid_bonus (id, created_at, updated_at, code, name, classification_id, criteria_id, indicator_id) FROM stdin;
1	2025-07-01 14:23:36.544	2025-07-01 14:23:36.544	critére	intilué	1	640	680
2	2025-07-01 14:24:11.634	2025-07-01 14:24:11.634	flow	intulité	1	640	\N
\.


--
-- Data for Name: grid_bonus_level; Type: TABLE DATA; Schema: public; Owner: root
--

COPY public.grid_bonus_level (id, created_at, updated_at, bonus_percentage, comment, level_name, points_threshold, grid_bonus_id) FROM stdin;
1	2025-07-01 14:23:36.545	2025-07-01 14:23:36.545	50		A	80	1
2	2025-07-01 14:23:36.545	2025-07-01 14:23:36.545	40		B	60	1
3	2025-07-01 14:23:36.545	2025-07-01 14:23:36.545	30		C	40	1
4	2025-07-01 14:23:36.545	2025-07-01 14:23:36.545	20		D	20	1
5	2025-07-01 14:23:36.545	2025-07-01 14:23:36.545	5		E	0	1
6	2025-07-01 14:24:11.634	2025-07-01 14:24:11.634	60		A	80	2
7	2025-07-01 14:24:11.634	2025-07-01 14:24:11.634	30		B	60	2
8	2025-07-01 14:24:11.634	2025-07-01 14:24:11.634	20		C	40	2
9	2025-07-01 14:24:11.634	2025-07-01 14:24:11.634	10		D	20	2
10	2025-07-01 14:24:11.634	2025-07-01 14:24:11.634	5		E	0	2
\.


--
-- Data for Name: linked_project; Type: TABLE DATA; Schema: public; Owner: root
--

COPY public.linked_project (id, created_at, updated_at, description, project_code, project_zone_id) FROM stdin;
2	2025-04-24 12:04:36.075	2025-04-24 12:04:36.075	demo	demo tr	2
3	2025-04-25 04:38:40.939	2025-04-25 04:38:40.939	gfddf	fsd	3
4	2025-04-25 04:45:56.457	2025-04-25 04:45:56.457			4
5	2025-04-25 04:50:41.638	2025-04-25 04:50:41.638	fsdf	fsd	5
9	2025-06-12 14:11:49.738	2025-06-12 14:11:49.738			9
22	2025-06-24 11:39:32.991	2025-06-24 11:39:32.991			22
27	2025-06-24 13:38:35.349	2025-06-24 13:38:35.349			27
28	2025-06-27 09:38:45.33	2025-06-27 09:38:45.33			28
30	2025-06-30 14:31:03.934	2025-06-30 14:31:03.934			30
31	2025-07-01 13:57:54.144	2025-07-01 13:57:54.144			31
\.


--
-- Data for Name: media; Type: TABLE DATA; Schema: public; Owner: root
--

COPY public.media (id, created_at, updated_at, extention, size, source, type) FROM stdin;
\.


--
-- Data for Name: ministers; Type: TABLE DATA; Schema: public; Owner: root
--

COPY public.ministers (id, created_at, updated_at, code, description, is_active, name) FROM stdin;
26	2025-03-06 07:51:13.373	2025-03-06 07:51:13.373	m-12	Ministère du Commerce	t	Ministère du Commerce
28	2025-03-06 07:51:13.374	2025-03-06 07:51:13.374	m-3	Ministère de la Défense Nationale	t	Ministère de la Défense Nationale
27	2025-03-06 07:51:13.373	2025-03-06 07:51:13.373	m-10	Ministère des Affaires Sociales	t	Ministère des Affaires Sociales
29	2025-03-06 07:51:13.373	2025-03-06 07:51:13.373	m-1	Présidence du Gouvernement	t	Présidence du Gouvernement
30	2025-03-06 07:51:13.373	2025-03-06 07:51:13.373	m-8	Ministère de l'Enseignement Supérieur et de la Recherche Scientifique	t	Ministère de l'Enseignement Supérieur et de la Recherche Scientifique
31	2025-03-06 07:51:13.376	2025-03-06 07:51:13.376	m-25	Ministère de la Femme, de la Famille et de l'Enfance	t	Ministère de la Femme, de la Famille et de l'Enfance
32	2025-03-06 07:51:13.376	2025-03-06 07:51:13.376	m-15	Ministère de l'Environnement	t	Ministère de l'Environnement
33	2025-03-06 07:51:13.376	2025-03-06 07:51:13.376	m-2	Ministère de la Justice	t	Ministère de la Justice
34	2025-03-06 07:51:13.377	2025-03-06 07:51:13.377	m-6	Ministère des Finances	t	Ministère des Finances
35	2025-03-06 07:51:13.38	2025-03-06 07:51:13.38	m-11	Ministère de l'Industrie et des PME	t	Ministère de l'Industrie et des PME
36	2025-03-06 07:51:13.375	2025-03-06 07:51:13.375	m-5	Ministère des Affaires Étrangères	t	Ministère des Affaires Étrangères
37	2025-03-06 07:51:13.38	2025-03-06 07:51:13.38	m-19	Ministère de la Jeunesse et des Sports	t	Ministère de la Jeunesse et des Sports
38	2025-03-06 07:51:13.38	2025-03-06 07:51:13.38	m-24	Ministère des Affaires Locales	t	Ministère des Affaires Locales
39	2025-03-06 07:51:13.38	2025-03-06 07:51:13.38	m-13	Ministère de l'Agriculture, des Ressources Hydrauliques et de la Pêche	t	Ministère de l'Agriculture, des Ressources Hydrauliques et de la Pêche
40	2025-03-06 07:51:13.381	2025-03-06 07:51:13.381	m-23	Ministère des Domaines de l'État et des Affaires Foncières	t	Ministère des Domaines de l'État et des Affaires Foncières
41	2025-03-06 07:51:13.383	2025-03-06 07:51:13.383	m-17	Ministère du Tourisme	t	Ministère du Tourisme
42	2025-03-06 07:51:13.383	2025-03-06 07:51:13.383	m-7	Ministère de l'Éducation	t	Ministère de l'Éducation
43	2025-03-06 07:51:13.385	2025-03-06 07:51:13.385	m-14	Ministère de l'Équipement, de l'Habitat et de l'Aménagement du Territoire	t	Ministère de l'Équipement, de l'Habitat et de l'Aménagement du Territoire
44	2025-03-06 07:51:13.382	2025-03-06 07:51:13.382	m-21	Ministère des Technologies de la Communication	t	Ministère des Technologies de la Communication
45	2025-03-06 07:51:13.386	2025-03-06 07:51:13.386	m-9	Ministère de la Santé	t	Ministère de la Santé
46	2025-03-06 07:51:13.385	2025-03-06 07:51:13.385	m-16	Ministère du Transport	t	Ministère du Transport
47	2025-03-06 07:51:13.387	2025-03-06 07:51:13.387	m-22	Ministère des Affaires Religieuses	t	Ministère des Affaires Religieuses
48	2025-03-06 07:51:13.386	2025-03-06 07:51:13.386	m-4	Ministère de l'Intérieur	t	Ministère de l'Intérieur
49	2025-03-06 07:51:13.385	2025-03-06 07:51:13.385	m-20	Ministère de la Formation Professionnelle et de l'Emploi	t	Ministère de la Formation Professionnelle et de l'Emploi
50	2025-03-06 07:51:13.383	2025-03-06 07:51:13.383	m-18	Ministère de la Culture	t	Ministère de la Culture
\.


--
-- Data for Name: nomenclature_geographic; Type: TABLE DATA; Schema: public; Owner: root
--

COPY public.nomenclature_geographic (id, created_at, updated_at, active, code, justification_path, title, year) FROM stdin;
1	2025-05-20 08:36:47.935	2025-05-20 08:36:50.328	t	geo-01	\N	nomenclature géographique demo test	2025
\.


--
-- Data for Name: nomenclature_secteur; Type: TABLE DATA; Schema: public; Owner: root
--

COPY public.nomenclature_secteur (id, created_at, updated_at, active, code, justification_path, title, year) FROM stdin;
1	2025-05-20 08:35:43.3	2025-05-20 08:35:47.234	t	Sec-01	\N	nomenclature secotriel demo test 1	2025
\.


--
-- Data for Name: organisations; Type: TABLE DATA; Schema: public; Owner: root
--

COPY public.organisations (id, created_at, updated_at, code, description, is_active, name) FROM stdin;
\.


--
-- Data for Name: permission; Type: TABLE DATA; Schema: public; Owner: root
--

COPY public.permission (id, created_at, updated_at, description, is_active, name, value) FROM stdin;
\.


--
-- Data for Name: pnd; Type: TABLE DATA; Schema: public; Owner: root
--

COPY public.pnd (id, created_at, updated_at, code, description, is_active, name) FROM stdin;
1	2025-03-06 07:44:05.14	2025-03-06 07:44:05.14	PND2325	Plan national de développement de 2023	t	PND 2023-2025
2	2025-03-06 07:44:05.142	2025-03-06 07:44:05.142	PND1620	Plan national de développement de 2016	t	PND 2016-2020
3	2025-03-06 07:44:05.143	2025-03-06 07:44:05.143	PND2620	Plan national de développement de 2026	t	PND 2026-2030
\.


--
-- Data for Name: pnd_axis; Type: TABLE DATA; Schema: public; Owner: root
--

COPY public.pnd_axis (id, created_at, updated_at, code, description, is_active, name, pnd_id) FROM stdin;
1	2025-03-06 07:47:49.198	2025-03-06 07:47:49.198	AS263	Axe stratégique	t	AXE 3	1
10	2025-03-06 07:47:49.205	2025-03-06 07:47:49.205	AS234	Axe stratégique	t	AXE 4	1
2	2025-03-06 07:47:49.198	2025-03-06 07:47:49.198	AS162	Axe stratégique	t	AXE 2	1
4	2025-03-06 07:47:49.199	2025-03-06 07:47:49.199	AS232	Axe stratégique	t	AXE 2	1
5	2025-03-06 07:47:49.198	2025-03-06 07:47:49.198	AS233	Axe stratégique	t	AXE 3	1
7	2025-03-06 07:47:49.201	2025-03-06 07:47:49.201	AS264	Axe stratégique	t	AXE 4	1
11	2025-03-06 07:47:49.203	2025-04-24 11:34:40.956	AS163	Axe stratégique	t	AXE 3	2
9	2025-03-06 07:47:49.203	2025-04-24 11:34:47.214	AS164	Axe stratégique	t	AXE 4	2
8	2025-03-06 07:47:49.201	2025-04-24 11:34:52.781	AS261	Axe stratégique	t	AXE 1	2
6	2025-03-06 07:47:49.2	2025-04-24 11:34:58.59	AS161	Axe stratégique	t	AXE 1	3
3	2025-03-06 07:47:49.199	2025-04-24 11:35:03.627	AS231	Axe stratégique	t	AXE 1	3
\.


--
-- Data for Name: ponderation; Type: TABLE DATA; Schema: public; Owner: root
--

COPY public.ponderation (id, created_at, updated_at, is_active, max_indicateur, max_note, total_points, evaluation_grid_id) FROM stdin;
2	2025-03-06 09:42:18.542	2025-05-22 14:52:09.562	t	20	5	100	3
\.


--
-- Data for Name: ponderation_component; Type: TABLE DATA; Schema: public; Owner: root
--

COPY public.ponderation_component (id, created_at, updated_at, name, number_of_points, percentage, ponderation_id) FROM stdin;
6	2025-05-22 14:52:09.537	2025-05-22 14:52:09.563	Qualité de préparation et de planification	15	15	2
7	2025-05-22 14:52:09.538	2025-05-22 14:52:09.563	Impact économique	25	25	2
8	2025-05-22 14:52:09.538	2025-05-22 14:52:09.563	Impact social	25	25	2
9	2025-05-22 14:52:09.538	2025-05-22 14:52:09.563	Impact environnemental et Climat	20	20	2
10	2025-05-22 14:52:09.538	2025-05-22 14:52:09.563	Impact transversal	15	15	2
\.


--
-- Data for Name: ponderation_critiria; Type: TABLE DATA; Schema: public; Owner: root
--

COPY public.ponderation_critiria (id, created_at, updated_at, name, number_of_points, percentage, component_id) FROM stdin;
21	2025-05-22 14:52:09.538	2025-05-22 14:52:09.538	Cohérence et qualité de la logique d’intervention	3.75	25	6
22	2025-05-22 14:52:09.538	2025-05-22 14:52:09.538	1.2. Pilotage et Planification des activités y compris les marchés publics	3.75	25	6
23	2025-05-22 14:52:09.538	2025-05-22 14:52:09.538	Budget et plan de financement	3.75	25	6
24	2025-05-22 14:52:09.538	2025-05-22 14:52:09.538	Soutenabilité financière	3.75	25	6
25	2025-05-22 14:52:09.538	2025-05-22 14:52:09.538	Soutenabilité financière	6.25	25	7
26	2025-05-22 14:52:09.538	2025-05-22 14:52:09.538	Génération d'emplois	6.25	25	7
27	2025-05-22 14:52:09.538	2025-05-22 14:52:09.538	Augmentation des opportunités économiques dans la région	6.25	25	7
28	2025-05-22 14:52:09.538	2025-05-22 14:52:09.538	Avantages pour les entreprises nationales.	6.25	25	7
29	2025-05-22 14:52:09.538	2025-05-22 14:52:09.538	. Réduction des inégalités (géographiques, économiques, genre)	6.25	25	8
30	2025-05-22 14:52:09.538	2025-05-22 14:52:09.538	 Amélioration de l'accès aux services publics	6.25	25	8
31	2025-05-22 14:52:09.538	2025-05-22 14:52:09.538	Amélioration de l’inclusion et de la cohésion sociale	6.25	25	8
32	2025-05-22 14:52:09.538	2025-05-22 14:52:09.538	Acceptabilité sociale du projet	6.25	25	8
33	2025-05-22 14:52:09.538	2025-05-22 14:52:09.538	Pollution et risques environnementaux	5	25	9
34	2025-05-22 14:52:09.538	2025-05-22 14:52:09.538	Gestion durable des ressources naturelles	5	25	9
35	2025-05-22 14:52:09.538	2025-05-22 14:52:09.538	Prévention des catastrophes naturelles et Changement climatique	5	25	9
36	2025-05-22 14:52:09.538	2025-05-22 14:52:09.538	 Préservation de la biodiversité et des écosystèmes	5	25	9
37	2025-05-22 14:52:09.538	2025-05-22 14:52:09.538	 Complémentarité et synergie avec les autres projets	3.75	25	10
38	2025-05-22 14:52:09.538	2025-05-22 14:52:09.538	Valorisation des infrastructures existantes	3.75	25	10
39	2025-05-22 14:52:09.538	2025-05-22 14:52:09.538	Transformation du territoire et intégration régionale	3.75	25	10
40	2025-05-22 14:52:09.538	2025-05-22 14:52:09.538	Innovation et caractère pilote du projet	3.75	25	10
\.


--
-- Data for Name: project_block; Type: TABLE DATA; Schema: public; Owner: root
--

COPY public.project_block (id, created_at, updated_at, blocked_at, blocked_by, reason, project_id) FROM stdin;
\.


--
-- Data for Name: project_classement; Type: TABLE DATA; Schema: public; Owner: root
--

COPY public.project_classement (id, created_at, updated_at, bonus_categorie, bonus_grille, bonus_secteur, initial_score, project_creation_date, rang, score_bonifie, generated_classification_id, project_identity_id) FROM stdin;
1	2025-07-01 14:25:03.534	2025-07-01 14:25:03.534	0	80	10	82	2025-07-01 13:55:14.168	1	155.79999999999998	1	17
2	2025-07-01 14:25:03.474	2025-07-01 14:25:03.474	30	80	30	0	2025-04-24 12:03:24.515	2	0	1	2
\.


--
-- Data for Name: project_evaluation_response; Type: TABLE DATA; Schema: public; Owner: root
--

COPY public.project_evaluation_response (id, created_at, updated_at, evaluation_date, is_active, grid_id, project_id) FROM stdin;
1	2025-04-24 12:20:35.109	2025-04-24 12:20:35.109	2025-04-24 12:20:36.357	t	3	2
3	2025-06-24 09:35:17.394	2025-06-24 11:09:11.936	2025-06-24 11:09:10.555	t	3	9
4	2025-06-24 10:40:13.835	2025-06-24 13:37:03.411	2025-06-24 13:37:03.016	t	3	13
2	2025-06-05 10:00:02.378	2025-06-24 08:57:40.456	2025-06-24 08:57:40.138	t	3	7
5	2025-07-01 14:17:46.172	2025-07-01 14:17:46.172	2025-07-01 14:17:46.12	t	3	17
\.


--
-- Data for Name: project_identity; Type: TABLE DATA; Schema: public; Owner: root
--

COPY public.project_identity (id, created_at, updated_at, code, description, management_unitname, minister_name, name, organisation, project_manager_email, project_manager_name, project_manager_phone, po_email, po_name, po_phone, responsible_email, responsible_name, responsible_phone, simep, statut, category_id, category_envergure_id, minister_id, sector_id, typology_id) FROM stdin;
10	2025-06-13 11:26:37.055	2025-06-13 11:26:37.055	TR-m-13-2024-0009	c'est un projet intégré 		m-13	projet de développement et de mise à niveau des systèmes agricole au gouvernorat de zaghouan	\N				\N	\N	\N	DGFIOP	miistères d'agriculture et des ressources hydrauliques et de la peche		\N	brouillon	4	13	39	\N	2
11	2025-06-13 11:26:59.969	2025-06-13 11:26:59.969	TR-m-8-2024-0010			m-8	M	\N				\N	\N	\N				\N	brouillon	\N	\N	30	\N	\N
9	2025-06-12 15:11:29.75	2025-06-27 08:58:18.583	TR-m-13-2024-0013	le PDPFA zaghouan est un projet de développement agricole intégré visant la promotion de 4 filières agricole( tomates, huile d'olive, agriculture biologique, lait), l'amélioration de la qualité de vie de la population a travers la réhabilitation des infrastructures rurale (PI, pistes rurales , lac collinaires ...) et la conservation des ressources naturelles ainsi que la promotion des OPA et de la femme rurale.		m-13	Projet de développement et de promotion des Filières agricoles à Zaghouan	\N	mohsenboumaiza@gmail.com	Mohsen BOUMAIZA		\N	\N	\N	CRDA Zaghouan	ministère d'agriculture et des ressources hydrauliques et de la peche		\N	en_cours_admin_evaluation	9	13	39	\N	1
12	2025-06-23 10:15:31.742	2025-06-23 10:16:10.405	TR-m-14-2024-0012	Autoroute Bouselem frontière algérienne (section 1): Le projet a une longueur d'environ 40 km et comprend une route à deux voies dans chaque sens avec un terre-plein central les séparant, en plus de 2 échangeurs (au niveau de Jendouba et Fernana), des passages supérieurs et inferieurs, des ouvrages d'art, et des ouvrages Hydraulique,		m-14	Autoroute Bouselem frontière algérienne -section 1: Bouselem Fernéna	\N	dgpc@mehat.gov.tn 	DGPC		\N	\N	\N	Slah Zouari	DGPC	slah.Zouari@mehat.gov.tn	\N	brouillon	1	12	43	\N	4
2	2025-04-24 12:03:24.515	2025-04-24 12:31:54.549	TR-m-3-2024-0001	demo		m-3	projet demo	azdazd	demo	demo	21655259976	\N	\N	\N	demo	demo	demo	\N	évalué	3	13	28	\N	1
13	2025-06-24 09:20:44.308	2025-06-27 13:18:08.196	TR-m-7-2024-0013	L''école est située à El Alia 		m-7	Création d'une école primaire	L'Unité de gestion par objectifs du programme de modernisation des établissements scolaires		M. Mohamed		\N	\N	\N	M.Tarek	DEGEPSI		\N	en_phase_contradictoire	1	14	42	\N	4
14	2025-06-30 14:25:52.04	2025-06-30 14:26:15.07	TR-m-15-2024-0014	Projet de construction de la station d'épuration des eaux usées des zones industrielles Sebikha 1 et Sebikha2 et la réalisation des systèmes de transfert des eaux usées et des eaux traitées		m-15	Projet de réalisation de la station d'épuration industrielle de Sebikha 	\N	anis.elmabrouk@mineat.gov.tn	anis	21652395421	\N	\N	\N	ABDEL MAJID BETTAIB	Office National de l'Assainissement	pdg@onas.nat.tn	\N	brouillon	9	13	32	\N	4
5	2025-04-25 04:49:45.513	2025-04-25 04:49:50.46	TR-m-12-2024-0005	fdsf		m-12	fdzs	\N	ffffffffffffffff	ffffffffffffffff	11111111111	\N	\N	\N	gdf	gfd	gfd	\N	brouillon	11	15	26	\N	4
3	2025-04-25 04:38:00.874	2025-04-25 17:46:19.555	TR-m-10-2024-0005	fds		m-10	fdsfdsfds	\N	rsd	fds	11111111111	\N	\N	\N	frds	fz	fds	\N	validé	9	14	27	\N	3
4	2025-04-25 04:45:26.28	2025-05-05 08:21:32.096	TR-m-1-2024-0004	fds		m-1	dfqdfqs	fdsfd	fdsf	fds	12111111111	\N	\N	\N	fds	dsq	fdsfsd	\N	validé	11	13	29	\N	4
7	2025-06-05 08:02:30.989	2025-07-01 10:57:45.537	TR-m-9-2024-0007	Construction d'un CSB en préfabriqué 		m-9	Construction d'un Centre de Santé de Base	\N	jjjjj	M.ABC		\N	\N	\N	Hosni Jaidi	Direction des bâtiments	AAAA	\N	en_phase_contradictoire	10	14	45	\N	4
8	2025-06-05 11:08:43.97	2025-06-05 11:08:43.97	TR-m-17-2024-0007	hutty(e(o^puiy_è		m-17	jgtdresgui	\N	karima.jebali@mta.state.tn	karima jebali	25686565832	\N	\N	\N	naceur abir	tourisme		\N	brouillon	8	12	41	\N	7
6	2025-06-05 07:12:35.159	2025-06-12 14:11:23.487	TR-m-13-2024-0008			m-13	PDAI KEF	\N				\N	\N	\N		CRDA KEF		\N	brouillon	\N	13	39	\N	4
15	2025-07-01 13:44:44.664	2025-07-01 13:46:01.847	TR-m-14-2024-0014	Goute à Goute , test depoloiement		m-14	Goute à Goute	expertise	nasri@gmail.com	nasri,	21652255655	\N	\N	\N	nasrieddine	nasri	2589853	\N	archivé	4	12	43	\N	4
16	2025-07-01 13:51:33.788	2025-07-01 13:52:17.078	TR-m-15-125-0015	goute à goute		m-15	goute à goute	expertise	nasir@gmail.com	nasri	21652322655	\N	\N	\N	nasri	nasri	216525686	\N	archivé	6	13	32	\N	4
17	2025-07-01 13:55:14.168	2025-07-01 14:20:38.187	TR-m-6-2025-0016	gouute 		m-6	goute a gout	expertise	nasir@gmail.com	nasir	21625222225	\N	\N	\N	goute 	goute 	2162556222	\N	évalué	3	13	34	\N	6
\.


--
-- Data for Name: project_logic; Type: TABLE DATA; Schema: public; Owner: root
--

COPY public.project_logic (id, created_at, updated_at, document_cadre, document_plan_travail, general_objective, results, specific_objective, year_end, year_start, project_identity_id) FROM stdin;
2	2025-04-24 12:05:08.193	2025-04-24 12:05:08.193			demo	demo	demo	2030	2026	2
4	2025-04-25 04:46:50.093	2025-04-25 04:46:50.093			rzer	gfsgfd	fds	2032	2025	4
5	2025-04-25 04:51:33.601	2025-04-25 04:51:33.601			fdsfsd	fsdgdf	fsd	2030	2026	5
9	2025-04-25 17:46:48.467	2025-04-25 17:46:48.467			fsd	fsd	gfrd	2031	2024	3
20	2025-06-24 10:22:00.393	2025-06-24 10:22:00.393			réduction de pauvreté +contribution social et économique +améliporation de la situation de le femme rurale	amélioration de la production et de la reproduction amélioration de revenu de l'agriculteur	amélioration de la valeur ajouté du production agricole +transformation des produits agricoles..	2025	2020	9
28	2025-06-24 13:39:18.656	2025-06-24 13:39:18.656			Modernisation des infrastructures.	Taille de classe amélioré avec une efficacité pédagogique.	L'objectif de ce projet est de réduire la pression sur les écoles primaires voisines.	2027	2025	13
30	2025-06-30 14:39:03.691	2025-06-30 14:39:03.691			Protection de l'environnement de la pollution hydrique industrielle  à travers le respect de la norme de rejet des eaux usées dans le milieu naturel	Traitement des eaux usées de la zone industrielle Sbikha	protection des ressources hydriques de la pollution hydriques industrielles\nDiminuer les risques sanitaires pour la population limitrophe au zone industrielle\ncontribuer à la création d'emplois dans la zone industrielle\nProtéger les infrastructures d’assainissement conçues et réalisées pour les eaux usées urbaines\n	2029	2026	14
31	2025-07-01 14:03:40.684	2025-07-01 14:03:40.684			- ajouter alea a la liste des 	objetif 2	objetif 2	2027	2025	17
\.


--
-- Data for Name: project_plan; Type: TABLE DATA; Schema: public; Owner: root
--

COPY public.project_plan (id, created_at, updated_at, cout_dinars, cout_totale, montant_annuel, observation, taux_echange, project_identity_id) FROM stdin;
2	2025-04-24 12:06:00.762	2025-04-24 12:06:00.762	\N	509000	600000	demo	\N	2
4	2025-04-25 04:47:29.991	2025-04-25 04:47:29.991	\N	945	456	RAS	\N	4
5	2025-04-25 04:51:57.021	2025-04-25 04:51:57.021	\N	2720	\N	RAS	\N	5
3	2025-04-25 04:40:29.866	2025-04-25 17:46:53.524	\N	5400	456	fdsf	\N	3
7	2025-06-12 15:31:50.228	2025-06-24 10:23:56.678	\N	104000000	\N	\N	\N	9
8	2025-06-24 10:21:01.67	2025-06-24 13:39:43.092	\N	1500000	\N	\N	\N	13
10	2025-06-30 14:40:32.616	2025-06-30 14:40:32.616	\N	40000	\N	\N	\N	14
11	2025-07-01 14:10:26.835	2025-07-01 14:10:26.835	\N	50060000	500000	rub 1	\N	17
\.


--
-- Data for Name: project_risk; Type: TABLE DATA; Schema: public; Owner: root
--

COPY public.project_risk (id, created_at, updated_at, description, gravity, mitigation, name, probability, category_risk_id, project_identity_id) FROM stdin;
3	2025-04-24 12:06:11.111	2025-04-24 12:06:11.111	demo	très élevée	demo demo	risk demo	élevée	1	2
4	2025-04-24 12:06:22.019	2025-04-24 12:06:22.019	demo	très élevée	demo	demo risk 2 	très élevée	8	2
5	2025-04-25 04:40:51.921	2025-04-25 04:40:51.921	fds	moyen	dfsfds	fdsf	faible	1	3
6	2025-04-25 04:47:44.839	2025-04-25 04:47:44.839	m	élevée	mlùl	lùl;	non-connue	3	4
8	2025-06-24 10:15:50.037	2025-06-24 10:15:50.037	Problèmes fonciers liés au terrain.	faible	\N	Problèmes fonciers	faible	6	13
7	2025-06-24 10:13:30.266	2025-06-24 10:16:06.269	La longueur et la complexité des procédures juridiques, ce qui entraînent la réticence des entrepreneurs.	moyen	\N	Procédures juridiques	moyen	8	13
9	2025-06-30 14:43:29.082	2025-06-30 14:43:29.082		moyen	organiser des réunions avec l'ANPE pour raccourcir les délais d'approbation\norganiser des journées d'information pour inciter les entreprises à la participation	Délais d'approbation de l'étude d'impact de la part de l'ANPE\nFaible participation des entrepreneurs à l'appel d'offres vue que le projet est financé par le budget de l'état 	faible	1	14
10	2025-07-01 14:10:43.187	2025-07-01 14:10:43.187	risk grave	moyen	risk grave	risk grave	élevée	2	17
11	2025-07-01 14:11:02.159	2025-07-01 14:11:02.159	faible	élevée	pas de mesures	risk faible	faible	3	17
\.


--
-- Data for Name: project_scale; Type: TABLE DATA; Schema: public; Owner: root
--

COPY public.project_scale (id, created_at, updated_at, description, is_active, maximum_budget, minimum_budget, name, project_identity_id) FROM stdin;
1	2025-04-24 11:36:53.185	2025-05-05 08:24:46.155	petit 	t	10000	5001	Petit projet	5
3	2025-04-24 11:37:34.268	2025-05-05 08:25:53.89		t	1000000	100001	Plus que moyen	2
6	2025-04-25 17:46:11.871	2025-05-05 08:26:10.987		t	5000	0	Très petit	\N
5	2025-04-24 11:38:32.053	2025-06-12 15:31:44.146	100 000 000\n	t	100000000000000	100000001	Très grand projet	9
2	2025-04-24 11:37:09.962	2025-06-30 14:40:30.627	ac	t	100000	10001	Moyen	14
4	2025-04-24 11:38:02.498	2025-07-01 14:10:26.858		t	100000000	1000001	Grand projet	17
\.


--
-- Data for Name: project_scale_study; Type: TABLE DATA; Schema: public; Owner: root
--

COPY public.project_scale_study (project_scale_id, study_id) FROM stdin;
4	1
4	2
4	4
4	7
4	8
4	9
4	10
4	3
4	5
4	6
5	1
5	2
5	4
5	7
5	8
5	5
1	1
1	2
1	4
2	1
2	2
3	1
3	2
3	8
6	7
\.


--
-- Data for Name: project_strategy; Type: TABLE DATA; Schema: public; Owner: root
--

COPY public.project_strategy (id, created_at, updated_at, description, objective, local_pnd, politique_axe, politique_name, reference, terrority, pnd_id, pnd_axis_id, project_identity_id) FROM stdin;
2	2025-04-24 12:04:48.15	2025-04-24 12:04:48.15	demo	demo	demo	demo	demo	demo	demo	2	9	2
3	2025-04-25 04:39:06.818	2025-04-25 04:39:06.818	gfdgdf	gdfgdf	gdgf	gfdf	gdgf	gfdgdf	gfdgfd	2	9	3
4	2025-04-25 04:46:14.832	2025-04-25 04:46:14.832	fsfgsd	fdsfd	fsd	fsd	fds	fgsd	fds	1	2	4
5	2025-04-25 04:50:59.552	2025-04-25 04:50:59.552	fsd	fdsdf	fsd	fds	fsd	fds	fsd	2	9	5
8	2025-06-24 09:55:27.611	2025-06-24 09:55:27.611	\N	Modernisation des infrastructures		Le Plan stratégique de l'éducation vise à améliorer et moderniser le système éducatif via plusieurs actions.	Le Plan 2023/2025 de l'éducation.	\N	Schéma directeur d'aménagement de la zone sensible du littoral EST du gouvernorat du Bizerte.	1	2	13
6	2025-06-12 15:27:40.269	2025-06-24 10:20:08.972	\N		\N			\N	\N	3	6	9
9	2025-06-30 14:33:59.705	2025-06-30 14:33:59.705	\N	Protection de l'environnement de la pollution hydrique industrielle  à travers le respect de la norme de rejet des eaux usées dans le milieu naturel	\N	\N	\N	\N	\N	1	2	14
11	2025-07-01 13:58:22.639	2025-07-01 13:58:22.639	goute a goute	goute a goute	Description	goute a goute	goute a goute	Description	goute a goute	2	11	17
\.


--
-- Data for Name: project_study; Type: TABLE DATA; Schema: public; Owner: root
--

COPY public.project_study (id, created_at, updated_at, project_identity_id) FROM stdin;
2	2025-04-24 12:06:44.283	2025-04-24 12:07:07.158	2
3	2025-04-25 04:52:32.51	2025-04-25 04:52:32.51	5
4	2025-06-05 11:14:41.882	2025-06-05 11:14:41.882	8
5	2025-06-12 15:32:34.743	2025-06-13 12:45:44.476	9
6	2025-06-24 10:19:28.841	2025-06-24 10:19:28.841	13
7	2025-06-30 14:47:05.733	2025-06-30 14:47:05.733	14
8	2025-07-01 14:11:49.601	2025-07-01 14:11:49.601	17
\.


--
-- Data for Name: project_validation; Type: TABLE DATA; Schema: public; Owner: root
--

COPY public.project_validation (id, created_at, updated_at, additional_information, author, document_name, submission_date, project_id) FROM stdin;
\.


--
-- Data for Name: project_zone; Type: TABLE DATA; Schema: public; Owner: root
--

COPY public.project_zone (id, created_at, updated_at, fonction_statut, justification, observation, project_identity_id) FROM stdin;
2	2025-04-24 12:04:36.068	2025-04-24 12:04:36.068	\N	\N	demo	2
3	2025-04-25 04:38:40.935	2025-04-25 04:38:40.935	\N	\N	rfsd	3
4	2025-04-25 04:45:56.454	2025-04-25 04:45:56.454	\N	\N	rezrez	4
5	2025-04-25 04:50:41.633	2025-04-25 04:50:41.633	\N	\N	fds	5
9	2025-06-12 14:11:49.735	2025-06-12 14:11:49.735	\N	\N	\N	6
22	2025-06-24 11:39:32.987	2025-06-24 11:39:32.987	\N	\N	\N	9
27	2025-06-24 13:38:35.346	2025-06-24 13:38:35.346	\N	\N	Il y a une augmentation de la densité démographique dans la zone de construction.	13
28	2025-06-27 09:38:45.327	2025-06-27 09:38:45.327	\N	\N	hhhhhh	7
30	2025-06-30 14:31:03.93	2025-06-30 14:31:03.93	\N	\N	zone industrielle de sbikha 	14
31	2025-07-01 13:57:54.127	2025-07-01 13:57:54.127	\N	\N	ela zone	17
\.


--
-- Data for Name: project_zone_deanship; Type: TABLE DATA; Schema: public; Owner: root
--

COPY public.project_zone_deanship (project_zone_id, deanship_id) FROM stdin;
2	2
\.


--
-- Data for Name: project_zone_delegation; Type: TABLE DATA; Schema: public; Owner: root
--

COPY public.project_zone_delegation (project_zone_id, delegation_id) FROM stdin;
2	36
2	40
2	49
4	246
5	203
5	257
22	101
27	127
28	218
30	261
31	1
\.


--
-- Data for Name: project_zone_district; Type: TABLE DATA; Schema: public; Owner: root
--

COPY public.project_zone_district (project_zone_id, district_id) FROM stdin;
2	2
2	3
2	4
3	2
3	3
3	4
3	5
3	6
4	2
5	3
22	6
27	3
28	2
30	2
31	2
\.


--
-- Data for Name: project_zone_governorate; Type: TABLE DATA; Schema: public; Owner: root
--

COPY public.project_zone_governorate (project_zone_id, governorate_id) FROM stdin;
2	5
2	7
2	9
3	2
3	3
3	4
3	5
3	6
3	7
3	8
3	9
3	10
3	11
3	12
3	13
3	14
3	15
3	16
3	17
3	18
3	19
3	20
3	21
3	22
3	23
3	24
3	25
4	21
5	20
9	20
22	22
27	19
28	11
30	23
31	23
\.


--
-- Data for Name: projects; Type: TABLE DATA; Schema: public; Owner: root
--

COPY public.projects (id, created_at, updated_at, is_active, observation, simep_code, simep_date, status) FROM stdin;
\.


--
-- Data for Name: response_admin_evaluation_component; Type: TABLE DATA; Schema: public; Owner: root
--

COPY public.response_admin_evaluation_component (id, created_at, updated_at, admin_component_score, original_component_score, admin_evaluation_response_id, component_id, original_component_response_id) FROM stdin;
6	2025-04-24 12:31:45.601	2025-04-24 12:31:45.601	13.5	\N	2	173	1
7	2025-04-24 12:31:45.614	2025-04-24 12:31:45.614	22.5	\N	2	174	2
8	2025-04-24 12:31:45.621	2025-04-24 12:31:45.621	16.25	\N	2	175	3
9	2025-04-24 12:31:45.627	2025-04-24 12:31:45.627	13	\N	2	176	4
10	2025-04-24 12:31:45.634	2025-04-24 12:31:45.634	12.75	\N	2	177	5
11	2025-06-27 08:58:18.539	2025-06-27 08:59:54.129	0	\N	3	173	11
12	2025-06-27 08:58:18.55	2025-06-27 08:59:54.129	0	\N	3	174	12
13	2025-06-27 08:58:18.55	2025-06-27 08:59:54.129	0	\N	3	175	13
14	2025-06-27 08:58:18.551	2025-06-27 08:59:54.129	0	\N	3	176	14
15	2025-06-27 08:58:18.551	2025-06-27 08:59:54.129	0	\N	3	177	15
16	2025-06-27 09:54:49.522	2025-06-27 13:18:02.343	9	\N	4	173	16
17	2025-06-27 09:54:49.533	2025-06-27 13:18:02.343	12.5	\N	4	174	17
18	2025-06-27 09:54:49.538	2025-06-27 13:18:02.343	18.75	\N	4	175	18
19	2025-06-27 09:54:49.543	2025-06-27 13:18:02.343	8	\N	4	176	19
20	2025-06-27 09:54:49.547	2025-06-27 13:18:02.343	9.75	\N	4	177	20
21	2025-07-01 10:57:42.698	2025-07-01 10:57:42.698	6	\N	5	173	6
22	2025-07-01 10:57:42.706	2025-07-01 10:57:42.706	12.5	\N	5	174	7
23	2025-07-01 10:57:42.706	2025-07-01 10:57:42.706	22.5	\N	5	175	8
24	2025-07-01 10:57:42.706	2025-07-01 10:57:42.706	11	\N	5	176	9
25	2025-07-01 10:57:42.707	2025-07-01 10:57:42.707	0.75	\N	5	177	10
26	2025-07-01 14:19:28.476	2025-07-01 14:20:06.806	13.5	\N	6	173	21
27	2025-07-01 14:19:28.493	2025-07-01 14:20:06.806	16.25	\N	6	174	22
28	2025-07-01 14:19:28.493	2025-07-01 14:20:06.806	22.5	\N	6	175	23
29	2025-07-01 14:19:28.498	2025-07-01 14:20:06.806	14	\N	6	176	24
30	2025-07-01 14:19:28.498	2025-07-01 14:20:06.806	14.25	\N	6	177	25
\.


--
-- Data for Name: response_admin_evaluation_criteria; Type: TABLE DATA; Schema: public; Owner: root
--

COPY public.response_admin_evaluation_criteria (id, created_at, updated_at, admin_criteria_score, original_criteria_score, criteria_id, original_criteria_response_id, response_admin_evaluation_component_id) FROM stdin;
21	2025-04-24 12:31:45.602	2025-04-24 12:31:45.602	3.75	\N	638	1	6
22	2025-04-24 12:31:45.608	2025-04-24 12:31:45.608	3	\N	639	2	6
23	2025-04-24 12:31:45.61	2025-04-24 12:31:45.61	3	\N	640	3	6
24	2025-04-24 12:31:45.612	2025-04-24 12:31:45.612	3.75	\N	641	4	6
25	2025-04-24 12:31:45.614	2025-04-24 12:31:45.614	5	\N	642	5	7
26	2025-04-24 12:31:45.616	2025-04-24 12:31:45.616	6.25	\N	643	6	7
27	2025-04-24 12:31:45.617	2025-04-24 12:31:45.617	6.25	\N	644	7	7
28	2025-04-24 12:31:45.619	2025-04-24 12:31:45.619	5	\N	645	8	7
29	2025-04-24 12:31:45.621	2025-04-24 12:31:45.621	3.75	\N	646	9	8
30	2025-04-24 12:31:45.622	2025-04-24 12:31:45.622	6.25	\N	647	10	8
31	2025-04-24 12:31:45.624	2025-04-24 12:31:45.624	0	\N	648	11	8
32	2025-04-24 12:31:45.625	2025-04-24 12:31:45.625	6.25	\N	649	12	8
33	2025-04-24 12:31:45.627	2025-04-24 12:31:45.627	3	\N	650	13	9
34	2025-04-24 12:31:45.629	2025-04-24 12:31:45.629	2	\N	651	14	9
35	2025-04-24 12:31:45.63	2025-04-24 12:31:45.63	3	\N	652	15	9
36	2025-04-24 12:31:45.632	2025-04-24 12:31:45.632	5	\N	653	16	9
37	2025-04-24 12:31:45.634	2025-04-24 12:31:45.634	3.75	\N	654	17	10
38	2025-04-24 12:31:45.636	2025-04-24 12:31:45.636	3	\N	655	18	10
39	2025-04-24 12:31:45.638	2025-04-24 12:31:45.638	2.25	\N	656	19	10
40	2025-04-24 12:31:45.64	2025-04-24 12:31:45.64	3.75	\N	657	20	10
41	2025-06-27 08:58:18.541	2025-06-27 08:59:54.129	0	\N	638	41	11
42	2025-06-27 08:58:18.55	2025-06-27 08:59:54.129	0	\N	639	42	11
43	2025-06-27 08:58:18.55	2025-06-27 08:59:54.129	0	\N	640	43	11
44	2025-06-27 08:58:18.55	2025-06-27 08:59:54.129	0	\N	641	44	11
45	2025-06-27 08:58:18.55	2025-06-27 08:59:54.129	0	\N	642	45	12
46	2025-06-27 08:58:18.55	2025-06-27 08:59:54.129	0	\N	643	46	12
47	2025-06-27 08:58:18.55	2025-06-27 08:59:54.129	0	\N	644	47	12
48	2025-06-27 08:58:18.55	2025-06-27 08:59:54.129	0	\N	645	48	12
49	2025-06-27 08:58:18.55	2025-06-27 08:59:54.129	0	\N	646	49	13
50	2025-06-27 08:58:18.55	2025-06-27 08:59:54.129	0	\N	647	50	13
51	2025-06-27 08:58:18.55	2025-06-27 08:59:54.129	0	\N	648	51	13
52	2025-06-27 08:58:18.55	2025-06-27 08:59:54.129	0	\N	649	52	13
53	2025-06-27 08:58:18.551	2025-06-27 08:59:54.129	0	\N	650	53	14
54	2025-06-27 08:58:18.551	2025-06-27 08:59:54.129	0	\N	651	54	14
55	2025-06-27 08:58:18.551	2025-06-27 08:59:54.129	0	\N	652	55	14
56	2025-06-27 08:58:18.551	2025-06-27 08:59:54.129	0	\N	653	56	14
57	2025-06-27 08:58:18.551	2025-06-27 08:59:54.129	0	\N	654	57	15
58	2025-06-27 08:58:18.551	2025-06-27 08:59:54.129	0	\N	655	58	15
59	2025-06-27 08:58:18.551	2025-06-27 08:59:54.129	0	\N	656	59	15
60	2025-06-27 08:58:18.551	2025-06-27 08:59:54.129	0	\N	657	60	15
86	2025-07-01 10:57:42.706	2025-07-01 10:57:42.706	1.25	\N	643	26	22
87	2025-07-01 10:57:42.706	2025-07-01 10:57:42.706	5	\N	644	27	22
88	2025-07-01 10:57:42.706	2025-07-01 10:57:42.706	6.25	\N	645	28	22
89	2025-07-01 10:57:42.706	2025-07-01 10:57:42.706	6.25	\N	646	29	23
90	2025-07-01 10:57:42.706	2025-07-01 10:57:42.706	3.75	\N	647	30	23
91	2025-07-01 10:57:42.706	2025-07-01 10:57:42.706	6.25	\N	648	31	23
92	2025-07-01 10:57:42.706	2025-07-01 10:57:42.706	6.25	\N	649	32	23
93	2025-07-01 10:57:42.707	2025-07-01 10:57:42.707	3	\N	650	33	24
94	2025-07-01 10:57:42.707	2025-07-01 10:57:42.707	4	\N	651	34	24
95	2025-07-01 10:57:42.707	2025-07-01 10:57:42.707	0	\N	652	35	24
96	2025-07-01 10:57:42.707	2025-07-01 10:57:42.707	4	\N	653	36	24
97	2025-07-01 10:57:42.707	2025-07-01 10:57:42.707	0	\N	654	37	25
98	2025-07-01 10:57:42.707	2025-07-01 10:57:42.707	0	\N	655	38	25
99	2025-07-01 10:57:42.707	2025-07-01 10:57:42.707	0.75	\N	656	39	25
100	2025-07-01 10:57:42.707	2025-07-01 10:57:42.707	0	\N	657	40	25
66	2025-06-27 09:54:49.535	2025-06-27 13:18:02.343	2.5	\N	643	66	17
67	2025-06-27 09:54:49.536	2025-06-27 13:18:02.343	2.5	\N	644	67	17
68	2025-06-27 09:54:49.537	2025-06-27 13:18:02.343	6.25	\N	645	68	17
69	2025-06-27 09:54:49.538	2025-06-27 13:18:02.343	2.5	\N	646	69	18
70	2025-06-27 09:54:49.539	2025-06-27 13:18:02.343	5	\N	647	70	18
71	2025-06-27 09:54:49.54	2025-06-27 13:18:02.343	6.25	\N	648	71	18
72	2025-06-27 09:54:49.541	2025-06-27 13:18:02.343	5	\N	649	72	18
73	2025-06-27 09:54:49.543	2025-06-27 13:18:02.343	0	\N	650	73	19
74	2025-06-27 09:54:49.544	2025-06-27 13:18:02.343	4	\N	651	74	19
75	2025-06-27 09:54:49.545	2025-06-27 13:18:02.343	2	\N	652	75	19
76	2025-06-27 09:54:49.546	2025-06-27 13:18:02.343	2	\N	653	76	19
77	2025-06-27 09:54:49.547	2025-06-27 13:18:02.343	3.75	\N	654	77	20
78	2025-06-27 09:54:49.548	2025-06-27 13:18:02.343	1.5	\N	655	78	20
79	2025-06-27 09:54:49.549	2025-06-27 13:18:02.343	3	\N	656	79	20
80	2025-06-27 09:54:49.55	2025-06-27 13:18:02.343	1.5	\N	657	80	20
81	2025-07-01 10:57:42.699	2025-07-01 10:57:42.699	2.25	\N	638	21	21
82	2025-07-01 10:57:42.706	2025-07-01 10:57:42.706	3	\N	639	22	21
83	2025-07-01 10:57:42.706	2025-07-01 10:57:42.706	0	\N	640	23	21
84	2025-07-01 10:57:42.706	2025-07-01 10:57:42.706	0.75	\N	641	24	21
85	2025-07-01 10:57:42.706	2025-07-01 10:57:42.706	0	\N	642	25	22
61	2025-06-27 09:54:49.523	2025-06-27 13:18:02.343	3	\N	638	61	16
62	2025-06-27 09:54:49.53	2025-06-27 13:18:02.343	2.25	\N	639	62	16
63	2025-06-27 09:54:49.531	2025-06-27 13:18:02.343	2.25	\N	640	63	16
64	2025-06-27 09:54:49.532	2025-06-27 13:18:02.343	1.5	\N	641	64	16
65	2025-06-27 09:54:49.533	2025-06-27 13:18:02.343	1.25	\N	642	65	17
101	2025-07-01 14:19:28.479	2025-07-01 14:20:06.806	3	\N	638	81	26
102	2025-07-01 14:19:28.493	2025-07-01 14:20:06.806	3	\N	639	82	26
103	2025-07-01 14:19:28.493	2025-07-01 14:20:06.806	3.75	\N	640	83	26
104	2025-07-01 14:19:28.493	2025-07-01 14:20:06.806	3.75	\N	641	84	26
105	2025-07-01 14:19:28.493	2025-07-01 14:20:06.806	3.75	\N	642	85	27
106	2025-07-01 14:19:28.493	2025-07-01 14:20:06.806	5	\N	643	86	27
107	2025-07-01 14:19:28.493	2025-07-01 14:20:06.806	2.5	\N	644	87	27
108	2025-07-01 14:19:28.493	2025-07-01 14:20:06.806	5	\N	645	88	27
109	2025-07-01 14:19:28.493	2025-07-01 14:20:06.806	3.75	\N	646	89	28
110	2025-07-01 14:19:28.498	2025-07-01 14:20:06.806	6.25	\N	647	90	28
111	2025-07-01 14:19:28.498	2025-07-01 14:20:06.806	6.25	\N	648	91	28
112	2025-07-01 14:19:28.498	2025-07-01 14:20:06.806	6.25	\N	649	92	28
113	2025-07-01 14:19:28.498	2025-07-01 14:20:06.806	5	\N	650	93	29
114	2025-07-01 14:19:28.498	2025-07-01 14:20:06.806	2	\N	651	94	29
115	2025-07-01 14:19:28.498	2025-07-01 14:20:06.806	3	\N	652	95	29
116	2025-07-01 14:19:28.498	2025-07-01 14:20:06.806	4	\N	653	96	29
117	2025-07-01 14:19:28.498	2025-07-01 14:20:06.806	3.75	\N	654	97	30
118	2025-07-01 14:19:28.501	2025-07-01 14:20:06.806	3.75	\N	655	98	30
119	2025-07-01 14:19:28.501	2025-07-01 14:20:06.806	3	\N	656	99	30
120	2025-07-01 14:19:28.501	2025-07-01 14:20:06.806	3.75	\N	657	100	30
\.


--
-- Data for Name: response_admin_evaluation_indicator; Type: TABLE DATA; Schema: public; Owner: root
--

COPY public.response_admin_evaluation_indicator (id, created_at, updated_at, admin_comment, admin_justification, admin_score, admin_selected_norme, admin_weighted_score, indicator_id, original_indicator_response_id, reference_study_id, response_admin_evaluation_criteria_id, reference_study_for_project_id) FROM stdin;
21	2025-04-24 12:31:45.602	2025-04-24 12:31:45.602			5	Le cadre logique du projet précise : (i) les résultats attendus, (ii) les objectifs spécifiques et (iii) les objectifs généraux. Pour ces trois éléments, le cadre logique présente des indicateurs objectivement vérifiables (IOV).  Des valeurs de référence et des valeurs cibles sont définies pour les l’ensemble des indicateurs.	3.75	678	1	\N	21	10
22	2025-04-24 12:31:45.608	2025-04-24 12:31:45.608			4	La documentation du projet présente un chronogramme qui détaille l’ensemble des activités pour chacun des processus du cycle de gestion du projet (préparation, priorisation, programmation budgétaire, contractualisation, mise en œuvre, évaluation). Le planning intègre également des éléments prévisionnels relatif à la passation des marchés prévus pour la réalisation du projet.	3	679	2	\N	22	9
23	2025-04-24 12:31:45.61	2025-04-24 12:31:45.61			4	Le coût total du projet intègre l’ensemble des rubriques (immobilier, mobilier, biens et services, prestations extérieures, études spécifiques, indemnités expropriations, etc.). L’estimation du coût total est déterminée sur la base de méthodes rigoureuses s'appuyant sur des données actualisées (Coûts paramétriques mercuriale des prix, etc.).  Le coût total inclut une provision pour la couverture des risques et dépenses imprévues du projet. Le coût total (dépenses) du projet est ventilé par année.	3	680	3	\N	23	11
24	2025-04-24 12:31:45.612	2025-04-24 12:31:45.612			5	L’analyse de risque a porté sur au moins trois des catégories de risque ci-après : risques techniques, risques d’opposition sociale, risques environnementaux, risques institutionnels, risques financiers. Pour les différents risques identifiés, la nature du risque a été précisée.  Une matrice de criticité précise le niveau de probabilité et de gravité pour les risques identifiés. Des mesures de gestion des risques ont été identifiées.	3.75	681	4	\N	24	9
25	2025-04-24 12:31:45.614	2025-04-24 12:31:45.614			4	En phase de croisière, l’ouvrage génère des recettes d’exploitation couvrant au moins 80 % des charges récurrentes de l’ouvrage	5	682	5	\N	25	11
26	2025-04-24 12:31:45.616	2025-04-24 12:31:45.616			5	Le projet permettra la création d’au moins 300 nouveaux emplois par million DTN investi. 	6.25	683	6	\N	26	10
27	2025-04-24 12:31:45.617	2025-04-24 12:31:45.617			5	La documentation du projet précise les filières impactées positivement par le projet. L’impact sur le développement des filières identifiées est justifié et estimé avec une méthode rigoureuse. Le projet appartient à une filière économique et un secteur identifié par la cadre institutionnel comme prioritaire.	6.25	684	7	\N	27	11
28	2025-04-24 12:31:45.619	2025-04-24 12:31:45.619			4	Au moins 80 % du coût total du projet sera mis en œuvre par les entreprises nationales.	5	685	8	\N	28	10
29	2025-04-24 12:31:45.621	2025-04-24 12:31:45.621			3	Le projet est implanté dans un ou plusieurs gouvernorats/délégations disposant d’un IDR moyen en dessous de 0,463.	3.75	686	9	\N	29	10
30	2025-04-24 12:31:45.622	2025-04-24 12:31:45.622			5	Le cadre logique du projet précise : (i) les résultats attendus, (ii) les objectifs spécifiques et (iii) les objectifs généraux. Pour ces trois éléments, le cadre logique présente des indicateurs objectivement vérifiables (IOV).  Des valeurs de référence et des valeurs cibles sont définies pour les l’ensemble des indicateurs.	6.25	687	10	\N	30	11
31	2025-04-24 12:31:45.624	2025-04-24 12:31:45.624			0	La documentation du projet ne comprend aucun élément d’analyse et ne présente aucun dispositif permettant d’assurer l’accessibilité des personnes à mobilité réduite.	\N	688	11	\N	31	10
32	2025-04-24 12:31:45.625	2025-04-24 12:31:45.625			5	Une ou plusieurs séances de consultation ont été organisées pendant le processus de préparation du projet au cours desquelles les populations et les parties prenantes du projet ont été invitées à donner leur avis sur le contenu du projet.  La dimension genre a été prise en compte lors des consultations. Ces séances de consultation ont donné lieu à un compte-rendu qui a été largement publié.	6.25	689	12	\N	32	11
33	2025-04-24 12:31:45.627	2025-04-24 12:31:45.627			3	 La documentation du projet a identifié les sources d’émission de gaz à effet de serre dans les phases de construction et d’exploitation. Les émissions ont été estimées avec une méthode rigoureuse.	3	690	13	\N	33	11
34	2025-04-24 12:31:45.629	2025-04-24 12:31:45.629			2	Le projet nécessite une déclassification de terres agricoles pour une partie de son emprise foncière.	2	691	14	\N	34	10
35	2025-04-24 12:31:45.63	2025-04-24 12:31:45.63			3	Les risques liés au changement climatique ont été identifiés et définis par nature, criticité et gravité. L’impact du changement climatique sur le fonctionnement normal de l’infrastructure a été étudié et estimé avec une méthode rigoureuse.	3	692	15	\N	35	10
36	2025-04-24 12:31:45.632	2025-04-24 12:31:45.632			5	L’impact du projet sur la biodiversité du lieu de son implantation a été étudié avec une méthode rigoureuse. L’étude conclue à un impact positif du projet sur la biodiversité de son lieu d’implantation.	5	693	16	\N	36	10
37	2025-04-24 12:31:45.634	2025-04-24 12:31:45.634			5	Le projet est conçu spécifiquement et considéré comme indispensable à l’opérationnalisation d’une infrastructure existante ou en cours de réalisation.	3.75	694	17	\N	37	10
38	2025-04-24 12:31:45.636	2025-04-24 12:31:45.636			4	La documentation du projet démontre sa contribution à la résolution des goulots d’étranglement que subissent une ou plusieurs infrastructures intervenant dans le même domaine dans la région. La contribution du projet permet de résoudre significativement le goulot d’étranglement.	3	695	18	\N	38	10
39	2025-04-24 12:31:45.638	2025-04-24 12:31:45.638			3	La documentation du projet démontre la contribution du projet au désenclavement du territoire dans lequel il est implanté. Le projet permettra d’attirer et de faciliter l’implantation d’autres infrastructures dans le territoire enclavé.	2.25	696	19	\N	39	10
40	2025-04-24 12:31:45.64	2025-04-24 12:31:45.64			5	La documentation du projet démontre que le projet constitue ou comprend une innovation technique, de procédé ou de montage financier. Le projet est conçu comme un projet pilote à généraliser. Le porteur de projet prévoit l’évaluation du projet pilote avant sa généralisation.	3.75	697	20	\N	40	10
42	2025-06-27 08:58:18.55	2025-06-27 08:58:18.55			\N	\N	\N	679	42	\N	42	\N
43	2025-06-27 08:58:18.55	2025-06-27 08:58:18.55			\N	\N	\N	680	43	\N	43	\N
44	2025-06-27 08:58:18.55	2025-06-27 08:58:18.55			\N	\N	\N	681	44	\N	44	\N
45	2025-06-27 08:58:18.55	2025-06-27 08:58:18.55			\N	\N	\N	682	45	\N	45	\N
46	2025-06-27 08:58:18.55	2025-06-27 08:58:18.55			\N	\N	\N	683	46	\N	46	\N
47	2025-06-27 08:58:18.55	2025-06-27 08:58:18.55			\N	\N	\N	684	47	\N	47	\N
48	2025-06-27 08:58:18.55	2025-06-27 08:58:18.55			\N	\N	\N	685	48	\N	48	\N
49	2025-06-27 08:58:18.55	2025-06-27 08:58:18.55			\N	\N	\N	686	49	\N	49	\N
50	2025-06-27 08:58:18.55	2025-06-27 08:58:18.55			\N	\N	\N	687	50	\N	50	\N
51	2025-06-27 08:58:18.55	2025-06-27 08:58:18.55			\N	\N	\N	688	51	\N	51	\N
52	2025-06-27 08:58:18.55	2025-06-27 08:58:18.55			\N	\N	\N	689	52	\N	52	29
53	2025-06-27 08:58:18.551	2025-06-27 08:58:18.551			\N	\N	\N	690	53	\N	53	\N
54	2025-06-27 08:58:18.551	2025-06-27 08:58:18.551			\N	\N	\N	691	54	\N	54	\N
55	2025-06-27 08:58:18.551	2025-06-27 08:58:18.551			\N	\N	\N	692	55	\N	55	\N
56	2025-06-27 08:58:18.551	2025-06-27 08:58:18.551			\N	\N	\N	693	56	\N	56	\N
57	2025-06-27 08:58:18.551	2025-06-27 08:58:18.551			\N	\N	\N	694	57	\N	57	\N
58	2025-06-27 08:58:18.551	2025-06-27 08:58:18.551			\N	\N	\N	695	58	\N	58	\N
59	2025-06-27 08:58:18.551	2025-06-27 08:58:18.551			\N	\N	\N	696	59	\N	59	\N
60	2025-06-27 08:58:18.551	2025-06-27 08:58:18.551			\N	\N	\N	697	60	\N	60	\N
41	2025-06-27 08:58:18.542	2025-06-27 08:59:54.129			\N	Le cadre logique du projet précise : (i) les résultats attendus, (ii) les objectifs spécifiques et (iii) les objectifs généraux. Pour ces trois éléments, le cadre logique présente des indicateurs objectivement vérifiables. Seules les valeurs cibles des indicateurs ont été identifiées. 	\N	678	41	\N	41	27
61	2025-06-27 09:54:49.524	2025-06-27 10:30:16.829	la fiche n'est pas accessible pour l'évaluer objectivement 		4	Le cadre logique du projet précise : (i) les résultats attendus, (ii) les objectifs spécifiques et (iii) les objectifs généraux. Pour ces trois éléments, le cadre logique présente des indicateurs objectivement vérifiables. Seules les valeurs cibles des indicateurs ont été identifiées. 	3	678	61	\N	61	32
62	2025-06-27 09:54:49.53	2025-06-27 10:39:31.822			3	La documentation du projet présente un chronogramme qui détaille l’ensemble des activités pour chacun des processus du cycle de gestion du projet sans intégrer les éléments relatifs à la passation des marchés publics prévus le projet.  	2.25	679	62	\N	62	32
63	2025-06-27 09:54:49.531	2025-06-27 10:39:31.822			3	Le coût total du projet intègre l’ensemble des rubriques (immobilier, mobilier, biens et services, prestations extérieures, études spécifiques, indemnités expropriations, etc.).  L’estimation du coût total est déterminée sur la base de méthodes rigoureuses s'appuyant sur des données actualisées (Coûts paramétriques mercuriale des prix, etc.).  Le coût total du projet est ventilé par année.	2.25	680	63	\N	63	32
64	2025-06-27 09:54:49.532	2025-06-27 10:39:31.822			2	L’analyse de risque a porté sur au moins trois des catégories de risques ci-après :  risques techniques, risques d’opposition sociale, risques environnementaux, risques institutionnels, risques financiers. Pour les différents risques identifiés, la nature du risque a été précisée.	1.5	681	64	\N	64	32
68	2025-06-27 09:54:49.537	2025-06-27 10:41:04.606			5	Plus de 90 % du coût total du projet sera mis en œuvre par les entreprises nationales.	6.25	685	68	\N	68	32
72	2025-06-27 09:54:49.541	2025-06-27 10:42:26.035			4	Une ou plusieurs séances de consultation ont été organisées pendant le processus de préparation du projet au cours desquelles les populations et les parties prenantes du projet ont été invitées à donner leur avis sur le contenu du projet.  La dimension genre a été prise en compte lors des consultations. Ces séances de consultation ont donné lieu à un (ou des) compte(s)-rendu(s) sans être publié(s) aux parties prenantes.	5	689	72	\N	72	32
76	2025-06-27 09:54:49.546	2025-06-27 10:47:42.488			2	L’impact du projet sur la biodiversité du lieu de son implantation a été étudié avec une méthode rigoureuse mais les mesures d’évitement des impacts négatifs n’ont pas été identifiées et étudiées.	2	693	76	\N	76	32
80	2025-06-27 09:54:49.55	2025-06-27 10:47:42.488			2	La documentation du projet démontre que le projet constitue ou comprend une innovation technique, de procédé ou de montage financier.	1.5	697	80	\N	80	32
65	2025-06-27 09:54:49.533	2025-06-27 11:18:08.08			1	En phase de croisière, l’ouvrage génère des recettes d’exploitation inférieures à 20 % des charges récurrentes de l’ouvrage	1.25	682	65	\N	65	32
66	2025-06-27 09:54:49.535	2025-06-27 11:18:08.08			2	Le projet permettra la création d’au moins 60 nouveaux emplois par million DTN investi. 	2.5	683	66	\N	66	32
67	2025-06-27 09:54:49.536	2025-06-27 11:18:08.08			2	La documentation du projet a identifié les filières impactées par le projet. L’impact est justifié sans être estimé sur la base d’une méthode rigoureuse.	2.5	684	67	\N	67	32
69	2025-06-27 09:54:49.538	2025-06-27 11:27:18.05			2	Le projet est implanté dans un ou plusieurs gouvernorats/délégations disposant d’un IDR moyen en dessous de 0,513.	2.5	686	69	\N	69	32
71	2025-06-27 09:54:49.54	2025-06-27 11:27:18.05			5	La documentation du projet comprend des éléments d’analyse sur l’accessibilité du projet pour les personnes à mobilité réduite. Le projet prévoit des dispositifs pour assurer l’accessibilité aux personnes à mobilité réduite ou, par sa nature, le projet ne nécessite pas de commodités spécifiques d’accessibilité.	6.25	688	71	\N	71	32
73	2025-06-27 09:54:49.543	2025-06-27 11:30:19.8			0	Le projet ne prévoit aucun dispositif pour limiter les émissions de gaz à effet de serre pendant la phase de construction et/ou d’exploitation	\N	690	73	\N	73	32
75	2025-06-27 09:54:49.545	2025-06-27 11:30:19.8			2	Les risques liés au changement climatique ont été identifiés et définis par nature, criticité et gravité.	2	692	75	\N	75	32
77	2025-06-27 09:54:49.547	2025-06-27 11:38:44.424			5	Le projet est conçu spécifiquement et considéré comme indispensable à l’opérationnalisation d’une infrastructure existante ou en cours de réalisation.	3.75	694	77	\N	77	32
74	2025-06-27 09:54:49.544	2025-06-27 11:30:19.8			4	Le projet ne nécessite pas de déclassifier des terres agricoles. Le projet prévoit des mesures permettant d’éviter la détérioration des terres agricoles avoisinantes.	4	691	74	\N	74	32
78	2025-06-27 09:54:49.548	2025-06-27 11:38:44.424			2	La documentation du projet démontre sa contribution à la résolution des goulots d’étranglement que subissent une ou plusieurs infrastructures intervenant dans le même domaine dans la région. La contribution du projet permet de soulager le goulot d’étranglement.	1.5	695	78	\N	78	32
79	2025-06-27 09:54:49.549	2025-06-27 11:38:44.424			4	La documentation du projet démontre la contribution du projet au désenclavement du territoire dans lequel il est implanté. Le projet permet de connecter deux ou plusieurs centres urbains. 	3	696	79	\N	79	32
70	2025-06-27 09:54:49.539	2025-06-27 13:18:02.343	il s'agit de la composante une (qualité de préparation et de planification), présentant le cadre logique		4	Le cadre logique du projet précise : (i) les résultats attendus, (ii) les objectifs spécifiques et (iii) les objectifs généraux. Pour ces trois éléments, le cadre logique présente des indicateurs objectivement vérifiables. Seules les valeurs cibles des indicateurs ont été identifiées. 	5	687	70	\N	70	32
81	2025-07-01 10:57:42.7	2025-07-01 10:57:42.7			3	Le cadre logique du projet précise : (i) les résultats attendus, (ii) les objectifs spécifiques et (iii) les objectifs généraux. Pour ces trois éléments, le cadre logique présente des indicateurs objectivement vérifiables sans préciser les valeurs de référence et les valeurs cibles.	2.25	678	21	\N	81	\N
82	2025-07-01 10:57:42.706	2025-07-01 10:57:42.706			4	La documentation du projet présente un chronogramme qui détaille l’ensemble des activités pour chacun des processus du cycle de gestion du projet (préparation, priorisation, programmation budgétaire, contractualisation, mise en œuvre, évaluation). Le planning intègre également des éléments prévisionnels relatif à la passation des marchés prévus pour la réalisation du projet.	3	679	22	\N	82	\N
83	2025-07-01 10:57:42.706	2025-07-01 10:57:42.706			0	\N	\N	680	23	\N	83	\N
84	2025-07-01 10:57:42.706	2025-07-01 10:57:42.706			1	L’analyse de risque présente des éléments rudimentaires sur l’une ou plusieurs des catégories de risques suivantes :  risques techniques, risques d’opposition sociale, risques environnementaux, risques institutionnels, risques financier	0.75	681	24	\N	84	\N
85	2025-07-01 10:57:42.706	2025-07-01 10:57:42.706			0	Il n’est pas prévu que le projet génère des recettes d’exploitation.	\N	682	25	\N	85	\N
86	2025-07-01 10:57:42.706	2025-07-01 10:57:42.706			1	Le projet permettra la création d’au moins 15 nouveaux emplois par million DTN investi. 	1.25	683	26	\N	86	\N
87	2025-07-01 10:57:42.706	2025-07-01 10:57:42.706			4	La documentation du projet précise les filières impactées positivement par le projet. L’impact sur le développement des filières identifiées est justifié et estimé avec une méthode rigoureuse.	5	684	27	\N	87	\N
88	2025-07-01 10:57:42.706	2025-07-01 10:57:42.706			5	Plus de 90 % du coût total du projet sera mis en œuvre par les entreprises nationales.	6.25	685	28	\N	88	\N
89	2025-07-01 10:57:42.706	2025-07-01 10:57:42.706			5	Le projet est implanté dans un ou plusieurs gouvernorats/délégations disposant d’un IDR moyen en dessous de 0,421.	6.25	686	29	\N	89	\N
90	2025-07-01 10:57:42.706	2025-07-01 10:57:42.706			3	Le cadre logique du projet précise : (i) les résultats attendus, (ii) les objectifs spécifiques et (iii) les objectifs généraux. Pour ces trois éléments, le cadre logique présente des indicateurs objectivement vérifiables sans préciser les valeurs de référence et les valeurs cibles.	3.75	687	30	\N	90	\N
91	2025-07-01 10:57:42.706	2025-07-01 10:57:42.706			5	La documentation du projet comprend des éléments d’analyse sur l’accessibilité du projet pour les personnes à mobilité réduite. Le projet prévoit des dispositifs pour assurer l’accessibilité aux personnes à mobilité réduite ou, par sa nature, le projet ne nécessite pas de commodités spécifiques d’accessibilité.	6.25	688	31	\N	91	\N
92	2025-07-01 10:57:42.706	2025-07-01 10:57:42.706			5	Une ou plusieurs séances de consultation ont été organisées pendant le processus de préparation du projet au cours desquelles les populations et les parties prenantes du projet ont été invitées à donner leur avis sur le contenu du projet.  La dimension genre a été prise en compte lors des consultations. Ces séances de consultation ont donné lieu à un compte-rendu qui a été largement publié.	6.25	689	32	\N	92	\N
93	2025-07-01 10:57:42.707	2025-07-01 10:57:42.707			3	 La documentation du projet a identifié les sources d’émission de gaz à effet de serre dans les phases de construction et d’exploitation. Les émissions ont été estimées avec une méthode rigoureuse.	3	690	33	\N	93	\N
94	2025-07-01 10:57:42.707	2025-07-01 10:57:42.707			4	Le projet ne nécessite pas de déclassifier des terres agricoles. Le projet prévoit des mesures permettant d’éviter la détérioration des terres agricoles avoisinantes.	4	691	34	\N	94	\N
95	2025-07-01 10:57:42.707	2025-07-01 10:57:42.707			0	Aucune analyse de risques liés au changement climatique n’a été réalisée ou la documentation du projet n’inclut aucune étude de mesure d’adaptation au changement climatique. 	\N	692	35	\N	95	\N
96	2025-07-01 10:57:42.707	2025-07-01 10:57:42.707			4	L’impact du projet sur la biodiversité du lieu de son implantation a été étudié avec une méthode rigoureuse. L’étude conclue à un impact négatif du projet sur la biodiversité du lieu e son implantation, toutefois les mesures d’évitement des impacts négatifs ont été identifiées et étudiées. 	4	693	36	\N	96	\N
97	2025-07-01 10:57:42.707	2025-07-01 10:57:42.707			0	Le projet n’a pas d’impact direct ou indirect sur l’opérationnalisation d’une autre infrastructure existante ou en cours de réalisation.	\N	694	37	\N	97	\N
98	2025-07-01 10:57:42.707	2025-07-01 10:57:42.707			0	Le projet n’a pas vocation à résoudre les goulots d’étranglement que peuvent connaitre les infrastructures existantes dans la région dans le domaine. 	\N	695	38	\N	98	\N
99	2025-07-01 10:57:42.707	2025-07-01 10:57:42.707			1	L’un des objectifs du projet consiste à contribuer au désenclavement du territoire dans lequel il est implanté mais les modalités et l’impact ne sont pas précisés dans la documentation du projet.	0.75	696	39	\N	99	\N
100	2025-07-01 10:57:42.707	2025-07-01 10:57:42.707			0	Le projet ne constitue pas et ne comprend pas d’innovation technique, de procédé ou de montage financier.	\N	697	40	\N	100	\N
102	2025-07-01 14:19:28.493	2025-07-01 14:19:28.493			4	La documentation du projet présente un chronogramme qui détaille l’ensemble des activités pour chacun des processus du cycle de gestion du projet (préparation, priorisation, programmation budgétaire, contractualisation, mise en œuvre, évaluation). Le planning intègre également des éléments prévisionnels relatif à la passation des marchés prévus pour la réalisation du projet.	3	679	82	\N	102	\N
103	2025-07-01 14:19:28.493	2025-07-01 14:19:28.493			5	Le coût total du projet intègre l’ensemble des rubriques (immobilier, mobilier, biens et services, prestations extérieures, études spécifiques, indemnités expropriations, etc.). L’estimation du coût total est déterminée sur la base de méthodes rigoureuses s'appuyant sur des données actualisées (Coûts paramétriques mercuriale des prix, etc.).  Le coût total inclut une provision pour la couverture des risques et dépenses imprévues du projet. Le coût total (dépenses) du projet est ventilé par année. Les charges récurrentes pour l’exploitation de l’ouvrage sont estimées et détaillées par principale rubrique (Biens et services, Rémunération, Entretiens, etc.)	3.75	680	83	\N	103	\N
104	2025-07-01 14:19:28.493	2025-07-01 14:19:28.493			5	L’analyse de risque a porté sur au moins trois des catégories de risque ci-après : risques techniques, risques d’opposition sociale, risques environnementaux, risques institutionnels, risques financiers. Pour les différents risques identifiés, la nature du risque a été précisée.  Une matrice de criticité précise le niveau de probabilité et de gravité pour les risques identifiés. Des mesures de gestion des risques ont été identifiées.	3.75	681	84	\N	104	\N
105	2025-07-01 14:19:28.493	2025-07-01 14:19:28.493			3	En phase de croisière, l’ouvrage génère des recettes d’exploitation couvrant au moins 50 % des charges récurrentes de l’ouvrage	3.75	682	85	\N	105	\N
106	2025-07-01 14:19:28.493	2025-07-01 14:19:28.493			4	Le projet permettra la création d’au moins 240 nouveaux emplois par million DTN investi. 	5	683	86	\N	106	\N
107	2025-07-01 14:19:28.493	2025-07-01 14:19:28.493			2	La documentation du projet a identifié les filières impactées par le projet. L’impact est justifié sans être estimé sur la base d’une méthode rigoureuse.	2.5	684	87	\N	107	\N
108	2025-07-01 14:19:28.493	2025-07-01 14:19:28.493			4	Au moins 80 % du coût total du projet sera mis en œuvre par les entreprises nationales.	5	685	88	\N	108	\N
109	2025-07-01 14:19:28.493	2025-07-01 14:19:28.493			3	Le projet est implanté dans un ou plusieurs gouvernorats/délégations disposant d’un IDR moyen en dessous de 0,463.	3.75	686	89	\N	109	35
110	2025-07-01 14:19:28.498	2025-07-01 14:19:28.498			5	Le cadre logique du projet précise : (i) les résultats attendus, (ii) les objectifs spécifiques et (iii) les objectifs généraux. Pour ces trois éléments, le cadre logique présente des indicateurs objectivement vérifiables (IOV).  Des valeurs de référence et des valeurs cibles sont définies pour les l’ensemble des indicateurs.	6.25	687	90	\N	110	\N
111	2025-07-01 14:19:28.498	2025-07-01 14:19:28.498			5	La documentation du projet comprend des éléments d’analyse sur l’accessibilité du projet pour les personnes à mobilité réduite. Le projet prévoit des dispositifs pour assurer l’accessibilité aux personnes à mobilité réduite ou, par sa nature, le projet ne nécessite pas de commodités spécifiques d’accessibilité.	6.25	688	91	\N	111	\N
112	2025-07-01 14:19:28.498	2025-07-01 14:19:28.498			5	Une ou plusieurs séances de consultation ont été organisées pendant le processus de préparation du projet au cours desquelles les populations et les parties prenantes du projet ont été invitées à donner leur avis sur le contenu du projet.  La dimension genre a été prise en compte lors des consultations. Ces séances de consultation ont donné lieu à un compte-rendu qui a été largement publié.	6.25	689	92	\N	112	\N
113	2025-07-01 14:19:28.498	2025-07-01 14:19:28.498			5	La documentation du projet a identifié les sources d’émission de gaz à effet de serre dans les phases de construction et d’exploitation. Les émissions ont été estimées avec une méthode rigoureuse. La réduction des gaz à effet de serre constitue la raison d’existence du projet ou ce dernier prévoit des mesures pour réduire significativement ses émissions pendant les phases de construction et d’exploitation. 	5	690	93	\N	113	\N
114	2025-07-01 14:19:28.498	2025-07-01 14:19:28.498			2	Le projet nécessite une déclassification de terres agricoles pour une partie de son emprise foncière.	2	691	94	\N	114	\N
115	2025-07-01 14:19:28.498	2025-07-01 14:19:28.498			3	Les risques liés au changement climatique ont été identifiés et définis par nature, criticité et gravité. L’impact du changement climatique sur le fonctionnement normal de l’infrastructure a été étudié et estimé avec une méthode rigoureuse.	3	692	95	\N	115	\N
116	2025-07-01 14:19:28.498	2025-07-01 14:19:28.498			4	L’impact du projet sur la biodiversité du lieu de son implantation a été étudié avec une méthode rigoureuse. L’étude conclue à un impact négatif du projet sur la biodiversité du lieu e son implantation, toutefois les mesures d’évitement des impacts négatifs ont été identifiées et étudiées. 	4	693	96	\N	116	\N
117	2025-07-01 14:19:28.498	2025-07-01 14:19:28.498			5	Le projet est conçu spécifiquement et considéré comme indispensable à l’opérationnalisation d’une infrastructure existante ou en cours de réalisation.	3.75	694	97	\N	117	36
118	2025-07-01 14:19:28.501	2025-07-01 14:19:28.501			5	La documentation du projet démontre sa contribution à la résolution des goulots d’étranglement que subissent une ou plusieurs infrastructures intervenant dans le même domaine dans la région. La contribution du projet permet de résoudre complètement le goulot d’étranglement. 	3.75	695	98	\N	118	\N
119	2025-07-01 14:19:28.501	2025-07-01 14:19:28.501			4	La documentation du projet démontre la contribution du projet au désenclavement du territoire dans lequel il est implanté. Le projet permet de connecter deux ou plusieurs centres urbains. 	3	696	99	\N	119	\N
120	2025-07-01 14:19:28.501	2025-07-01 14:19:28.501			5	La documentation du projet démontre que le projet constitue ou comprend une innovation technique, de procédé ou de montage financier. Le projet est conçu comme un projet pilote à généraliser. Le porteur de projet prévoit l’évaluation du projet pilote avant sa généralisation.	3.75	697	100	\N	120	39
101	2025-07-01 14:19:28.482	2025-07-01 14:20:06.806	merci 		4	Le cadre logique du projet précise : (i) les résultats attendus, (ii) les objectifs spécifiques et (iii) les objectifs généraux. Pour ces trois éléments, le cadre logique présente des indicateurs objectivement vérifiables. Seules les valeurs cibles des indicateurs ont été identifiées. 	3	678	81	\N	101	38
\.


--
-- Data for Name: response_evaluation_component; Type: TABLE DATA; Schema: public; Owner: root
--

COPY public.response_evaluation_component (id, created_at, updated_at, component_id, project_evaluation_id) FROM stdin;
1	2025-04-24 12:20:35.109	2025-04-24 12:20:35.109	173	1
2	2025-04-24 12:20:35.124	2025-04-24 12:20:35.124	174	1
3	2025-04-24 12:20:35.136	2025-04-24 12:20:35.136	175	1
4	2025-04-24 12:20:35.146	2025-04-24 12:20:35.146	176	1
5	2025-04-24 12:20:35.156	2025-04-24 12:20:35.156	177	1
6	2025-06-05 10:00:02.379	2025-06-24 08:57:40.456	173	2
7	2025-06-05 10:00:02.382	2025-06-24 08:57:40.456	174	2
8	2025-06-05 10:00:02.382	2025-06-24 08:57:40.456	175	2
9	2025-06-05 10:00:02.382	2025-06-24 08:57:40.456	176	2
10	2025-06-05 10:00:02.382	2025-06-24 08:57:40.456	177	2
11	2025-06-24 09:35:17.394	2025-06-24 11:09:11.936	173	3
12	2025-06-24 09:35:17.397	2025-06-24 11:09:11.936	174	3
13	2025-06-24 09:35:17.397	2025-06-24 11:09:11.936	175	3
14	2025-06-24 09:35:17.397	2025-06-24 11:09:11.936	176	3
15	2025-06-24 09:35:17.397	2025-06-24 11:09:11.936	177	3
16	2025-06-24 10:40:13.835	2025-06-24 13:37:03.411	173	4
17	2025-06-24 10:40:13.839	2025-06-24 13:37:03.411	174	4
18	2025-06-24 10:40:13.839	2025-06-24 13:37:03.411	175	4
19	2025-06-24 10:40:13.839	2025-06-24 13:37:03.411	176	4
20	2025-06-24 10:40:13.839	2025-06-24 13:37:03.411	177	4
21	2025-07-01 14:17:46.173	2025-07-01 14:17:46.173	173	5
22	2025-07-01 14:17:46.182	2025-07-01 14:17:46.182	174	5
23	2025-07-01 14:17:46.182	2025-07-01 14:17:46.182	175	5
24	2025-07-01 14:17:46.185	2025-07-01 14:17:46.185	176	5
25	2025-07-01 14:17:46.185	2025-07-01 14:17:46.185	177	5
\.


--
-- Data for Name: response_evaluation_criteria; Type: TABLE DATA; Schema: public; Owner: root
--

COPY public.response_evaluation_criteria (id, created_at, updated_at, criteria_id, component_evaluation_id) FROM stdin;
1	2025-04-24 12:20:35.11	2025-04-24 12:20:35.11	638	1
2	2025-04-24 12:20:35.117	2025-04-24 12:20:35.117	639	1
3	2025-04-24 12:20:35.12	2025-04-24 12:20:35.12	640	1
4	2025-04-24 12:20:35.122	2025-04-24 12:20:35.122	641	1
5	2025-04-24 12:20:35.124	2025-04-24 12:20:35.124	642	2
6	2025-04-24 12:20:35.126	2025-04-24 12:20:35.126	643	2
7	2025-04-24 12:20:35.129	2025-04-24 12:20:35.129	644	2
8	2025-04-24 12:20:35.133	2025-04-24 12:20:35.133	645	2
9	2025-04-24 12:20:35.136	2025-04-24 12:20:35.136	646	3
10	2025-04-24 12:20:35.138	2025-04-24 12:20:35.138	647	3
11	2025-04-24 12:20:35.141	2025-04-24 12:20:35.141	648	3
12	2025-04-24 12:20:35.143	2025-04-24 12:20:35.143	649	3
13	2025-04-24 12:20:35.146	2025-04-24 12:20:35.146	650	4
14	2025-04-24 12:20:35.148	2025-04-24 12:20:35.148	651	4
15	2025-04-24 12:20:35.151	2025-04-24 12:20:35.151	652	4
16	2025-04-24 12:20:35.154	2025-04-24 12:20:35.154	653	4
17	2025-04-24 12:20:35.157	2025-04-24 12:20:35.157	654	5
18	2025-04-24 12:20:35.16	2025-04-24 12:20:35.16	655	5
19	2025-04-24 12:20:35.162	2025-04-24 12:20:35.162	656	5
20	2025-04-24 12:20:35.165	2025-04-24 12:20:35.165	657	5
66	2025-06-24 10:40:13.839	2025-06-24 13:37:03.412	643	17
67	2025-06-24 10:40:13.839	2025-06-24 13:37:03.412	644	17
68	2025-06-24 10:40:13.839	2025-06-24 13:37:03.412	645	17
69	2025-06-24 10:40:13.839	2025-06-24 13:37:03.412	646	18
70	2025-06-24 10:40:13.839	2025-06-24 13:37:03.412	647	18
71	2025-06-24 10:40:13.839	2025-06-24 13:37:03.412	648	18
72	2025-06-24 10:40:13.839	2025-06-24 13:37:03.412	649	18
46	2025-06-24 09:35:17.397	2025-06-24 11:09:11.936	643	12
47	2025-06-24 09:35:17.397	2025-06-24 11:09:11.936	644	12
48	2025-06-24 09:35:17.397	2025-06-24 11:09:11.936	645	12
49	2025-06-24 09:35:17.397	2025-06-24 11:09:11.936	646	13
50	2025-06-24 09:35:17.397	2025-06-24 11:09:11.936	647	13
51	2025-06-24 09:35:17.397	2025-06-24 11:09:11.936	648	13
21	2025-06-05 10:00:02.38	2025-06-24 08:57:40.456	638	6
22	2025-06-05 10:00:02.382	2025-06-24 08:57:40.456	639	6
23	2025-06-05 10:00:02.382	2025-06-24 08:57:40.456	640	6
24	2025-06-05 10:00:02.382	2025-06-24 08:57:40.456	641	6
25	2025-06-05 10:00:02.382	2025-06-24 08:57:40.456	642	7
26	2025-06-05 10:00:02.382	2025-06-24 08:57:40.456	643	7
27	2025-06-05 10:00:02.382	2025-06-24 08:57:40.456	644	7
28	2025-06-05 10:00:02.382	2025-06-24 08:57:40.456	645	7
29	2025-06-05 10:00:02.382	2025-06-24 08:57:40.456	646	8
30	2025-06-05 10:00:02.382	2025-06-24 08:57:40.456	647	8
31	2025-06-05 10:00:02.382	2025-06-24 08:57:40.456	648	8
32	2025-06-05 10:00:02.382	2025-06-24 08:57:40.456	649	8
33	2025-06-05 10:00:02.382	2025-06-24 08:57:40.456	650	9
52	2025-06-24 09:35:17.397	2025-06-24 11:09:11.936	649	13
53	2025-06-24 09:35:17.397	2025-06-24 11:09:11.936	650	14
54	2025-06-24 09:35:17.397	2025-06-24 11:09:11.936	651	14
55	2025-06-24 09:35:17.397	2025-06-24 11:09:11.936	652	14
56	2025-06-24 09:35:17.397	2025-06-24 11:09:11.936	653	14
57	2025-06-24 09:35:17.397	2025-06-24 11:09:11.936	654	15
58	2025-06-24 09:35:17.397	2025-06-24 11:09:11.936	655	15
59	2025-06-24 09:35:17.397	2025-06-24 11:09:11.936	656	15
60	2025-06-24 09:35:17.397	2025-06-24 11:09:11.936	657	15
73	2025-06-24 10:40:13.839	2025-06-24 13:37:03.412	650	19
74	2025-06-24 10:40:13.839	2025-06-24 13:37:03.412	651	19
75	2025-06-24 10:40:13.839	2025-06-24 13:37:03.412	652	19
76	2025-06-24 10:40:13.839	2025-06-24 13:37:03.412	653	19
34	2025-06-05 10:00:02.382	2025-06-24 08:57:40.456	651	9
35	2025-06-05 10:00:02.382	2025-06-24 08:57:40.456	652	9
36	2025-06-05 10:00:02.382	2025-06-24 08:57:40.456	653	9
37	2025-06-05 10:00:02.382	2025-06-24 08:57:40.456	654	10
38	2025-06-05 10:00:02.382	2025-06-24 08:57:40.456	655	10
39	2025-06-05 10:00:02.382	2025-06-24 08:57:40.456	656	10
40	2025-06-05 10:00:02.382	2025-06-24 08:57:40.456	657	10
77	2025-06-24 10:40:13.839	2025-06-24 13:37:03.412	654	20
78	2025-06-24 10:40:13.839	2025-06-24 13:37:03.412	655	20
79	2025-06-24 10:40:13.839	2025-06-24 13:37:03.412	656	20
80	2025-06-24 10:40:13.839	2025-06-24 13:37:03.412	657	20
41	2025-06-24 09:35:17.394	2025-06-24 11:09:11.936	638	11
42	2025-06-24 09:35:17.397	2025-06-24 11:09:11.936	639	11
43	2025-06-24 09:35:17.397	2025-06-24 11:09:11.936	640	11
44	2025-06-24 09:35:17.397	2025-06-24 11:09:11.936	641	11
45	2025-06-24 09:35:17.397	2025-06-24 11:09:11.936	642	12
61	2025-06-24 10:40:13.835	2025-06-24 13:37:03.412	638	16
62	2025-06-24 10:40:13.837	2025-06-24 13:37:03.412	639	16
63	2025-06-24 10:40:13.839	2025-06-24 13:37:03.412	640	16
64	2025-06-24 10:40:13.839	2025-06-24 13:37:03.412	641	16
65	2025-06-24 10:40:13.839	2025-06-24 13:37:03.412	642	17
81	2025-07-01 14:17:46.174	2025-07-01 14:17:46.174	638	21
82	2025-07-01 14:17:46.182	2025-07-01 14:17:46.182	639	21
83	2025-07-01 14:17:46.182	2025-07-01 14:17:46.182	640	21
84	2025-07-01 14:17:46.182	2025-07-01 14:17:46.182	641	21
85	2025-07-01 14:17:46.182	2025-07-01 14:17:46.182	642	22
86	2025-07-01 14:17:46.182	2025-07-01 14:17:46.182	643	22
87	2025-07-01 14:17:46.182	2025-07-01 14:17:46.182	644	22
88	2025-07-01 14:17:46.182	2025-07-01 14:17:46.182	645	22
89	2025-07-01 14:17:46.182	2025-07-01 14:17:46.182	646	23
90	2025-07-01 14:17:46.185	2025-07-01 14:17:46.185	647	23
91	2025-07-01 14:17:46.185	2025-07-01 14:17:46.185	648	23
92	2025-07-01 14:17:46.185	2025-07-01 14:17:46.185	649	23
93	2025-07-01 14:17:46.185	2025-07-01 14:17:46.185	650	24
94	2025-07-01 14:17:46.185	2025-07-01 14:17:46.185	651	24
95	2025-07-01 14:17:46.185	2025-07-01 14:17:46.185	652	24
96	2025-07-01 14:17:46.185	2025-07-01 14:17:46.185	653	24
97	2025-07-01 14:17:46.185	2025-07-01 14:17:46.185	654	25
98	2025-07-01 14:17:46.188	2025-07-01 14:17:46.188	655	25
99	2025-07-01 14:17:46.188	2025-07-01 14:17:46.188	656	25
100	2025-07-01 14:17:46.188	2025-07-01 14:17:46.188	657	25
\.


--
-- Data for Name: response_evaluation_indicator; Type: TABLE DATA; Schema: public; Owner: root
--

COPY public.response_evaluation_indicator (id, created_at, updated_at, comment, justification, score, selected_norme, score_poondere, indicator_id, reference_study_id, criteria_evaluation_id, reference_study_for_project_id) FROM stdin;
1	2025-04-24 12:20:35.111	2025-04-24 12:20:35.111	demo commentaire sectoriel		5	Le cadre logique du projet précise : (i) les résultats attendus, (ii) les objectifs spécifiques et (iii) les objectifs généraux. Pour ces trois éléments, le cadre logique présente des indicateurs objectivement vérifiables (IOV).  Des valeurs de référence et des valeurs cibles sont définies pour les l’ensemble des indicateurs.	\N	678	\N	1	10
2	2025-04-24 12:20:35.117	2025-04-24 12:20:35.117	demo commentaire sectoriel		4	La documentation du projet présente un chronogramme qui détaille l’ensemble des activités pour chacun des processus du cycle de gestion du projet (préparation, priorisation, programmation budgétaire, contractualisation, mise en œuvre, évaluation). Le planning intègre également des éléments prévisionnels relatif à la passation des marchés prévus pour la réalisation du projet.	\N	679	\N	2	9
3	2025-04-24 12:20:35.12	2025-04-24 12:20:35.12	demo commentaire sectoriel		4	Le coût total du projet intègre l’ensemble des rubriques (immobilier, mobilier, biens et services, prestations extérieures, études spécifiques, indemnités expropriations, etc.). L’estimation du coût total est déterminée sur la base de méthodes rigoureuses s'appuyant sur des données actualisées (Coûts paramétriques mercuriale des prix, etc.).  Le coût total inclut une provision pour la couverture des risques et dépenses imprévues du projet. Le coût total (dépenses) du projet est ventilé par année.	\N	680	\N	3	11
4	2025-04-24 12:20:35.122	2025-04-24 12:20:35.122	demo commentaire sectoriel		5	L’analyse de risque a porté sur au moins trois des catégories de risque ci-après : risques techniques, risques d’opposition sociale, risques environnementaux, risques institutionnels, risques financiers. Pour les différents risques identifiés, la nature du risque a été précisée.  Une matrice de criticité précise le niveau de probabilité et de gravité pour les risques identifiés. Des mesures de gestion des risques ont été identifiées.	\N	681	\N	4	9
5	2025-04-24 12:20:35.124	2025-04-24 12:20:35.124	demo commentaire sectoriel		4	En phase de croisière, l’ouvrage génère des recettes d’exploitation couvrant au moins 80 % des charges récurrentes de l’ouvrage	\N	682	\N	5	11
6	2025-04-24 12:20:35.126	2025-04-24 12:20:35.126	demo commentaire sectoriel		5	Le projet permettra la création d’au moins 300 nouveaux emplois par million DTN investi. 	\N	683	\N	6	10
7	2025-04-24 12:20:35.129	2025-04-24 12:20:35.129	demo commentaire sectoriel		5	La documentation du projet précise les filières impactées positivement par le projet. L’impact sur le développement des filières identifiées est justifié et estimé avec une méthode rigoureuse. Le projet appartient à une filière économique et un secteur identifié par la cadre institutionnel comme prioritaire.	\N	684	\N	7	11
8	2025-04-24 12:20:35.133	2025-04-24 12:20:35.133	demo commentaire sectoriel		4	Au moins 80 % du coût total du projet sera mis en œuvre par les entreprises nationales.	\N	685	\N	8	10
9	2025-04-24 12:20:35.136	2025-04-24 12:20:35.136	demo commentaire sectoriel		3	Le projet est implanté dans un ou plusieurs gouvernorats/délégations disposant d’un IDR moyen en dessous de 0,463.	\N	686	\N	9	10
10	2025-04-24 12:20:35.138	2025-04-24 12:20:35.138	demo commentaire sectoriel		5	Le cadre logique du projet précise : (i) les résultats attendus, (ii) les objectifs spécifiques et (iii) les objectifs généraux. Pour ces trois éléments, le cadre logique présente des indicateurs objectivement vérifiables (IOV).  Des valeurs de référence et des valeurs cibles sont définies pour les l’ensemble des indicateurs.	\N	687	\N	10	11
11	2025-04-24 12:20:35.141	2025-04-24 12:20:35.141	demo commentaire sectoriel		0	La documentation du projet ne comprend aucun élément d’analyse et ne présente aucun dispositif permettant d’assurer l’accessibilité des personnes à mobilité réduite.	\N	688	\N	11	10
12	2025-04-24 12:20:35.143	2025-04-24 12:20:35.143	demo commentaire sectoriel		5	Une ou plusieurs séances de consultation ont été organisées pendant le processus de préparation du projet au cours desquelles les populations et les parties prenantes du projet ont été invitées à donner leur avis sur le contenu du projet.  La dimension genre a été prise en compte lors des consultations. Ces séances de consultation ont donné lieu à un compte-rendu qui a été largement publié.	\N	689	\N	12	11
13	2025-04-24 12:20:35.146	2025-04-24 12:20:35.146	demo commentaire sectoriel		3	 La documentation du projet a identifié les sources d’émission de gaz à effet de serre dans les phases de construction et d’exploitation. Les émissions ont été estimées avec une méthode rigoureuse.	\N	690	\N	13	11
14	2025-04-24 12:20:35.148	2025-04-24 12:20:35.148	demo commentaire sectoriel		2	Le projet nécessite une déclassification de terres agricoles pour une partie de son emprise foncière.	\N	691	\N	14	10
15	2025-04-24 12:20:35.151	2025-04-24 12:20:35.151	demo commentaire sectoriel		3	Les risques liés au changement climatique ont été identifiés et définis par nature, criticité et gravité. L’impact du changement climatique sur le fonctionnement normal de l’infrastructure a été étudié et estimé avec une méthode rigoureuse.	\N	692	\N	15	10
16	2025-04-24 12:20:35.154	2025-04-24 12:20:35.154	demo commentaire sectoriel		5	L’impact du projet sur la biodiversité du lieu de son implantation a été étudié avec une méthode rigoureuse. L’étude conclue à un impact positif du projet sur la biodiversité de son lieu d’implantation.	\N	693	\N	16	10
17	2025-04-24 12:20:35.157	2025-04-24 12:20:35.157	demo commentaire sectoriel		5	Le projet est conçu spécifiquement et considéré comme indispensable à l’opérationnalisation d’une infrastructure existante ou en cours de réalisation.	\N	694	\N	17	10
18	2025-04-24 12:20:35.16	2025-04-24 12:20:35.16	demo commentaire sectoriel		4	La documentation du projet démontre sa contribution à la résolution des goulots d’étranglement que subissent une ou plusieurs infrastructures intervenant dans le même domaine dans la région. La contribution du projet permet de résoudre significativement le goulot d’étranglement.	\N	695	\N	18	10
19	2025-04-24 12:20:35.162	2025-04-24 12:20:35.162	demo commentaire sectoriel vv		3	La documentation du projet démontre la contribution du projet au désenclavement du territoire dans lequel il est implanté. Le projet permettra d’attirer et de faciliter l’implantation d’autres infrastructures dans le territoire enclavé.	\N	696	\N	19	10
20	2025-04-24 12:20:35.165	2025-04-24 12:20:35.165	demo commentaire sectoriel v		5	La documentation du projet démontre que le projet constitue ou comprend une innovation technique, de procédé ou de montage financier. Le projet est conçu comme un projet pilote à généraliser. Le porteur de projet prévoit l’évaluation du projet pilote avant sa généralisation.	\N	697	\N	20	10
22	2025-06-05 10:00:02.382	2025-06-05 10:00:02.382			4	La documentation du projet présente un chronogramme qui détaille l’ensemble des activités pour chacun des processus du cycle de gestion du projet (préparation, priorisation, programmation budgétaire, contractualisation, mise en œuvre, évaluation). Le planning intègre également des éléments prévisionnels relatif à la passation des marchés prévus pour la réalisation du projet.	\N	679	\N	22	\N
23	2025-06-05 10:00:02.382	2025-06-05 10:00:02.382			4	Le coût total du projet intègre l’ensemble des rubriques (immobilier, mobilier, biens et services, prestations extérieures, études spécifiques, indemnités expropriations, etc.). L’estimation du coût total est déterminée sur la base de méthodes rigoureuses s'appuyant sur des données actualisées (Coûts paramétriques mercuriale des prix, etc.).  Le coût total inclut une provision pour la couverture des risques et dépenses imprévues du projet. Le coût total (dépenses) du projet est ventilé par année.	\N	680	\N	23	\N
24	2025-06-05 10:00:02.382	2025-06-05 10:00:02.382			1	L’analyse de risque présente des éléments rudimentaires sur l’une ou plusieurs des catégories de risques suivantes :  risques techniques, risques d’opposition sociale, risques environnementaux, risques institutionnels, risques financier	\N	681	\N	24	\N
28	2025-06-05 10:00:02.382	2025-06-05 10:00:42.617			5	Plus de 90 % du coût total du projet sera mis en œuvre par les entreprises nationales.	\N	685	\N	28	\N
29	2025-06-05 10:00:02.382	2025-06-24 08:55:33.336			5	Le projet est implanté dans un ou plusieurs gouvernorats/délégations disposant d’un IDR moyen en dessous de 0,421.	\N	686	\N	29	\N
30	2025-06-05 10:00:02.382	2025-06-24 08:55:47.773			5	Le cadre logique du projet précise : (i) les résultats attendus, (ii) les objectifs spécifiques et (iii) les objectifs généraux. Pour ces trois éléments, le cadre logique présente des indicateurs objectivement vérifiables (IOV).  Des valeurs de référence et des valeurs cibles sont définies pour les l’ensemble des indicateurs.	\N	687	\N	30	\N
40	2025-06-05 10:00:02.382	2025-06-05 10:03:27.947			5	La documentation du projet démontre que le projet constitue ou comprend une innovation technique, de procédé ou de montage financier. Le projet est conçu comme un projet pilote à généraliser. Le porteur de projet prévoit l’évaluation du projet pilote avant sa généralisation.	\N	697	\N	40	\N
32	2025-06-05 10:00:02.382	2025-06-05 10:04:04.17			5	Une ou plusieurs séances de consultation ont été organisées pendant le processus de préparation du projet au cours desquelles les populations et les parties prenantes du projet ont été invitées à donner leur avis sur le contenu du projet.  La dimension genre a été prise en compte lors des consultations. Ces séances de consultation ont donné lieu à un compte-rendu qui a été largement publié.	\N	689	\N	32	\N
36	2025-06-05 10:00:02.382	2025-06-05 10:04:04.17			5	L’impact du projet sur la biodiversité du lieu de son implantation a été étudié avec une méthode rigoureuse. L’étude conclue à un impact positif du projet sur la biodiversité de son lieu d’implantation.	\N	693	\N	36	\N
27	2025-06-05 10:00:02.382	2025-06-05 10:05:21.521			5	La documentation du projet précise les filières impactées positivement par le projet. L’impact sur le développement des filières identifiées est justifié et estimé avec une méthode rigoureuse. Le projet appartient à une filière économique et un secteur identifié par la cadre institutionnel comme prioritaire.	\N	684	\N	27	\N
31	2025-06-05 10:00:02.382	2025-06-05 10:05:21.521			5	La documentation du projet comprend des éléments d’analyse sur l’accessibilité du projet pour les personnes à mobilité réduite. Le projet prévoit des dispositifs pour assurer l’accessibilité aux personnes à mobilité réduite ou, par sa nature, le projet ne nécessite pas de commodités spécifiques d’accessibilité.	\N	688	\N	31	\N
35	2025-06-05 10:00:02.382	2025-06-05 10:05:21.521			3	Les risques liés au changement climatique ont été identifiés et définis par nature, criticité et gravité. L’impact du changement climatique sur le fonctionnement normal de l’infrastructure a été étudié et estimé avec une méthode rigoureuse.	\N	692	\N	35	\N
39	2025-06-05 10:00:02.382	2025-06-05 10:05:21.521			5	La documentation du projet démontre la contribution du projet au désenclavement du territoire dans lequel il est implanté. Le projet permet de connecter une zone rurale à un centre urbain.	\N	696	\N	39	\N
21	2025-06-05 10:00:02.381	2025-06-24 08:55:00.818			3	Le cadre logique du projet précise : (i) les résultats attendus, (ii) les objectifs spécifiques et (iii) les objectifs généraux. Pour ces trois éléments, le cadre logique présente des indicateurs objectivement vérifiables sans préciser les valeurs de référence et les valeurs cibles.	\N	678	\N	21	\N
25	2025-06-05 10:00:02.382	2025-06-24 08:55:00.818			0	Il n’est pas prévu que le projet génère des recettes d’exploitation.	\N	682	\N	25	\N
26	2025-06-05 10:00:02.382	2025-06-24 08:55:00.818			1	Le projet permettra la création d’au moins 15 nouveaux emplois par million DTN investi. 	\N	683	\N	26	\N
33	2025-06-05 10:00:02.382	2025-06-24 08:56:33.768			3	 La documentation du projet a identifié les sources d’émission de gaz à effet de serre dans les phases de construction et d’exploitation. Les émissions ont été estimées avec une méthode rigoureuse.	\N	690	\N	33	\N
34	2025-06-05 10:00:02.382	2025-06-24 08:56:48.222			5	Le projet ne nécessite pas de déclassifier des terres agricoles et ne détériore pas les terres agricoles avoisinantes.	\N	691	\N	34	\N
37	2025-06-05 10:00:02.382	2025-06-24 08:57:19.432			5	Le projet est conçu spécifiquement et considéré comme indispensable à l’opérationnalisation d’une infrastructure existante ou en cours de réalisation.	\N	694	\N	37	\N
38	2025-06-05 10:00:02.382	2025-06-24 08:57:40.456			5	La documentation du projet démontre sa contribution à la résolution des goulots d’étranglement que subissent une ou plusieurs infrastructures intervenant dans le même domaine dans la région. La contribution du projet permet de résoudre complètement le goulot d’étranglement. 	\N	695	\N	38	\N
41	2025-06-24 09:35:17.394	2025-06-24 09:35:17.394	rapport d'évaluation du Projet fait par la BAD et négocié avec tous les parties lors de la mission de négociation du PRET		5	Le cadre logique du projet précise : (i) les résultats attendus, (ii) les objectifs spécifiques et (iii) les objectifs généraux. Pour ces trois éléments, le cadre logique présente des indicateurs objectivement vérifiables (IOV).  Des valeurs de référence et des valeurs cibles sont définies pour les l’ensemble des indicateurs.	\N	678	\N	41	27
45	2025-06-24 09:35:17.397	2025-06-24 10:47:44.252			5	En phase de croisière, l’ouvrage génère des recettes d’exploitation supérieures aux charges récurrentes de l’ouvrage 	\N	682	\N	45	\N
42	2025-06-24 09:35:17.397	2025-06-24 09:38:38.41	Plan de passation des marchés		5	La documentation du projet présente un chronogramme qui détaille l’ensemble des activités pour chacun des processus du cycle de gestion du projet (préparation, priorisation, programmation budgétaire, contractualisation, mise en œuvre, évaluation). Le planning intègre également des éléments prévisionnels relatif à la passation des marchés prévus pour la réalisation du projet. Le chronogramme du projet est présenté sous la forme d’un diagramme de Gantt qui précise les liens de dépendance entre les tâches, ainsi que les principaux jalons et/ou les ressources associées à chaque tâche.	\N	679	\N	42	\N
43	2025-06-24 09:35:17.397	2025-06-24 09:40:20.369	tableau des couts (cost table) existe dans le rapport d'évaluation du projet		5	Le coût total du projet intègre l’ensemble des rubriques (immobilier, mobilier, biens et services, prestations extérieures, études spécifiques, indemnités expropriations, etc.). L’estimation du coût total est déterminée sur la base de méthodes rigoureuses s'appuyant sur des données actualisées (Coûts paramétriques mercuriale des prix, etc.).  Le coût total inclut une provision pour la couverture des risques et dépenses imprévues du projet. Le coût total (dépenses) du projet est ventilé par année. Les charges récurrentes pour l’exploitation de l’ouvrage sont estimées et détaillées par principale rubrique (Biens et services, Rémunération, Entretiens, etc.)	\N	680	\N	43	\N
44	2025-06-24 09:35:17.397	2025-06-24 09:45:21.533	les risques d'opposition sociale et environnementales ont été étudiés dans le plan d'action de réinstallation et le plan de gestion environnementale et sociale.		2	L’analyse de risque a porté sur au moins trois des catégories de risques ci-après :  risques techniques, risques d’opposition sociale, risques environnementaux, risques institutionnels, risques financiers. Pour les différents risques identifiés, la nature du risque a été précisée.	\N	681	\N	44	\N
48	2025-06-24 09:35:17.397	2025-06-24 09:48:09.121	des conventions seront établies entre le CRDA zaghouan et des partenaires publiques (OEP.CTAB. ESA Mograne,BTS ...)		1	La part qui sera mise en œuvre par les entreprises nationales est inférieure à 20 %.	\N	685	\N	48	\N
63	2025-06-24 10:40:13.839	2025-06-24 10:42:14.597		Etude de maturation.xlsx	4	Le coût total du projet intègre l’ensemble des rubriques (immobilier, mobilier, biens et services, prestations extérieures, études spécifiques, indemnités expropriations, etc.). L’estimation du coût total est déterminée sur la base de méthodes rigoureuses s'appuyant sur des données actualisées (Coûts paramétriques mercuriale des prix, etc.).  Le coût total inclut une provision pour la couverture des risques et dépenses imprévues du projet. Le coût total (dépenses) du projet est ventilé par année.	\N	680	\N	63	32
56	2025-06-24 09:35:17.397	2025-06-24 09:53:53.934			5	L’impact du projet sur la biodiversité du lieu de son implantation a été étudié avec une méthode rigoureuse. L’étude conclue à un impact positif du projet sur la biodiversité de son lieu d’implantation.	\N	693	\N	56	\N
60	2025-06-24 09:35:17.397	2025-06-24 09:54:30.587			0	Le projet ne constitue pas et ne comprend pas d’innovation technique, de procédé ou de montage financier.	\N	697	\N	60	\N
52	2025-06-24 09:35:17.397	2025-06-24 09:55:57.977			5	Une ou plusieurs séances de consultation ont été organisées pendant le processus de préparation du projet au cours desquelles les populations et les parties prenantes du projet ont été invitées à donner leur avis sur le contenu du projet.  La dimension genre a été prise en compte lors des consultations. Ces séances de consultation ont donné lieu à un compte-rendu qui a été largement publié.	\N	689	\N	52	29
62	2025-06-24 10:40:13.837	2025-06-24 10:40:13.837		Etude de maturation.xlsx	2	La documentation du projet présente un chronogramme qui détaille seulement les activités relatives à la réalisation du projet en précisant les délais de leur mise en œuvre.	\N	679	\N	62	32
64	2025-06-24 10:40:13.839	2025-06-24 10:42:14.597		Etude de maturation.xlsx	1	L’analyse de risque présente des éléments rudimentaires sur l’une ou plusieurs des catégories de risques suivantes :  risques techniques, risques d’opposition sociale, risques environnementaux, risques institutionnels, risques financier	\N	681	\N	64	32
65	2025-06-24 10:40:13.839	2025-06-24 10:45:39.579		Etude de maturation.xlsx	1	En phase de croisière, l’ouvrage génère des recettes d’exploitation inférieures à 20 % des charges récurrentes de l’ouvrage	\N	682	\N	65	32
46	2025-06-24 09:35:17.397	2025-06-24 10:47:44.252			3	Le projet permettra la création d’au moins 150 nouveaux emplois par million DTN investi. 	\N	683	\N	46	\N
47	2025-06-24 09:35:17.397	2025-06-24 10:47:44.252			5	La documentation du projet précise les filières impactées positivement par le projet. L’impact sur le développement des filières identifiées est justifié et estimé avec une méthode rigoureuse. Le projet appartient à une filière économique et un secteur identifié par la cadre institutionnel comme prioritaire.	\N	684	\N	47	\N
66	2025-06-24 10:40:13.839	2025-06-24 10:50:14.378		Etude de maturation.xlsx	1	Le projet permettra la création d’au moins 15 nouveaux emplois par million DTN investi. 	\N	683	\N	66	32
69	2025-06-24 10:40:13.839	2025-06-24 10:54:24.819		Etude de maturation.xlsx	5	Le projet est implanté dans un ou plusieurs gouvernorats/délégations disposant d’un IDR moyen en dessous de 0,421.	\N	686	\N	69	32
54	2025-06-24 09:35:17.397	2025-06-24 10:56:20.889			5	Le projet ne nécessite pas de déclassifier des terres agricoles et ne détériore pas les terres agricoles avoisinantes.	\N	691	\N	54	\N
73	2025-06-24 10:40:13.839	2025-06-24 10:56:56.093		Etude de maturation.xlsx	1	La documentation du projet a identifié les sources d’émission de gaz à effet de serre dans les phases de construction et d’exploitation	\N	690	\N	73	32
77	2025-06-24 10:40:13.839	2025-06-24 10:59:56.12		Etude de maturation.xlsx	5	Le projet est conçu spécifiquement et considéré comme indispensable à l’opérationnalisation d’une infrastructure existante ou en cours de réalisation.	\N	694	\N	77	32
80	2025-06-24 10:40:13.839	2025-06-24 11:03:07.031		Etude de maturation.xlsx	2	La documentation du projet démontre que le projet constitue ou comprend une innovation technique, de procédé ou de montage financier.	\N	697	\N	80	32
51	2025-06-24 09:35:17.397	2025-06-24 10:50:33.501			0	La documentation du projet ne comprend aucun élément d’analyse et ne présente aucun dispositif permettant d’assurer l’accessibilité des personnes à mobilité réduite.	\N	688	\N	51	\N
67	2025-06-24 10:40:13.839	2025-06-24 10:51:43.529		Etude de maturation.xlsx	4	La documentation du projet précise les filières impactées positivement par le projet. L’impact sur le développement des filières identifiées est justifié et estimé avec une méthode rigoureuse.	\N	684	\N	67	32
68	2025-06-24 10:40:13.839	2025-06-24 10:52:17.317		Etude de maturation.xlsx	5	Plus de 90 % du coût total du projet sera mis en œuvre par les entreprises nationales.	\N	685	\N	68	32
72	2025-06-24 10:40:13.839	2025-06-24 10:53:00.082		Etude de maturation.xlsx	5	Une ou plusieurs séances de consultation ont été organisées pendant le processus de préparation du projet au cours desquelles les populations et les parties prenantes du projet ont été invitées à donner leur avis sur le contenu du projet.  La dimension genre a été prise en compte lors des consultations. Ces séances de consultation ont donné lieu à un compte-rendu qui a été largement publié.	\N	689	\N	72	32
49	2025-06-24 09:35:17.397	2025-06-24 10:54:43.319			2	Le projet est implanté dans un ou plusieurs gouvernorats/délégations disposant d’un IDR moyen en dessous de 0,513.	\N	686	\N	49	\N
50	2025-06-24 09:35:17.397	2025-06-24 10:54:43.319			5	Le cadre logique du projet précise : (i) les résultats attendus, (ii) les objectifs spécifiques et (iii) les objectifs généraux. Pour ces trois éléments, le cadre logique présente des indicateurs objectivement vérifiables (IOV).  Des valeurs de référence et des valeurs cibles sont définies pour les l’ensemble des indicateurs.	\N	687	\N	50	\N
70	2025-06-24 10:40:13.839	2025-06-24 10:55:44.355		Etude de maturation.xlsx	4	Le cadre logique du projet précise : (i) les résultats attendus, (ii) les objectifs spécifiques et (iii) les objectifs généraux. Pour ces trois éléments, le cadre logique présente des indicateurs objectivement vérifiables. Seules les valeurs cibles des indicateurs ont été identifiées. 	\N	687	\N	70	32
71	2025-06-24 10:40:13.839	2025-06-24 10:56:17.12		Etude de maturation.xlsx	5	La documentation du projet comprend des éléments d’analyse sur l’accessibilité du projet pour les personnes à mobilité réduite. Le projet prévoit des dispositifs pour assurer l’accessibilité aux personnes à mobilité réduite ou, par sa nature, le projet ne nécessite pas de commodités spécifiques d’accessibilité.	\N	688	\N	71	32
53	2025-06-24 09:35:17.397	2025-06-24 10:56:20.889			5	La documentation du projet a identifié les sources d’émission de gaz à effet de serre dans les phases de construction et d’exploitation. Les émissions ont été estimées avec une méthode rigoureuse. La réduction des gaz à effet de serre constitue la raison d’existence du projet ou ce dernier prévoit des mesures pour réduire significativement ses émissions pendant les phases de construction et d’exploitation. 	\N	690	\N	53	\N
55	2025-06-24 09:35:17.397	2025-06-24 10:56:20.889			3	Les risques liés au changement climatique ont été identifiés et définis par nature, criticité et gravité. L’impact du changement climatique sur le fonctionnement normal de l’infrastructure a été étudié et estimé avec une méthode rigoureuse.	\N	692	\N	55	\N
74	2025-06-24 10:40:13.839	2025-06-24 10:57:28.32		Etude de maturation.xlsx	5	Le projet ne nécessite pas de déclassifier des terres agricoles et ne détériore pas les terres agricoles avoisinantes.	\N	691	\N	74	32
75	2025-06-24 10:40:13.839	2025-06-24 10:58:02.177		Etude de maturation.xlsx	2	Les risques liés au changement climatique ont été identifiés et définis par nature, criticité et gravité.	\N	692	\N	75	32
76	2025-06-24 10:40:13.839	2025-06-24 10:59:03.914		Etude de maturation.xlsx	4	L’impact du projet sur la biodiversité du lieu de son implantation a été étudié avec une méthode rigoureuse. L’étude conclue à un impact négatif du projet sur la biodiversité du lieu e son implantation, toutefois les mesures d’évitement des impacts négatifs ont été identifiées et étudiées. 	\N	693	\N	76	32
78	2025-06-24 10:40:13.839	2025-06-24 11:01:06.643		Etude de maturation.xlsx	4	La documentation du projet démontre sa contribution à la résolution des goulots d’étranglement que subissent une ou plusieurs infrastructures intervenant dans le même domaine dans la région. La contribution du projet permet de résoudre significativement le goulot d’étranglement.	\N	695	\N	78	32
79	2025-06-24 10:40:13.839	2025-06-24 11:01:53.563		Etude de maturation.xlsx	5	La documentation du projet démontre la contribution du projet au désenclavement du territoire dans lequel il est implanté. Le projet permet de connecter une zone rurale à un centre urbain.	\N	696	\N	79	32
57	2025-06-24 09:35:17.397	2025-06-24 11:09:11.936			3	Le projet n’est pas conçu spécifiquement pour opérationnaliser une infrastructure existante mais contribuera à l’optimisation du fonctionnement d’une infrastructure existante ou en cours de réalisation.	\N	694	\N	57	\N
58	2025-06-24 09:35:17.397	2025-06-24 11:09:11.936			2	La documentation du projet démontre sa contribution à la résolution des goulots d’étranglement que subissent une ou plusieurs infrastructures intervenant dans le même domaine dans la région. La contribution du projet permet de soulager le goulot d’étranglement.	\N	695	\N	58	\N
59	2025-06-24 09:35:17.397	2025-06-24 11:09:11.936			3	La documentation du projet démontre la contribution du projet au désenclavement du territoire dans lequel il est implanté. Le projet permettra d’attirer et de faciliter l’implantation d’autres infrastructures dans le territoire enclavé.	\N	696	\N	59	\N
61	2025-06-24 10:40:13.835	2025-06-24 13:12:45.409		Cade logique.xlsx	4	Le cadre logique du projet précise : (i) les résultats attendus, (ii) les objectifs spécifiques et (iii) les objectifs généraux. Pour ces trois éléments, le cadre logique présente des indicateurs objectivement vérifiables. Seules les valeurs cibles des indicateurs ont été identifiées. 	\N	678	\N	61	32
81	2025-07-01 14:17:46.175	2025-07-01 14:17:46.175	commentaire 		5	Le cadre logique du projet précise : (i) les résultats attendus, (ii) les objectifs spécifiques et (iii) les objectifs généraux. Pour ces trois éléments, le cadre logique présente des indicateurs objectivement vérifiables (IOV).  Des valeurs de référence et des valeurs cibles sont définies pour les l’ensemble des indicateurs.	\N	678	\N	81	38
82	2025-07-01 14:17:46.182	2025-07-01 14:17:46.182			4	La documentation du projet présente un chronogramme qui détaille l’ensemble des activités pour chacun des processus du cycle de gestion du projet (préparation, priorisation, programmation budgétaire, contractualisation, mise en œuvre, évaluation). Le planning intègre également des éléments prévisionnels relatif à la passation des marchés prévus pour la réalisation du projet.	\N	679	\N	82	\N
83	2025-07-01 14:17:46.182	2025-07-01 14:17:46.182			5	Le coût total du projet intègre l’ensemble des rubriques (immobilier, mobilier, biens et services, prestations extérieures, études spécifiques, indemnités expropriations, etc.). L’estimation du coût total est déterminée sur la base de méthodes rigoureuses s'appuyant sur des données actualisées (Coûts paramétriques mercuriale des prix, etc.).  Le coût total inclut une provision pour la couverture des risques et dépenses imprévues du projet. Le coût total (dépenses) du projet est ventilé par année. Les charges récurrentes pour l’exploitation de l’ouvrage sont estimées et détaillées par principale rubrique (Biens et services, Rémunération, Entretiens, etc.)	\N	680	\N	83	\N
84	2025-07-01 14:17:46.182	2025-07-01 14:17:46.182			5	L’analyse de risque a porté sur au moins trois des catégories de risque ci-après : risques techniques, risques d’opposition sociale, risques environnementaux, risques institutionnels, risques financiers. Pour les différents risques identifiés, la nature du risque a été précisée.  Une matrice de criticité précise le niveau de probabilité et de gravité pour les risques identifiés. Des mesures de gestion des risques ont été identifiées.	\N	681	\N	84	\N
85	2025-07-01 14:17:46.182	2025-07-01 14:17:46.182			3	En phase de croisière, l’ouvrage génère des recettes d’exploitation couvrant au moins 50 % des charges récurrentes de l’ouvrage	\N	682	\N	85	\N
86	2025-07-01 14:17:46.182	2025-07-01 14:17:46.182			4	Le projet permettra la création d’au moins 240 nouveaux emplois par million DTN investi. 	\N	683	\N	86	\N
87	2025-07-01 14:17:46.182	2025-07-01 14:17:46.182			2	La documentation du projet a identifié les filières impactées par le projet. L’impact est justifié sans être estimé sur la base d’une méthode rigoureuse.	\N	684	\N	87	\N
88	2025-07-01 14:17:46.182	2025-07-01 14:17:46.182			4	Au moins 80 % du coût total du projet sera mis en œuvre par les entreprises nationales.	\N	685	\N	88	\N
89	2025-07-01 14:17:46.182	2025-07-01 14:17:46.182			3	Le projet est implanté dans un ou plusieurs gouvernorats/délégations disposant d’un IDR moyen en dessous de 0,463.	\N	686	\N	89	35
90	2025-07-01 14:17:46.185	2025-07-01 14:17:46.185			5	Le cadre logique du projet précise : (i) les résultats attendus, (ii) les objectifs spécifiques et (iii) les objectifs généraux. Pour ces trois éléments, le cadre logique présente des indicateurs objectivement vérifiables (IOV).  Des valeurs de référence et des valeurs cibles sont définies pour les l’ensemble des indicateurs.	\N	687	\N	90	\N
91	2025-07-01 14:17:46.185	2025-07-01 14:17:46.185			5	La documentation du projet comprend des éléments d’analyse sur l’accessibilité du projet pour les personnes à mobilité réduite. Le projet prévoit des dispositifs pour assurer l’accessibilité aux personnes à mobilité réduite ou, par sa nature, le projet ne nécessite pas de commodités spécifiques d’accessibilité.	\N	688	\N	91	\N
92	2025-07-01 14:17:46.185	2025-07-01 14:17:46.185			5	Une ou plusieurs séances de consultation ont été organisées pendant le processus de préparation du projet au cours desquelles les populations et les parties prenantes du projet ont été invitées à donner leur avis sur le contenu du projet.  La dimension genre a été prise en compte lors des consultations. Ces séances de consultation ont donné lieu à un compte-rendu qui a été largement publié.	\N	689	\N	92	\N
93	2025-07-01 14:17:46.185	2025-07-01 14:17:46.185			5	La documentation du projet a identifié les sources d’émission de gaz à effet de serre dans les phases de construction et d’exploitation. Les émissions ont été estimées avec une méthode rigoureuse. La réduction des gaz à effet de serre constitue la raison d’existence du projet ou ce dernier prévoit des mesures pour réduire significativement ses émissions pendant les phases de construction et d’exploitation. 	\N	690	\N	93	\N
94	2025-07-01 14:17:46.185	2025-07-01 14:17:46.185			2	Le projet nécessite une déclassification de terres agricoles pour une partie de son emprise foncière.	\N	691	\N	94	\N
95	2025-07-01 14:17:46.185	2025-07-01 14:17:46.185			3	Les risques liés au changement climatique ont été identifiés et définis par nature, criticité et gravité. L’impact du changement climatique sur le fonctionnement normal de l’infrastructure a été étudié et estimé avec une méthode rigoureuse.	\N	692	\N	95	\N
96	2025-07-01 14:17:46.185	2025-07-01 14:17:46.185			4	L’impact du projet sur la biodiversité du lieu de son implantation a été étudié avec une méthode rigoureuse. L’étude conclue à un impact négatif du projet sur la biodiversité du lieu e son implantation, toutefois les mesures d’évitement des impacts négatifs ont été identifiées et étudiées. 	\N	693	\N	96	\N
97	2025-07-01 14:17:46.185	2025-07-01 14:17:46.185			5	Le projet est conçu spécifiquement et considéré comme indispensable à l’opérationnalisation d’une infrastructure existante ou en cours de réalisation.	\N	694	\N	97	36
98	2025-07-01 14:17:46.188	2025-07-01 14:17:46.188			5	La documentation du projet démontre sa contribution à la résolution des goulots d’étranglement que subissent une ou plusieurs infrastructures intervenant dans le même domaine dans la région. La contribution du projet permet de résoudre complètement le goulot d’étranglement. 	\N	695	\N	98	\N
99	2025-07-01 14:17:46.188	2025-07-01 14:17:46.188			4	La documentation du projet démontre la contribution du projet au désenclavement du territoire dans lequel il est implanté. Le projet permet de connecter deux ou plusieurs centres urbains. 	\N	696	\N	99	\N
100	2025-07-01 14:17:46.188	2025-07-01 14:17:46.188			5	La documentation du projet démontre que le projet constitue ou comprend une innovation technique, de procédé ou de montage financier. Le projet est conçu comme un projet pilote à généraliser. Le porteur de projet prévoit l’évaluation du projet pilote avant sa généralisation.	\N	697	\N	100	39
\.


--
-- Data for Name: role_access; Type: TABLE DATA; Schema: public; Owner: root
--

COPY public.role_access (id, created_at, updated_at, access_id, role_id) FROM stdin;
462	2025-05-27 10:49:49.017	2025-05-27 10:49:49.017	1	2
463	2025-05-27 10:49:49.019	2025-05-27 10:49:49.019	2	2
464	2025-05-27 10:49:49.019	2025-05-27 10:49:49.019	3	2
465	2025-05-27 10:49:49.02	2025-05-27 10:49:49.02	4	2
466	2025-05-27 10:49:49.021	2025-05-27 10:49:49.021	8	2
467	2025-05-27 10:49:49.022	2025-05-27 10:49:49.022	9	2
468	2025-05-27 10:49:49.022	2025-05-27 10:49:49.022	14	2
469	2025-05-27 10:49:49.023	2025-05-27 10:49:49.023	19	2
470	2025-05-27 10:49:49.024	2025-05-27 10:49:49.024	21	2
471	2025-05-27 10:49:49.025	2025-05-27 10:49:49.025	22	2
472	2025-05-27 10:49:49.025	2025-05-27 10:49:49.025	23	2
473	2025-05-27 10:49:49.026	2025-05-27 10:49:49.026	27	2
474	2025-05-27 10:49:49.027	2025-05-27 10:49:49.027	34	2
475	2025-05-27 10:49:49.028	2025-05-27 10:49:49.028	38	2
476	2025-05-27 10:49:49.029	2025-05-27 10:49:49.029	39	2
477	2025-05-27 10:49:49.03	2025-05-27 10:49:49.03	40	2
478	2025-05-27 10:49:49.031	2025-05-27 10:49:49.031	41	2
479	2025-05-27 10:49:49.031	2025-05-27 10:49:49.031	42	2
480	2025-05-27 10:49:49.032	2025-05-27 10:49:49.032	43	2
419	2025-05-27 10:49:19.502	2025-05-27 10:49:19.502	1	1
420	2025-05-27 10:49:19.504	2025-05-27 10:49:19.504	2	1
421	2025-05-27 10:49:19.505	2025-05-27 10:49:19.505	3	1
422	2025-05-27 10:49:19.506	2025-05-27 10:49:19.506	4	1
423	2025-05-27 10:49:19.507	2025-05-27 10:49:19.507	5	1
424	2025-05-27 10:49:19.507	2025-05-27 10:49:19.507	6	1
425	2025-05-27 10:49:19.508	2025-05-27 10:49:19.508	7	1
426	2025-05-27 10:49:19.509	2025-05-27 10:49:19.509	8	1
427	2025-05-27 10:49:19.51	2025-05-27 10:49:19.51	9	1
428	2025-05-27 10:49:19.51	2025-05-27 10:49:19.51	10	1
429	2025-05-27 10:49:19.511	2025-05-27 10:49:19.511	11	1
430	2025-05-27 10:49:19.511	2025-05-27 10:49:19.511	12	1
431	2025-05-27 10:49:19.512	2025-05-27 10:49:19.512	13	1
432	2025-05-27 10:49:19.513	2025-05-27 10:49:19.513	14	1
433	2025-05-27 10:49:19.513	2025-05-27 10:49:19.513	15	1
434	2025-05-27 10:49:19.514	2025-05-27 10:49:19.514	16	1
90	2025-04-28 03:16:46.658	2025-04-28 03:16:46.658	5	6
91	2025-04-28 03:16:46.662	2025-04-28 03:16:46.662	6	6
92	2025-04-28 03:16:46.665	2025-04-28 03:16:46.665	7	6
93	2025-04-28 03:16:46.668	2025-04-28 03:16:46.668	8	6
94	2025-04-28 03:16:46.671	2025-04-28 03:16:46.671	9	6
95	2025-04-28 03:16:46.673	2025-04-28 03:16:46.673	10	6
96	2025-04-28 03:16:46.675	2025-04-28 03:16:46.675	27	6
97	2025-04-28 03:16:46.678	2025-04-28 03:16:46.678	34	6
98	2025-04-28 03:17:49.053	2025-04-28 03:17:49.053	8	7
99	2025-04-28 03:17:49.056	2025-04-28 03:17:49.056	14	7
100	2025-04-28 03:17:49.058	2025-04-28 03:17:49.058	19	7
101	2025-04-28 03:17:49.06	2025-04-28 03:17:49.06	27	7
102	2025-04-28 03:17:49.063	2025-04-28 03:17:49.063	34	7
435	2025-05-27 10:49:19.515	2025-05-27 10:49:19.515	17	1
436	2025-05-27 10:49:19.516	2025-05-27 10:49:19.516	18	1
437	2025-05-27 10:49:19.516	2025-05-27 10:49:19.516	19	1
438	2025-05-27 10:49:19.517	2025-05-27 10:49:19.517	20	1
439	2025-05-27 10:49:19.518	2025-05-27 10:49:19.518	21	1
440	2025-05-27 10:49:19.519	2025-05-27 10:49:19.519	22	1
441	2025-05-27 10:49:19.52	2025-05-27 10:49:19.52	23	1
504	2025-06-27 09:20:09.21	2025-06-27 09:20:09.21	1	4
505	2025-06-27 09:20:09.211	2025-06-27 09:20:09.211	2	4
506	2025-06-27 09:20:09.212	2025-06-27 09:20:09.212	3	4
507	2025-06-27 09:20:09.212	2025-06-27 09:20:09.212	4	4
508	2025-06-27 09:20:09.213	2025-06-27 09:20:09.213	5	4
509	2025-06-27 09:20:09.213	2025-06-27 09:20:09.213	6	4
510	2025-06-27 09:20:09.214	2025-06-27 09:20:09.214	7	4
511	2025-06-27 09:20:09.215	2025-06-27 09:20:09.215	8	4
512	2025-06-27 09:20:09.215	2025-06-27 09:20:09.215	9	4
513	2025-06-27 09:20:09.215	2025-06-27 09:20:09.215	10	4
514	2025-06-27 09:20:09.216	2025-06-27 09:20:09.216	25	4
515	2025-06-27 09:20:09.216	2025-06-27 09:20:09.216	26	4
516	2025-06-27 09:20:09.217	2025-06-27 09:20:09.217	27	4
517	2025-06-27 09:20:09.217	2025-06-27 09:20:09.217	28	4
518	2025-06-27 09:20:09.218	2025-06-27 09:20:09.218	29	4
519	2025-06-27 09:20:09.218	2025-06-27 09:20:09.218	30	4
520	2025-06-27 09:20:09.219	2025-06-27 09:20:09.219	31	4
521	2025-06-27 09:20:09.219	2025-06-27 09:20:09.219	34	4
522	2025-06-27 09:20:09.22	2025-06-27 09:20:09.22	38	4
523	2025-06-27 09:20:09.22	2025-06-27 09:20:09.22	39	4
524	2025-06-27 09:20:09.221	2025-06-27 09:20:09.221	40	4
525	2025-06-27 09:20:09.221	2025-06-27 09:20:09.221	41	4
526	2025-06-27 09:20:09.222	2025-06-27 09:20:09.222	42	4
442	2025-05-27 10:49:19.52	2025-05-27 10:49:19.52	24	1
443	2025-05-27 10:49:19.521	2025-05-27 10:49:19.521	25	1
444	2025-05-27 10:49:19.522	2025-05-27 10:49:19.522	26	1
445	2025-05-27 10:49:19.523	2025-05-27 10:49:19.523	27	1
446	2025-05-27 10:49:19.523	2025-05-27 10:49:19.523	28	1
447	2025-05-27 10:49:19.524	2025-05-27 10:49:19.524	29	1
448	2025-05-27 10:49:19.525	2025-05-27 10:49:19.525	30	1
449	2025-05-27 10:49:19.526	2025-05-27 10:49:19.526	31	1
450	2025-05-27 10:49:19.526	2025-05-27 10:49:19.526	32	1
451	2025-05-27 10:49:19.527	2025-05-27 10:49:19.527	33	1
452	2025-05-27 10:49:19.528	2025-05-27 10:49:19.528	34	1
453	2025-05-27 10:49:19.528	2025-05-27 10:49:19.528	35	1
454	2025-05-27 10:49:19.529	2025-05-27 10:49:19.529	36	1
455	2025-05-27 10:49:19.53	2025-05-27 10:49:19.53	37	1
456	2025-05-27 10:49:19.531	2025-05-27 10:49:19.531	38	1
457	2025-05-27 10:49:19.531	2025-05-27 10:49:19.531	39	1
458	2025-05-27 10:49:19.532	2025-05-27 10:49:19.532	40	1
459	2025-05-27 10:49:19.533	2025-05-27 10:49:19.533	41	1
460	2025-05-27 10:49:19.533	2025-05-27 10:49:19.533	42	1
461	2025-05-27 10:49:19.534	2025-05-27 10:49:19.534	43	1
409	2025-05-27 10:21:58.598	2025-05-27 10:21:58.598	8	3
410	2025-05-27 10:21:58.599	2025-05-27 10:21:58.599	14	3
411	2025-05-27 10:21:58.6	2025-05-27 10:21:58.6	19	3
412	2025-05-27 10:21:58.601	2025-05-27 10:21:58.601	25	3
413	2025-05-27 10:21:58.602	2025-05-27 10:21:58.602	26	3
414	2025-05-27 10:21:58.603	2025-05-27 10:21:58.603	27	3
415	2025-05-27 10:21:58.604	2025-05-27 10:21:58.604	32	3
416	2025-05-27 10:21:58.605	2025-05-27 10:21:58.605	33	3
417	2025-05-27 10:21:58.606	2025-05-27 10:21:58.606	34	3
418	2025-05-27 10:21:58.607	2025-05-27 10:21:58.607	35	3
487	2025-06-04 10:07:12.136	2025-06-04 10:07:12.136	5	5
488	2025-06-04 10:07:12.138	2025-06-04 10:07:12.138	6	5
489	2025-06-04 10:07:12.139	2025-06-04 10:07:12.139	7	5
490	2025-06-04 10:07:12.14	2025-06-04 10:07:12.14	8	5
491	2025-06-04 10:07:12.142	2025-06-04 10:07:12.142	9	5
492	2025-06-04 10:07:12.144	2025-06-04 10:07:12.144	10	5
493	2025-06-04 10:07:12.145	2025-06-04 10:07:12.145	25	5
494	2025-06-04 10:07:12.146	2025-06-04 10:07:12.146	27	5
495	2025-06-04 10:07:12.147	2025-06-04 10:07:12.147	28	5
496	2025-06-04 10:07:12.147	2025-06-04 10:07:12.147	29	5
497	2025-06-04 10:07:12.148	2025-06-04 10:07:12.148	30	5
527	2025-06-27 09:23:46.545	2025-06-27 09:23:46.545	14	9
528	2025-06-27 09:23:46.546	2025-06-27 09:23:46.546	25	9
529	2025-06-27 09:23:46.547	2025-06-27 09:23:46.547	27	9
530	2025-06-27 09:23:46.548	2025-06-27 09:23:46.548	32	9
531	2025-06-27 09:23:46.549	2025-06-27 09:23:46.549	34	9
532	2025-06-27 09:23:46.55	2025-06-27 09:23:46.55	35	9
533	2025-06-27 09:23:46.551	2025-06-27 09:23:46.551	36	9
534	2025-07-01 13:34:25.185	2025-07-01 13:34:25.185	1	8
535	2025-07-01 13:34:25.228	2025-07-01 13:34:25.228	2	8
536	2025-07-01 13:34:25.235	2025-07-01 13:34:25.235	3	8
537	2025-07-01 13:34:25.239	2025-07-01 13:34:25.239	4	8
538	2025-07-01 13:34:25.246	2025-07-01 13:34:25.246	5	8
539	2025-07-01 13:34:25.252	2025-07-01 13:34:25.252	6	8
540	2025-07-01 13:34:25.256	2025-07-01 13:34:25.256	7	8
541	2025-07-01 13:34:25.26	2025-07-01 13:34:25.26	8	8
542	2025-07-01 13:34:25.264	2025-07-01 13:34:25.264	9	8
543	2025-07-01 13:34:25.27	2025-07-01 13:34:25.27	10	8
544	2025-07-01 13:34:25.273	2025-07-01 13:34:25.273	11	8
545	2025-07-01 13:34:25.278	2025-07-01 13:34:25.278	12	8
546	2025-07-01 13:34:25.282	2025-07-01 13:34:25.282	13	8
547	2025-07-01 13:34:25.285	2025-07-01 13:34:25.285	14	8
548	2025-07-01 13:34:25.288	2025-07-01 13:34:25.288	15	8
549	2025-07-01 13:34:25.294	2025-07-01 13:34:25.294	16	8
550	2025-07-01 13:34:25.298	2025-07-01 13:34:25.298	17	8
551	2025-07-01 13:34:25.301	2025-07-01 13:34:25.301	18	8
552	2025-07-01 13:34:25.305	2025-07-01 13:34:25.305	19	8
553	2025-07-01 13:34:25.308	2025-07-01 13:34:25.308	20	8
554	2025-07-01 13:34:25.315	2025-07-01 13:34:25.315	21	8
555	2025-07-01 13:34:25.318	2025-07-01 13:34:25.318	22	8
556	2025-07-01 13:34:25.321	2025-07-01 13:34:25.321	23	8
557	2025-07-01 13:34:25.324	2025-07-01 13:34:25.324	24	8
558	2025-07-01 13:34:25.329	2025-07-01 13:34:25.329	25	8
559	2025-07-01 13:34:25.334	2025-07-01 13:34:25.334	26	8
560	2025-07-01 13:34:25.337	2025-07-01 13:34:25.337	27	8
561	2025-07-01 13:34:25.341	2025-07-01 13:34:25.341	28	8
562	2025-07-01 13:34:25.347	2025-07-01 13:34:25.347	29	8
563	2025-07-01 13:34:25.35	2025-07-01 13:34:25.35	30	8
564	2025-07-01 13:34:25.355	2025-07-01 13:34:25.355	31	8
565	2025-07-01 13:34:25.36	2025-07-01 13:34:25.36	32	8
566	2025-07-01 13:34:25.363	2025-07-01 13:34:25.363	33	8
567	2025-07-01 13:34:25.369	2025-07-01 13:34:25.369	34	8
568	2025-07-01 13:34:25.372	2025-07-01 13:34:25.372	35	8
569	2025-07-01 13:34:25.375	2025-07-01 13:34:25.375	36	8
570	2025-07-01 13:34:25.38	2025-07-01 13:34:25.38	37	8
571	2025-07-01 13:34:25.385	2025-07-01 13:34:25.385	38	8
572	2025-07-01 13:34:25.389	2025-07-01 13:34:25.389	39	8
573	2025-07-01 13:34:25.395	2025-07-01 13:34:25.395	40	8
574	2025-07-01 13:34:25.398	2025-07-01 13:34:25.398	41	8
575	2025-07-01 13:34:25.401	2025-07-01 13:34:25.401	42	8
576	2025-07-01 13:34:25.405	2025-07-01 13:34:25.405	43	8
\.


--
-- Data for Name: role_assignable_roles; Type: TABLE DATA; Schema: public; Owner: root
--

COPY public.role_assignable_roles (id, created_at, updated_at, assignable_role_id, role_id) FROM stdin;
81	2025-05-27 10:21:58.683	2025-05-27 10:21:58.683	9	3
82	2025-05-27 10:49:19.736	2025-05-27 10:49:19.736	2	1
83	2025-05-27 10:49:19.737	2025-05-27 10:49:19.737	5	1
84	2025-05-27 10:49:19.738	2025-05-27 10:49:19.738	6	1
85	2025-05-27 10:49:19.74	2025-05-27 10:49:19.74	7	1
86	2025-05-27 10:49:19.741	2025-05-27 10:49:19.741	4	1
87	2025-05-27 10:49:19.741	2025-05-27 10:49:19.741	3	1
88	2025-05-27 10:49:49.165	2025-05-27 10:49:49.165	4	2
89	2025-05-27 10:49:49.166	2025-05-27 10:49:49.166	5	2
90	2025-05-27 10:49:49.168	2025-05-27 10:49:49.168	3	2
91	2025-06-27 09:20:09.355	2025-06-27 09:20:09.355	5	4
92	2025-06-27 09:20:09.36	2025-06-27 09:20:09.36	6	4
93	2025-07-01 13:34:25.504	2025-07-01 13:34:25.504	1	8
\.


--
-- Data for Name: role_permission; Type: TABLE DATA; Schema: public; Owner: root
--

COPY public.role_permission (id, created_at, updated_at, permission_id, role_id) FROM stdin;
\.


--
-- Data for Name: roles; Type: TABLE DATA; Schema: public; Owner: root
--

COPY public.roles (id, created_at, updated_at, description, is_active, name, created_by) FROM stdin;
2	2025-04-28 03:01:57.213	2025-04-28 03:01:57.213	administrateur	t	administrateur	\N
5	2025-04-28 03:02:21.716	2025-04-28 03:02:21.716	evaluateur sectoriel	t	evaluateur sectoriel	\N
6	2025-04-28 03:02:29.972	2025-04-28 03:02:29.972	chef de projet 	t	chef de projet	\N
1	2025-04-23 20:07:50.605	2025-05-06 06:55:09.17	superadmin	t	superadmin	\N
9	2025-05-27 09:50:51.402	2025-05-27 09:54:55.506	\N	f	evaluateur centrale	\N
8	2025-05-06 11:35:38.317	2025-05-27 09:57:53.26	dev	f	dev	\N
7	2025-04-28 03:02:36.82	2025-05-27 09:58:07.098	ministere des finances	f	ministere des finances	\N
3	2025-04-28 03:02:08.575	2025-06-25 11:05:54.327	evaluateur central	t	Evaluateur central	\N
4	2025-04-28 03:02:15.843	2025-06-27 09:18:54.663	point focal sectoriel	t	point focal sectoriel	\N
\.


--
-- Data for Name: rubrique; Type: TABLE DATA; Schema: public; Owner: root
--

COPY public.rubrique (id, created_at, updated_at, amount, name, project_plan_id) FROM stdin;
2	2025-04-24 12:06:00.762	2025-04-24 12:06:00.762	300000	rub1	2
3	2025-04-24 12:06:00.762	2025-04-24 12:06:00.762	300000	rub2 	2
10	2025-04-25 17:46:53.523	2025-04-25 17:46:53.523	\N		3
14	2025-06-24 10:23:56.677	2025-06-24 10:23:56.677	\N		7
31	2025-06-24 13:39:43.091	2025-06-24 13:39:43.091	\N		8
32	2025-07-01 14:10:26.837	2025-07-01 14:10:26.837	50000	rub 1	11
\.


--
-- Data for Name: secteur; Type: TABLE DATA; Schema: public; Owner: root
--

COPY public.secteur (id, created_at, updated_at, code, description, title, nomenclature_id) FROM stdin;
1	2025-05-20 08:35:43.345	2025-05-20 08:35:43.345	sec	cac	sec22	1
2	2025-05-20 08:35:43.354	2025-05-20 08:35:43.354	sec33	asc	sec33	1
3	2025-05-20 08:35:43.358	2025-05-20 08:35:43.358	autres	autres	autres	1
\.


--
-- Data for Name: secteur_bonus; Type: TABLE DATA; Schema: public; Owner: root
--

COPY public.secteur_bonus (id, created_at, updated_at, bonus_percentage, comment, classification_id, secteur_id) FROM stdin;
1	2025-07-01 14:22:26.138	2025-07-01 14:22:26.138	30		1	1
2	2025-07-01 14:22:26.139	2025-07-01 14:22:26.139	20		1	2
3	2025-07-01 14:22:26.139	2025-07-01 14:22:26.139	10		1	3
\.


--
-- Data for Name: secteur_minister; Type: TABLE DATA; Schema: public; Owner: root
--

COPY public.secteur_minister (secteur_id, minister_id) FROM stdin;
1	26
1	29
1	27
1	28
2	32
2	33
2	31
2	30
3	36
3	37
3	35
3	34
\.


--
-- Data for Name: sector; Type: TABLE DATA; Schema: public; Owner: root
--

COPY public.sector (id, created_at, updated_at, code, description, is_active, name) FROM stdin;
1	2025-03-06 08:08:24.171	2025-03-06 08:08:24.171	sc3	test 	t	sec
\.


--
-- Data for Name: stakeholder; Type: TABLE DATA; Schema: public; Owner: root
--

COPY public.stakeholder (id, created_at, updated_at, description, name, type, project_zone_id) FROM stdin;
3	2025-04-24 12:04:36.075	2025-04-24 12:04:36.075	demo	demo	Services de l'administration centrale 	2
4	2025-04-24 12:04:36.075	2025-04-24 12:04:36.075	demo	demo	Services de l'administration centrale 	2
5	2025-04-25 04:38:40.939	2025-04-25 04:38:40.939	fds	fsd	Maître d'oeuvre	3
6	2025-04-25 04:38:40.939	2025-04-25 04:38:40.939	fsd	rez	Services de l'administration centrale 	3
7	2025-04-25 04:45:56.457	2025-04-25 04:45:56.457	fzsdf	feszr	Assistance à maitrise d'œuvre 	4
8	2025-04-25 04:50:41.638	2025-04-25 04:50:41.638	reds	ezer	Assistance à maitrise d'œuvre 	5
9	2025-04-25 04:50:41.638	2025-04-25 04:50:41.638	fsdf	fsd	Assistance à maitrise d'œuvre 	5
16	2025-06-12 14:11:49.738	2025-06-12 14:11:49.738				9
43	2025-06-24 11:39:32.99	2025-06-24 11:39:32.99		Entreprises des travaux privés	Opérateur/Prestataire de travaux	22
44	2025-06-24 11:39:32.991	2025-06-24 11:39:32.991		les institutions de recherche et d'enseignement supérieur	Opérateur/Prestataire de service 	22
45	2025-06-24 11:39:32.991	2025-06-24 11:39:32.991	Bailleurs de fonds	BAD	Bailleur	22
46	2025-06-24 11:39:32.991	2025-06-24 11:39:32.991		Bénéficiaires		22
59	2025-06-24 13:38:35.349	2025-06-24 13:38:35.349		L'Unité de modernisation des établissements scolaires	Assistance à maitrise d'œuvre 	27
60	2025-06-24 13:38:35.349	2025-06-24 13:38:35.349		Direction générale des bâtiments et de l'équipement	Assistance à maîtrise d'ouvrage	27
61	2025-06-24 13:38:35.349	2025-06-24 13:38:35.349		La Banque européenne d'investissement	Bailleur	27
62	2025-06-27 09:38:45.33	2025-06-27 09:38:45.33		Direction régionale de la sante	Service de l'administration déconcentrée	28
63	2025-06-27 09:38:45.33	2025-06-27 09:38:45.33		Direction régionale de l'équipement	Assistance à maitrise d'œuvre 	28
64	2025-06-27 09:38:45.33	2025-06-27 09:38:45.33		Gouvernorat	Maître d'oeuvre	28
65	2025-06-27 09:38:45.33	2025-06-27 09:38:45.33		Direction des batiments	Services de l'administration centrale 	28
67	2025-06-30 14:31:03.934	2025-06-30 14:31:03.934	gestionnaire  de la zone industrielle	agence foncière industrielle	Maître d'oeuvre	30
68	2025-07-01 13:57:54.144	2025-07-01 13:57:54.144	sonede siege	sonede	Autorité de contrôle/certification 	31
\.


--
-- Data for Name: strategy; Type: TABLE DATA; Schema: public; Owner: root
--

COPY public.strategy (id, created_at, updated_at, code, description, is_active, name) FROM stdin;
\.


--
-- Data for Name: strategy_axis; Type: TABLE DATA; Schema: public; Owner: root
--

COPY public.strategy_axis (id, created_at, updated_at, code, description, is_active, name, strategy_id) FROM stdin;
\.


--
-- Data for Name: study; Type: TABLE DATA; Schema: public; Owner: root
--

COPY public.study (id, created_at, updated_at, description, is_active, name, realisation_date, state) FROM stdin;
1	2025-03-06 07:03:36.947	2025-03-06 07:03:36.947	Etudes de faisabilité 	t	Etudes de faisabilité 	\N	\N
2	2025-03-06 07:03:36.951	2025-03-06 07:03:36.951	Evaluation socio-économique 	t	Evaluation socio-économique 	\N	\N
4	2025-03-06 07:03:36.951	2025-03-06 07:03:36.951	Analyse financière	t	Analyse financière	\N	\N
7	2025-03-06 07:03:36.956	2025-03-06 07:03:36.956	Etude d'impact environnemental 	t	Etude d'impact environnemental 	\N	\N
8	2025-03-06 07:03:36.957	2025-03-06 07:03:36.957	Etudes de terrain géodésiques	t	Etudes de terrain géodésiques	\N	\N
9	2025-03-06 07:09:07.11	2025-03-06 07:09:07.11	Autre	t	Autre	\N	\N
10	2025-03-06 07:09:20.565	2025-03-06 07:09:20.565	Autre	t	Autre	\N	\N
3	2025-03-06 07:03:36.951	2025-03-06 08:12:01.04	Etudes de préfaisabilité 	t	Etudes de préfaisabilité	\N	\N
5	2025-03-06 07:03:36.953	2025-03-06 08:12:05.146	Contre-expertise 	t	Contre-expertise 	\N	\N
6	2025-03-06 07:03:36.954	2025-03-06 08:12:08.534	EZF	t	EZF	\N	\N
\.


--
-- Data for Name: study_for_project; Type: TABLE DATA; Schema: public; Owner: root
--

COPY public.study_for_project (id, created_at, updated_at, description, name, realisation_date, state, project_study_id) FROM stdin;
9	2025-04-24 12:07:07.151	2025-04-24 12:07:07.151	Etudes de faisabilité 	Etudes de faisabilité 	2024-03-03	réalisée	2
10	2025-04-24 12:07:07.151	2025-04-24 12:07:07.151	Evaluation socio-économique 	Evaluation socio-économique 	\N	non-réalisée	2
11	2025-04-24 12:07:07.151	2025-04-24 12:07:07.151	Etudes de terrain géodésiques	Etudes de terrain géodésiques	2024-02-02	réalisée	2
12	2025-04-25 04:52:32.51	2025-04-25 04:52:32.51	Etudes de faisabilité 	Etudes de faisabilité 	2025-02-02	réalisée	3
13	2025-06-05 11:14:41.883	2025-06-05 11:14:41.883	njhyguihyio	fgjyuipoi	\N	non-réalisée	4
26	2025-06-13 12:45:44.472	2025-06-13 12:45:44.472	Etudes de faisabilité 	Etudes de faisabilité 	2025-01-01	en cours de réalisation	5
27	2025-06-13 12:45:44.472	2025-06-13 12:45:44.472	Evaluation socio-économique 	Evaluation socio-économique 	2025-03-01	en cours de réalisation	5
28	2025-06-13 12:45:44.472	2025-06-13 12:45:44.472	Analyse financière	Analyse financière	\N		5
29	2025-06-13 12:45:44.472	2025-06-13 12:45:44.472	Etude d'impact environnemental 	Etude d'impact environnemental 	\N		5
30	2025-06-13 12:45:44.472	2025-06-13 12:45:44.472	Etudes de terrain géodésiques	Etudes de terrain géodésiques	\N		5
31	2025-06-13 12:45:44.472	2025-06-13 12:45:44.472	Contre-expertise 	Contre-expertise 	\N		5
32	2025-06-24 10:19:28.841	2025-06-24 10:19:28.841		Etude de maturation	2025-07-31	en cours de réalisation	6
33	2025-06-30 14:47:05.733	2025-06-30 14:47:05.733	Etudes de faisabilité 	Etudes de faisabilité 	\N	non-réalisée	7
34	2025-06-30 14:47:05.733	2025-06-30 14:47:05.733	Evaluation socio-économique 	Evaluation socio-économique 	\N	en cours de réalisation	7
35	2025-07-01 14:11:49.603	2025-07-01 14:11:49.603	Etudes de faisabilité 	Etudes de faisabilité 	\N	non-réalisée	8
36	2025-07-01 14:11:49.603	2025-07-01 14:11:49.603	Evaluation socio-économique 	Evaluation socio-économique 	\N	actualisée	8
37	2025-07-01 14:11:49.603	2025-07-01 14:11:49.603	Analyse financière	Analyse financière	\N	actualisée	8
38	2025-07-01 14:11:49.603	2025-07-01 14:11:49.603	Etude d'impact environnemental 	Etude d'impact environnemental 	\N	non-réalisée	8
39	2025-07-01 14:11:49.603	2025-07-01 14:11:49.603	Etudes de terrain géodésiques	Etudes de terrain géodésiques	\N		8
40	2025-07-01 14:11:49.603	2025-07-01 14:11:49.603	Autre	Autre	\N		8
41	2025-07-01 14:11:49.603	2025-07-01 14:11:49.603	Autre	Autre	\N		8
42	2025-07-01 14:11:49.603	2025-07-01 14:11:49.603	Etudes de préfaisabilité 	Etudes de préfaisabilité	\N		8
43	2025-07-01 14:11:49.603	2025-07-01 14:11:49.603	Contre-expertise 	Contre-expertise 	\N		8
44	2025-07-01 14:11:49.603	2025-07-01 14:11:49.603	EZF	EZF	\N		8
\.


--
-- Data for Name: study_satate; Type: TABLE DATA; Schema: public; Owner: root
--

COPY public.study_satate (id, created_at, updated_at, code, description, is_active, name) FROM stdin;
\.


--
-- Data for Name: typologies; Type: TABLE DATA; Schema: public; Owner: root
--

COPY public.typologies (id, created_at, updated_at, code, description, is_active, name) FROM stdin;
1	2025-03-06 07:43:05.198	2025-03-06 07:43:05.198	TI8	Autre type d'intervention	t	Autres
2	2025-03-06 07:43:05.199	2025-03-06 07:43:05.199	TI5	L’acquisition correspond à l'achat d'équipements, de biens ou de terrains nécessaires à la mise en œuvre d’un projet d'investissement.	t	Acquisition
3	2025-03-06 07:43:05.2	2025-03-06 07:43:05.2	TI6	Projets visant à introduire de nouvelles technologies, méthodes, ou à réaliser des recherches permettant de développer des solutions innovantes pour des secteurs stratégiques.	t	Innovation et recherche-développement
4	2025-03-06 07:43:05.2	2025-03-06 07:43:05.2	TI1	La construction consiste à créer de nouvelles infrastructures ou équipements à partir de zéro. Elle vise à combler un besoin qui n'était pas satisfait.	t	Construction
5	2025-03-06 07:43:05.201	2025-03-06 07:43:05.201	TI2	La réhabilitation vise à remettre en état ou restaurer des infrastructures existantes qui sont en mauvais état. Elle n’ajoute pas de nouvelles capacités, mais redonne à l’ouvrage sa fonctionnalité d’origine.	t	Réhabilitation
6	2025-03-06 07:43:05.2	2025-03-06 07:43:05.2	TI3	L'extension consiste à agrandir des infrastructures existantes afin d’augmenter leur capacité ou leur couverture géographique.	t	Extension
7	2025-03-06 07:43:05.198	2025-03-06 07:43:05.198	TI4	La modernisation a pour objectif de mettre à niveau des infrastructures existantes en intégrant des technologies modernes ou en améliorant l'efficacité.	t	Modernisation
8	2025-03-06 07:43:05.201	2025-03-06 07:43:05.201	TI7	Projets ayant pour objectif de réorganiser les infrastructures ou les services existants pour une utilisation plus optimale.	t	Restructuration
\.


--
-- Data for Name: user_reference_ministries; Type: TABLE DATA; Schema: public; Owner: root
--

COPY public.user_reference_ministries (user_id, minister_id) FROM stdin;
\.


--
-- Data for Name: user_roles; Type: TABLE DATA; Schema: public; Owner: root
--

COPY public.user_roles (id, created_at, updated_at, role_id, user_id) FROM stdin;
1	2025-04-23 20:08:08.096	2025-04-23 20:08:08.096	1	1
2	2025-04-28 03:24:08.327	2025-04-28 03:24:08.327	2	2
3	2025-04-28 03:24:14.869	2025-04-28 03:24:14.869	3	3
5	2025-04-28 03:24:33.739	2025-04-28 03:24:33.739	6	6
6	2025-04-28 03:24:40.57	2025-04-28 03:24:40.57	7	7
7	2025-05-06 11:36:16.501	2025-05-06 11:36:16.501	8	8
8	2025-05-22 07:11:00.197	2025-05-22 07:11:00.197	4	12
10	2025-05-22 10:41:06.392	2025-05-22 10:41:06.392	2	14
16	2025-05-27 10:47:26.5	2025-05-27 10:47:26.5	3	22
17	2025-05-27 10:52:02.736	2025-05-27 10:52:02.736	3	23
24	2025-05-28 07:42:36.45	2025-05-28 07:42:36.45	3	30
25	2025-05-28 07:46:18.569	2025-05-28 07:46:18.569	3	31
26	2025-05-28 07:47:17.615	2025-05-28 07:47:17.615	3	32
27	2025-05-28 07:48:17.865	2025-05-28 07:48:17.865	3	33
28	2025-05-28 07:49:30.64	2025-05-28 07:49:30.64	3	34
29	2025-05-28 07:50:47.141	2025-05-28 07:50:47.141	3	35
30	2025-05-28 07:51:48.453	2025-05-28 07:51:48.453	3	36
31	2025-05-28 07:52:59.19	2025-05-28 07:52:59.19	3	37
32	2025-05-28 07:54:02.02	2025-05-28 07:54:02.02	3	38
33	2025-05-28 07:55:00.174	2025-05-28 07:55:00.174	3	39
34	2025-05-28 07:56:31.022	2025-05-28 07:56:31.022	3	40
35	2025-05-28 07:57:42.307	2025-05-28 07:57:42.307	3	41
36	2025-05-28 07:59:00.453	2025-05-28 07:59:00.453	3	42
37	2025-05-28 08:00:07.604	2025-05-28 08:00:07.604	3	43
38	2025-05-28 08:01:14.159	2025-05-28 08:01:14.159	3	44
39	2025-05-28 08:02:07.58	2025-05-28 08:02:07.58	3	45
40	2025-05-28 08:03:13.817	2025-05-28 08:03:13.817	3	47
41	2025-05-28 08:05:23.683	2025-05-28 08:05:23.683	3	48
42	2025-05-28 08:06:34.88	2025-05-28 08:06:34.88	3	49
43	2025-05-28 08:07:32.773	2025-05-28 08:07:32.773	3	51
44	2025-05-28 08:08:29.588	2025-05-28 08:08:29.588	3	52
45	2025-05-28 08:09:16.711	2025-05-28 08:09:16.711	3	54
21	2025-05-28 07:30:23.25	2025-06-03 08:22:33.359	4	5
11	2025-05-27 09:49:56.976	2025-06-03 08:22:57.112	4	5
58	2025-06-27 08:44:29.265	2025-06-27 08:44:29.265	4	62
55	2025-05-28 09:35:42.753	2025-06-27 08:48:43.583	4	61
56	2025-06-04 11:01:27.047	2025-06-27 09:04:46.689	4	15
57	2025-06-04 11:03:54.792	2025-06-27 09:05:35.108	4	27
12	2025-05-27 10:16:02.893	2025-06-27 09:06:22.846	4	16
15	2025-05-27 10:29:44.987	2025-06-27 09:06:47.249	4	21
19	2025-05-28 06:46:01.729	2025-06-27 09:07:08.91	4	24
18	2025-05-28 06:44:41.018	2025-06-27 09:07:26.565	4	24
22	2025-05-28 07:34:25.493	2025-06-27 09:07:51.147	4	26
20	2025-05-28 07:29:03.371	2025-06-27 09:08:23.84	4	60
9	2025-05-22 07:19:11.075	2025-06-27 09:09:12.105	4	26
54	2025-05-28 09:35:03.496	2025-06-27 09:10:06.336	4	60
53	2025-05-28 09:34:04.26	2025-06-27 09:11:22.33	4	28
51	2025-05-28 09:32:43.279	2025-06-27 09:12:10.24	4	17
49	2025-05-28 09:31:17.772	2025-06-27 09:12:39.468	4	24
23	2025-05-28 07:37:48.416	2025-06-27 09:13:04.761	4	21
4	2025-04-28 03:24:20.914	2025-06-27 09:13:39.576	4	18
13	2025-05-27 10:17:41.843	2025-06-27 09:14:21.999	4	18
14	2025-05-27 10:21:42.482	2025-06-27 09:14:50.262	4	19
46	2025-05-28 09:28:15.276	2025-06-27 09:15:16.301	4	16
47	2025-05-28 09:28:44.201	2025-06-27 09:15:33.737	4	21
48	2025-05-28 09:30:39.497	2025-06-27 09:16:45.213	4	53
50	2025-05-28 09:32:05.211	2025-06-27 09:17:16.357	4	56
52	2025-05-28 09:33:26.541	2025-06-27 09:17:39.477	4	58
59	2025-06-27 13:25:09.904	2025-06-27 13:25:09.904	4	25
\.


--
-- Data for Name: users; Type: TABLE DATA; Schema: public; Owner: root
--

COPY public.users (id, created_at, updated_at, account_non_locked, credentials_non_expired, email, enabled, firstname, is_account_non_expired, lastname, password, username, ministry_access_type, ministry_id) FROM stdin;
5	2025-04-28 03:22:54.586	2025-04-28 03:22:54.586	t	t	evaluateur_sectoriel@tartib.com	t	evaluateur	t	sectoriel	$2a$10$7rzcuqsTi5T9qaSTQwjT5uzaIz4lIyf.RpSK.3K4b5CIs4vpcYpZa	evaluateur_sectoriel	\N	\N
6	2025-04-28 03:23:28.992	2025-04-28 03:23:28.992	t	t	chef_projet@tartib.com	t	chef projet 	t	chef projet	$2a$10$LEGG9FCgcne4sChBptmKRu7AIAN27C4xNe2El/vsKvNE0TKWARf8i	chef_projet	\N	\N
30	2025-05-28 07:38:34.827	2025-05-28 07:38:34.827	t	t	mbarka.taleb@mdci.gov.tn	t	Mbraka	t	Taleb	$2a$10$41Pyios7WWvWaTY09piQLuq2HArc8nhbzbQOgKXE8vRpuulBbW2IC	Mbraka.Taleb	\N	\N
7	2025-04-28 03:23:58.495	2025-05-05 08:33:19.82	t	t	minfin@tartib.com	t	ministere des finances	t	ministere des finances	$2a$10$8PRedmSvS0F/npNr/uB7xezHASnKhEQ1Bu.osJMiuoOMiKVWrVRju	minfin	\N	\N
23	2025-05-27 10:51:30.487	2025-05-28 07:44:57.895	t	t	essia.belkefi@mdci.gov.tn	t	Essya	t	BELKEFI	$2a$10$1jtcUKErZO7YB90irJlg7OBmUHMFXhj92fcRWpsevcKhPcrzMgL.u	Essya.Belkafi	\N	\N
4	2025-04-28 03:22:18.95	2025-05-05 09:05:43.339	t	t	point_focal@tartib.com	t	point focal 	t	sectoriel	$2a$10$w6nf1Lnr85BCfjc2l743iOqnWvmL0rMngR/cNFK9sWoYFquAyT9M6	point_focal	\N	\N
3	2025-04-28 03:21:43.948	2025-05-05 09:06:40.823	t	t	evaluateur_centrale@tartib.com	t	evaluateur	t	central	$2a$10$mc5lJP9sXBYgLnVfvz7G9er/rJQVWN.PVSKTRo2j5XqERmZWmIUju	evaluateur_central	\N	\N
1	2025-04-23 20:07:56.775	2025-05-06 06:56:05.226	t	t	superadmin@gmail.com	t	superadmin	t	admin	$2a$10$Ruwni4/OgUs0Wqb68IVrKupAaBO92HUU214CyA8B6OxVKSdtquxQO	superadmin	\N	\N
31	2025-05-28 07:46:02.07	2025-05-28 07:46:02.07	t	t	akram.barbouch@mdici.gov.tn	t	Akram	t	Barbouch	$2a$10$MARQdw9db8lmKaFjSHW1ReFj886i2K8oGs4hbgGxwtzIZ3cGUWUY6	Akram.Barbouch	\N	\N
32	2025-05-28 07:47:03.229	2025-05-28 07:47:03.229	t	t	faical.mansri@mdici.gov.tn	t	Faical	t	Mansri	$2a$10$cT5e9TCV8bH..JLTEd.Xwu/D.s/5kcVdsZ5K9dSK21PjksEqrFLX2	Faical.Mansri	\N	\N
10	2025-05-20 09:46:36.414	2025-05-20 09:46:36.414	t	t	utilisateur@tartib.com	t	utilisateur	t	utilisateur	$2a$10$dKptoaul0T6ca9PfOng7Y.eW5qCC2iC2FSv/Bd4.XDiTdImBfsF/i	user	\N	\N
2	2025-04-28 03:21:01.832	2025-05-22 06:49:31.652	t	t	administrateur@tartib.com	t	user administrateur	t	administrateur	$2a$10$k2.QPoR7eg.t//wBTYreVuipzQ/2OY1Y76LifZqk3QJVQcKrGHg.e	admin_mep	\N	\N
11	2025-05-22 06:52:44.887	2025-05-22 06:52:44.887	t	t	evaluateurCentral@tartib.com	t	ahmed	t	evaluateurCentral	$2a$10$sqx3OQF2nVdrSflFqWg0q.puPjrA8RxBeesld.xDLNoggro5wvMk2	eval_central_1	\N	\N
33	2025-05-28 07:48:01.657	2025-05-28 07:48:01.657	t	t	jamel.louati@mdici.gov.tn	t	Jamel	t	Louati	$2a$10$Rnur.oUub5OOeldY2.O/t.upuKOW35tkQ8RiigdsDIf5QT/OqzMEm	Jamel.Louati	\N	\N
12	2025-05-22 07:07:30.199	2025-05-22 07:12:24.485	t	t	point.focal@tartib.com	t	ahmed	t	ahmed	$2a$10$F/p5S.mw0D8kQ81dEr.s7e9uYp3u1pB0N/NVa.5Z7B.mdZChrVJxG	ahmed	\N	\N
13	2025-05-22 07:17:21.063	2025-05-22 07:17:21.063	t	t	mehdi.evaluateurCentral@tartib.com	t	mehdi	t	mehdi	$2a$10$1jXDkLDzK9MZyU3FZTQlf.0bciUooEYHKEsc4vCU.HDB/S4A58G/i	mehdi	\N	\N
14	2025-05-22 10:38:41.751	2025-05-22 10:38:41.751	t	t	aziza.mrabti@mdici.gov.tn	t	Aziza	t	Mrabti	$2a$10$mWaeu3UhHXSQWyL5q7Rjz.MK0z3o4Er7glWNPAKK8kUSUFUIddb6O	aziza.mrabti	\N	\N
16	2025-05-27 09:34:56.177	2025-05-27 09:34:56.177	t	t	mohamed.benfathallah@justice.gov.tn	t	Mohamed	t	Ben Fath Allah	$2a$10$fxE37IXtuP1MTKM8dJR2beOTJMlogq3FLcfyjbwk7Lv4UyjNJrA86	mohamed.fathallah	\N	\N
21	2025-05-27 10:31:34.932	2025-05-27 10:31:34.932	t	t	abdelmonem.saadaoui@tunisia.gov.tn	t	Abdelmonem	t	Sadaoui	$2a$10$hKYyWqQsp2k7oVoCsEPDGeYvZFkDRbHv.TcJjk8NyQtj3ikXkqEqG	abdelmonem.sadaoui	\N	\N
22	2025-05-27 10:46:25.918	2025-05-27 10:46:25.918	t	t	mohamed.tahrani@mdci.gov.tn	t	MOHAMED	t	TAHRANI	$2a$10$BynLCwy/Uz7gsXEtnR0bFexcW34NDllkxynmR0/O0wQ47KUqMtVkC	MTAHRANI	\N	\N
24	2025-05-28 06:43:35.848	2025-05-28 06:43:35.848	t	t	anis.elmabrouk@mineat.gov.tn	t	Anis 	t	El Mabrouk	$2a$10$/mvts9424ozEfnK/tEhPw.xBwANs7DiRcXKV4H4gLr4ISMJeKJMBi	Anis.ElMabrouk	\N	\N
26	2025-05-28 07:28:43.066	2025-05-28 07:28:43.066	t	t	na.tizaoui@mac.gov.tn	t	Tizaoui	t	Tizaoui	$2a$10$/8oZnkRJSwdglUJ4/AkNoepODLo7pq5kU0ytX8ZoI7gCm0mXzvu5.	Neima.Tizaoui	\N	\N
28	2025-05-28 07:34:01.928	2025-05-28 07:34:01.928	t	t	abir.naceur@mta.state.tn	t	Naceur	t	Naceur	$2a$10$yE97.qNBDkkd4ZxQ7J.T2OlecPZO3hjk787dtYtJohobM2jmsQueq	Abir.Naceur	\N	\N
29	2025-05-28 07:37:31.514	2025-05-28 07:37:31.514	t	t	mnaceur.braham@mdci.gov.tn	t	MohamedNacer	t	Brahim	$2a$10$C/gOIQhseykWsQDuBVDy1eRQ5Z6H1LeZQchrs6i37Mv32S7rnLtHC	MohamedNacer.Brahim	\N	\N
34	2025-05-28 07:48:57.72	2025-05-28 07:48:57.72	t	t	akrem.tarhouni@mdici.gov.tn	t	Akrem	t	Tarhouini	$2a$10$LPaiLtGErwUQoosYT8LIae8wcTNbddheEapjNDG9kNPP.R/F8iwI.	Akrem.Tarhouini	\N	\N
35	2025-05-28 07:50:25.309	2025-05-28 07:50:25.309	t	t	wassim.hemdana@mdici.gov.tn	t	Hemdana	t	Hemdana	$2a$10$E3.ubqPm8iaNUAHudVizT.7JZ1GvQQisNE0L10Wdz1i8duLiENvsC	Wassim.Hemdana	\N	\N
36	2025-05-28 07:51:33.798	2025-05-28 07:51:33.798	t	t	houssem.mehrez@mdici.gov.tn	t	Houssem	t	Mehrez	$2a$10$gwgyzQF8dOb7eO4F5cSweuxscESKl7reCfMc3x3328H6/FtDTiV4u	Houssem.Mehrez	\N	\N
37	2025-05-28 07:52:38.659	2025-05-28 07:52:38.659	t	t	radhia.benaziza@mdici.gov.tn	t	Radhia	t	Radhia	$2a$10$yTrpk6igLFb3jZlO3wLQH.NEftQAuk9Hsw10MOrwDlzO.y.U9OVwG	Radhia.Benaziza	\N	\N
38	2025-05-28 07:53:46.503	2025-05-28 07:53:46.503	t	t	asma.azaza@mdici.gov.tn	t	Asma	t	Asma	$2a$10$JsP5OIsAIrTP0MNLCnE85eOXjfZrZbHI3kxUHUe1WkJS6B8K8nlta	Asma.Azaza	\N	\N
39	2025-05-28 07:54:44.715	2025-05-28 07:55:21.6	t	t	ahlem.bouchiba@mdci.gov.tn	t	Ahlem	t	Bouchiba	$2a$10$13rcGOmOqWdh3P3qQXnxq.exDJwKJVD38Nyf59jG96uC9Me3PcpAu	Ahlem.Bouchiba	\N	\N
40	2025-05-28 07:56:20.135	2025-05-28 07:56:20.135	t	t	rafiaa.benamor@mdici.gov.tn	t	Benamor	t	Benamor	$2a$10$KKOKBk2Tq7S2s2NnuspQreIxUXV67sADxmYXdMZYfc8uTDC/8ARYi	Rafiaa.Benamor	\N	\N
41	2025-05-28 07:57:29.935	2025-05-28 07:57:29.935	t	t	imen.zaoui@mdici.gov.tn	t	Imen	t	Zaoui	$2a$10$DRH2.J6IPmep.c87hDOUxuR35lFTst8z3JXuIM520N3UhHDw2RmtW	Imen.Zaoui	\N	\N
42	2025-05-28 07:58:45.966	2025-05-28 07:58:45.966	t	t	mohamed.kaaoubi@mdici.gov.tn	t	Kaaoubi	t	Mohamed	$2a$10$ecKIYUqc3Nxhm4r18CkKYuIa8AhciBRTO7qhK355FFe5mOaMvlKvW	Mohamed.Kaaoubi	\N	\N
43	2025-05-28 07:59:52.112	2025-05-28 07:59:52.112	t	t	amina.rzig@mdici.gov.tn	t	Amina	t	Rzig	$2a$10$YxI42bbZNFtepHJ/NbgjeOCTweOhWDs9i1E8vHTXpnfkXLMLqsfwW	Amina.Rzig	\N	\N
44	2025-05-28 08:01:00.547	2025-05-28 08:01:00.547	t	t	mahmoud.mezni@mdici.gov.tn	t	Mahmoud	t	Mezni	$2a$10$/BaNNgANXr2F6wEGFYKy/OowvV6w1HFOoJrasscps/S6AOwiD13wS	Mahmoud.Mezni	\N	\N
45	2025-05-28 08:01:56.563	2025-05-28 08:01:56.563	t	t	bassem.zouari@mdici.gov.tn	t	Bassem	t	Zouari	$2a$10$FEkRwNf8QZ/jh3t18LOb7.NTEy6gv8k04DFn2OXpVSc02jQGDaUee	Bassem.Zouari	\N	\N
15	2025-05-27 09:11:44.916	2025-06-05 06:24:00.494	t	t	bchini.khaoula67@gmail.com	t	Khaoula	t	Bchini	$2a$10$UzSjt.z0XVo4PojB1E5/FOZYriPvfA1FT1mcLwhr0bE7fBTZGnLzi	Khaoula.Bchini	\N	\N
27	2025-05-28 07:30:05.875	2025-06-05 07:27:58.943	t	t	ines.ayadi@tunisia.gov.tn	t	Ines	t	Ayadi	$2a$10$faHpRSgfXjGZXxLNfkk9qOxaC0Vfy8ega.q6I9o64xtF5/AAO4GVG	ines.ayadi	\N	\N
17	2025-05-27 10:15:20.82	2025-06-05 06:17:00.386	t	t	abbassiyousra@yahoo.fr	t	Abbassi	t	yousra	$2a$10$GWinxnpf9A.Z2w2YMj8MgOn8PrOSfzJNcL8tZRl5d2qtBQP7xAeyy	Abbassiyousra	\N	\N
18	2025-05-27 10:16:58.524	2025-06-05 06:19:04.061	t	t	Sami.ghazali@tunisia.gov.tn	t	Sami 	t	el ghazali	$2a$10$zWgZqm2SPTdOFN3mrujWd.jCZqAA5urT6sy3LdG1C.9XbBHrD3gVC	elghazali.sami	\N	\N
19	2025-05-27 10:20:40.741	2025-06-05 06:20:36.823	t	t	mabrouka.jouini@mfpe.state.tn	t	Mabrouka	t	Jouini	$2a$10$B./zEWjMa0s5XI5wEdl.zeFhw1OrJQKz8ciwhWRsZcyW.6okQAjH6	Jouini.Mabrouka	\N	\N
20	2025-05-27 10:29:15.167	2025-06-05 06:22:21.982	t	t	mabrouka.jabeur@social.gov.tn	t	Mabrouka	t	Jabeur	$2a$10$BYH6BrYTzOiH6AtTGl5p8.RuFjpYTcmS26qenJbe2nIBRRdtiCQ26	Mabrouka.Jabeur	\N	\N
9	2025-05-20 09:22:26.447	2025-06-25 13:26:23.897	t	t	Mohamed.tahrani@mdci.gov.tn	t	Mohamed	t	Tahrani	$2a$10$SU.tE0P6.Cd6HJyMYlIHKu.TUyUak8d2eYGC8eRIaMCxGFCdubKwq	m.tahrani	\N	\N
46	2025-05-28 08:02:37.275	2025-05-28 08:02:37.275	t	t	aymen.bennasr@mi.gov.tn	t	Mohamed Aymen	t	Bennasr	$2a$10$o9BLZazwYIuoEbTOlFEACuZ8nTftNIRWnVvgg544RfqfStge719WK	mohamedaymen.bennasr	\N	\N
47	2025-05-28 08:03:02.336	2025-05-28 08:03:02.336	t	t	jihane.bennia@mdici.gov.tn	t	Jihane	t	Bennia	$2a$10$wVoxUqeaKAAzJS45qLnctuDOlguEQ7.C6bRv0eBhhFXpTSwpJ29vu	Jihane.Bennia	\N	\N
48	2025-05-28 08:04:13.728	2025-05-28 08:04:13.728	t	t	anis.hajri@mdici.gov.tn	t	Anis	t	Hajri	$2a$10$h9abAxaeVcNcvPZZDK9C1.8i/nzTBTrpc8yqOwWa3YSE1p7U/sNc2	Anis.Hajri	\N	\N
49	2025-05-28 08:06:25.281	2025-05-28 08:06:25.281	t	t	elhem.elamiri@mdici.gov.tn	t	Elhem	t	Elamiri	$2a$10$kHUflcxSeT78yIz4kAZPPe0rXCYbfSGKwHDMqeCqapU.G5vntQcqe	Elhem.Elamiri	\N	\N
51	2025-05-28 08:07:22.516	2025-05-28 08:07:22.516	t	t	lotfi.sghaier@mdici.gov.tn	t	Lotfi	t	Sghaier	$2a$10$gY571SABqQnF9CqktrbiredQ3NsqvGqNtI57rMyHp6OjDsm2/LcA6	Lotfi.Sghaier	\N	\N
52	2025-05-28 08:08:20.28	2025-05-28 08:08:20.28	t	t	yosra.mbarek@mdici.gov.tn	t	Yosra	t	Mbarek	$2a$10$wtZKgHUjRe815LKiDJNioelKjzrxEFXhRPkbSSTSexLUnZ/iRkv/2	Yosra.Mbarek	\N	\N
53	2025-05-28 08:08:40.312	2025-05-28 08:08:40.312	t	t	Mohamed.hajri@mjs.state.tn	t	Mohamed	t	El Hajri	$2a$10$NMGnnU/hm/0GV5PGp5G6q.XtJHZ4LPcHatz9sq75r28xIP3xFLGnS	mohamed.elhajri	\N	\N
55	2025-05-28 08:10:48.183	2025-05-28 08:10:48.183	t	t	Abdelkarim.farah1960@gmail.com	t	Abdelkarim	t	Farah	$2a$10$N0dfW13l0R7hHh6CKlfpJOfrRclABOB3mzvRUIr1E9WMtSc0O.88q	abdelkarim.farah	\N	\N
56	2025-05-28 08:12:30.345	2025-05-28 08:12:30.345	t	t	aaroussi@finances.tn	t	Aymen	t	Aroussi	$2a$10$PaQFBIsv5vtrM5omm0GnGeXuJ7cU.37i1WcWXYehBOjfl2fz0qdQC	aymen.aroussi	\N	\N
57	2025-05-28 08:15:07.186	2025-05-28 08:15:07.186	t	t	souad.mrabet@mehat.gov.tn	t	Souad	t	Mrabet	$2a$10$bjrzNGWBUa1mqtTo0M4pqONKyWenUBwj1RYuWHNvWhX9EFd7sSNGu	souad.mrabet	\N	\N
58	2025-05-28 08:18:05.98	2025-05-28 08:18:05.98	t	t	s.allagui@domainetat.state.tn	t	Samir	t	Allagui	$2a$10$7ZmGe3Ge.9kMvWUjewczZOD.FvHs5zbCe0svfXKKS7M/n4oq.VISC	samir.allagui	\N	\N
59	2025-05-28 08:21:37.69	2025-05-28 08:21:37.69	t	t	meriem.bekri@transport.state.tn	t	Meryem	t	Bekri	$2a$10$g/RrFsGmQqkR0XkTdMcsKufwIOmplXk.ygEKOzHrYhLS13iDM.kwS	meryem.bekri	\N	\N
60	2025-05-28 09:06:07.673	2025-05-28 09:06:07.673	t	t	amira.turki@enrgiemines	t	Amira	t	Turki	$2a$10$ZImLh54KcFfCcMTsrzPDj.DcJuH8vVzuqjowrH8nf/A7AIL1FoL62	amira.turki	\N	\N
61	2025-05-28 09:09:22.894	2025-05-28 09:09:22.894	t	t	hanen.benharrath@iresa.agrinet.tn	t	Hanen	t	Ben Harrath	$2a$10$DovHe6.2s0Qg40EKp7oiJOCb9WkLKThyZxK7tBGWZ46Ut2qIIEwOa	hanen.benharrath	\N	\N
50	2025-05-28 08:06:36.244	2025-05-28 09:22:08.059	t	t	Dgaaf@defense.tn	t	Sabrine	t	El Haboubi	$2a$10$MElIm4BVgwFNN71qqx.R9uNkNOQhx7OOed0CFra.uHL7htWrdi6Ju	sabrine.haboubi	\N	\N
54	2025-05-28 08:09:05.748	2025-05-30 14:34:19.283	t	t	marwa.elghoul@mdici.gov.tn	t	Marwa	t	Elghoul	$2a$10$JACbgxDn26ct0DdVVmplie7YD25kjoMBt84rh0PROLdobQ6.bUy1u	Marwa.Elghoul	\N	\N
62	2025-06-27 08:44:11.696	2025-06-27 08:44:11.696	t	t	pagip_point_focal@gmail.com	t	pagip_point_focal	t	pagip_point_focal	$2a$10$J5BoTss.gVbNtED7r5I6FeJK7tNlmTMN4f5quTRUaXOqGsXhvlcrm	pagip_point_focal	\N	\N
25	2025-05-28 06:45:49.212	2025-06-27 13:22:51.218	t	t	Melkiessia.mes.daf@gmail.com	t	Essya	t	Melki	$2a$10$QBRSZYrJrT5fzKTagNOFfOTzcqCthIJUvVV0w0ITblsRcDabeIDee	Essya.Melki	\N	\N
8	2025-05-06 11:35:59.859	2025-07-01 13:33:02.539	t	t	dev@gmail.com	t	dev	t	dev	$2a$10$Ok0mXI4YYPFLfVLqliXsF.uqvfG01xAYCb86EIyHuRFaHIGkngj2a	dev	ALL_MINISTRIES	29
\.


--
-- Name: access_id_seq; Type: SEQUENCE SET; Schema: public; Owner: root
--

SELECT pg_catalog.setval('public.access_id_seq', 1, false);


--
-- Name: activity_id_seq; Type: SEQUENCE SET; Schema: public; Owner: root
--

SELECT pg_catalog.setval('public.activity_id_seq', 1, false);


--
-- Name: admin_evaluation_response_id_seq; Type: SEQUENCE SET; Schema: public; Owner: root
--

SELECT pg_catalog.setval('public.admin_evaluation_response_id_seq', 6, true);


--
-- Name: admissibility_criteria_id_seq; Type: SEQUENCE SET; Schema: public; Owner: root
--

SELECT pg_catalog.setval('public.admissibility_criteria_id_seq', 72, true);


--
-- Name: admissibility_grid_id_seq; Type: SEQUENCE SET; Schema: public; Owner: root
--

SELECT pg_catalog.setval('public.admissibility_grid_id_seq', 24, true);


--
-- Name: admissibility_response_criteria_id_seq; Type: SEQUENCE SET; Schema: public; Owner: root
--

SELECT pg_catalog.setval('public.admissibility_response_criteria_id_seq', 90, true);


--
-- Name: admissibility_response_grid_id_seq; Type: SEQUENCE SET; Schema: public; Owner: root
--

SELECT pg_catalog.setval('public.admissibility_response_grid_id_seq', 22, true);


--
-- Name: admissibility_response_id_seq; Type: SEQUENCE SET; Schema: public; Owner: root
--

SELECT pg_catalog.setval('public.admissibility_response_id_seq', 1, false);


--
-- Name: articles_id_seq; Type: SEQUENCE SET; Schema: public; Owner: root
--

SELECT pg_catalog.setval('public.articles_id_seq', 1, false);


--
-- Name: autorisation_id_seq; Type: SEQUENCE SET; Schema: public; Owner: root
--

SELECT pg_catalog.setval('public.autorisation_id_seq', 26, true);


--
-- Name: budget_section_id_seq; Type: SEQUENCE SET; Schema: public; Owner: root
--

SELECT pg_catalog.setval('public.budget_section_id_seq', 1, false);


--
-- Name: category_envergure_id_seq; Type: SEQUENCE SET; Schema: public; Owner: root
--

SELECT pg_catalog.setval('public.category_envergure_id_seq', 1, false);


--
-- Name: category_id_seq; Type: SEQUENCE SET; Schema: public; Owner: root
--

SELECT pg_catalog.setval('public.category_id_seq', 1, false);


--
-- Name: category_risk_id_seq; Type: SEQUENCE SET; Schema: public; Owner: root
--

SELECT pg_catalog.setval('public.category_risk_id_seq', 1, false);


--
-- Name: classification_id_seq; Type: SEQUENCE SET; Schema: public; Owner: root
--

SELECT pg_catalog.setval('public.classification_id_seq', 1, true);


--
-- Name: component_id_seq; Type: SEQUENCE SET; Schema: public; Owner: root
--

SELECT pg_catalog.setval('public.component_id_seq', 1, false);


--
-- Name: component_logic_id_seq; Type: SEQUENCE SET; Schema: public; Owner: root
--

SELECT pg_catalog.setval('public.component_logic_id_seq', 57, true);


--
-- Name: deanships_id_seq; Type: SEQUENCE SET; Schema: public; Owner: root
--

SELECT pg_catalog.setval('public.deanships_id_seq', 1, false);


--
-- Name: delegations_id_seq; Type: SEQUENCE SET; Schema: public; Owner: root
--

SELECT pg_catalog.setval('public.delegations_id_seq', 1, true);


--
-- Name: derogation_id_seq; Type: SEQUENCE SET; Schema: public; Owner: root
--

SELECT pg_catalog.setval('public.derogation_id_seq', 1, false);


--
-- Name: device_id_seq; Type: SEQUENCE SET; Schema: public; Owner: root
--

SELECT pg_catalog.setval('public.device_id_seq', 1, false);


--
-- Name: difference_evaluation_response_id_seq; Type: SEQUENCE SET; Schema: public; Owner: root
--

SELECT pg_catalog.setval('public.difference_evaluation_response_id_seq', 52, true);


--
-- Name: districts_id_seq; Type: SEQUENCE SET; Schema: public; Owner: root
--

SELECT pg_catalog.setval('public.districts_id_seq', 1, false);


--
-- Name: economic_nature_id_seq; Type: SEQUENCE SET; Schema: public; Owner: root
--

SELECT pg_catalog.setval('public.economic_nature_id_seq', 1, false);


--
-- Name: evaluation_critiria_id_seq; Type: SEQUENCE SET; Schema: public; Owner: root
--

SELECT pg_catalog.setval('public.evaluation_critiria_id_seq', 200, true);


--
-- Name: evaluation_grid_id_seq; Type: SEQUENCE SET; Schema: public; Owner: root
--

SELECT pg_catalog.setval('public.evaluation_grid_id_seq', 1, true);


--
-- Name: evaluation_indicateur_id_seq; Type: SEQUENCE SET; Schema: public; Owner: root
--

SELECT pg_catalog.setval('public.evaluation_indicateur_id_seq', 200, true);


--
-- Name: evaluation_norme_id_seq; Type: SEQUENCE SET; Schema: public; Owner: root
--

SELECT pg_catalog.setval('public.evaluation_norme_id_seq', 940, true);


--
-- Name: evaulation_component_id_seq; Type: SEQUENCE SET; Schema: public; Owner: root
--

SELECT pg_catalog.setval('public.evaulation_component_id_seq', 50, true);


--
-- Name: financial_source_id_seq; Type: SEQUENCE SET; Schema: public; Owner: root
--

SELECT pg_catalog.setval('public.financial_source_id_seq', 42, true);


--
-- Name: forgot_password_requests_id_seq; Type: SEQUENCE SET; Schema: public; Owner: root
--

SELECT pg_catalog.setval('public.forgot_password_requests_id_seq', 1, false);


--
-- Name: funding_extension_id_seq; Type: SEQUENCE SET; Schema: public; Owner: root
--

SELECT pg_catalog.setval('public.funding_extension_id_seq', 1, false);


--
-- Name: funding_source_id_seq; Type: SEQUENCE SET; Schema: public; Owner: root
--

SELECT pg_catalog.setval('public.funding_source_id_seq', 1, false);


--
-- Name: funding_source_type_id_seq; Type: SEQUENCE SET; Schema: public; Owner: root
--

SELECT pg_catalog.setval('public.funding_source_type_id_seq', 1, false);


--
-- Name: funding_tranches_id_seq; Type: SEQUENCE SET; Schema: public; Owner: root
--

SELECT pg_catalog.setval('public.funding_tranches_id_seq', 1, false);


--
-- Name: generated_classification_id_seq; Type: SEQUENCE SET; Schema: public; Owner: root
--

SELECT pg_catalog.setval('public.generated_classification_id_seq', 1, true);


--
-- Name: geo_category_id_seq; Type: SEQUENCE SET; Schema: public; Owner: root
--

SELECT pg_catalog.setval('public.geo_category_id_seq', 3, true);


--
-- Name: geographic_bonus_id_seq; Type: SEQUENCE SET; Schema: public; Owner: root
--

SELECT pg_catalog.setval('public.geographic_bonus_id_seq', 3, true);


--
-- Name: governorates_id_seq; Type: SEQUENCE SET; Schema: public; Owner: root
--

SELECT pg_catalog.setval('public.governorates_id_seq', 1, false);


--
-- Name: grid_bonus_id_seq; Type: SEQUENCE SET; Schema: public; Owner: root
--

SELECT pg_catalog.setval('public.grid_bonus_id_seq', 2, true);


--
-- Name: grid_bonus_level_id_seq; Type: SEQUENCE SET; Schema: public; Owner: root
--

SELECT pg_catalog.setval('public.grid_bonus_level_id_seq', 10, true);


--
-- Name: linked_project_id_seq; Type: SEQUENCE SET; Schema: public; Owner: root
--

SELECT pg_catalog.setval('public.linked_project_id_seq', 31, true);


--
-- Name: media_id_seq; Type: SEQUENCE SET; Schema: public; Owner: root
--

SELECT pg_catalog.setval('public.media_id_seq', 1, false);


--
-- Name: ministers_id_seq; Type: SEQUENCE SET; Schema: public; Owner: root
--

SELECT pg_catalog.setval('public.ministers_id_seq', 1, false);


--
-- Name: nomenclature_geographic_id_seq; Type: SEQUENCE SET; Schema: public; Owner: root
--

SELECT pg_catalog.setval('public.nomenclature_geographic_id_seq', 1, true);


--
-- Name: nomenclature_secteur_id_seq; Type: SEQUENCE SET; Schema: public; Owner: root
--

SELECT pg_catalog.setval('public.nomenclature_secteur_id_seq', 1, true);


--
-- Name: organisations_id_seq; Type: SEQUENCE SET; Schema: public; Owner: root
--

SELECT pg_catalog.setval('public.organisations_id_seq', 1, false);


--
-- Name: permission_id_seq; Type: SEQUENCE SET; Schema: public; Owner: root
--

SELECT pg_catalog.setval('public.permission_id_seq', 1, false);


--
-- Name: pnd_axis_id_seq; Type: SEQUENCE SET; Schema: public; Owner: root
--

SELECT pg_catalog.setval('public.pnd_axis_id_seq', 1, false);


--
-- Name: pnd_id_seq; Type: SEQUENCE SET; Schema: public; Owner: root
--

SELECT pg_catalog.setval('public.pnd_id_seq', 1, false);


--
-- Name: ponderation_component_id_seq; Type: SEQUENCE SET; Schema: public; Owner: root
--

SELECT pg_catalog.setval('public.ponderation_component_id_seq', 10, true);


--
-- Name: ponderation_critiria_id_seq; Type: SEQUENCE SET; Schema: public; Owner: root
--

SELECT pg_catalog.setval('public.ponderation_critiria_id_seq', 40, true);


--
-- Name: ponderation_id_seq; Type: SEQUENCE SET; Schema: public; Owner: root
--

SELECT pg_catalog.setval('public.ponderation_id_seq', 1, false);


--
-- Name: project_block_id_seq; Type: SEQUENCE SET; Schema: public; Owner: root
--

SELECT pg_catalog.setval('public.project_block_id_seq', 1, true);


--
-- Name: project_classement_id_seq; Type: SEQUENCE SET; Schema: public; Owner: root
--

SELECT pg_catalog.setval('public.project_classement_id_seq', 2, true);


--
-- Name: project_evaluation_response_id_seq; Type: SEQUENCE SET; Schema: public; Owner: root
--

SELECT pg_catalog.setval('public.project_evaluation_response_id_seq', 5, true);


--
-- Name: project_identity_id_seq; Type: SEQUENCE SET; Schema: public; Owner: root
--

SELECT pg_catalog.setval('public.project_identity_id_seq', 17, true);


--
-- Name: project_logic_id_seq; Type: SEQUENCE SET; Schema: public; Owner: root
--

SELECT pg_catalog.setval('public.project_logic_id_seq', 31, true);


--
-- Name: project_plan_id_seq; Type: SEQUENCE SET; Schema: public; Owner: root
--

SELECT pg_catalog.setval('public.project_plan_id_seq', 11, true);


--
-- Name: project_risk_id_seq; Type: SEQUENCE SET; Schema: public; Owner: root
--

SELECT pg_catalog.setval('public.project_risk_id_seq', 11, true);


--
-- Name: project_scale_id_seq; Type: SEQUENCE SET; Schema: public; Owner: root
--

SELECT pg_catalog.setval('public.project_scale_id_seq', 6, true);


--
-- Name: project_strategy_id_seq; Type: SEQUENCE SET; Schema: public; Owner: root
--

SELECT pg_catalog.setval('public.project_strategy_id_seq', 11, true);


--
-- Name: project_study_id_seq; Type: SEQUENCE SET; Schema: public; Owner: root
--

SELECT pg_catalog.setval('public.project_study_id_seq', 8, true);


--
-- Name: project_validation_id_seq; Type: SEQUENCE SET; Schema: public; Owner: root
--

SELECT pg_catalog.setval('public.project_validation_id_seq', 1, false);


--
-- Name: project_zone_id_seq; Type: SEQUENCE SET; Schema: public; Owner: root
--

SELECT pg_catalog.setval('public.project_zone_id_seq', 31, true);


--
-- Name: projects_id_seq; Type: SEQUENCE SET; Schema: public; Owner: root
--

SELECT pg_catalog.setval('public.projects_id_seq', 1, false);


--
-- Name: response_admin_evaluation_component_id_seq; Type: SEQUENCE SET; Schema: public; Owner: root
--

SELECT pg_catalog.setval('public.response_admin_evaluation_component_id_seq', 30, true);


--
-- Name: response_admin_evaluation_criteria_id_seq; Type: SEQUENCE SET; Schema: public; Owner: root
--

SELECT pg_catalog.setval('public.response_admin_evaluation_criteria_id_seq', 120, true);


--
-- Name: response_admin_evaluation_indicator_id_seq; Type: SEQUENCE SET; Schema: public; Owner: root
--

SELECT pg_catalog.setval('public.response_admin_evaluation_indicator_id_seq', 120, true);


--
-- Name: response_evaluation_component_id_seq; Type: SEQUENCE SET; Schema: public; Owner: root
--

SELECT pg_catalog.setval('public.response_evaluation_component_id_seq', 25, true);


--
-- Name: response_evaluation_criteria_id_seq; Type: SEQUENCE SET; Schema: public; Owner: root
--

SELECT pg_catalog.setval('public.response_evaluation_criteria_id_seq', 100, true);


--
-- Name: response_evaluation_indicator_id_seq; Type: SEQUENCE SET; Schema: public; Owner: root
--

SELECT pg_catalog.setval('public.response_evaluation_indicator_id_seq', 100, true);


--
-- Name: role_access_id_seq; Type: SEQUENCE SET; Schema: public; Owner: root
--

SELECT pg_catalog.setval('public.role_access_id_seq', 576, true);


--
-- Name: role_assignable_roles_id_seq; Type: SEQUENCE SET; Schema: public; Owner: root
--

SELECT pg_catalog.setval('public.role_assignable_roles_id_seq', 93, true);


--
-- Name: role_permission_id_seq; Type: SEQUENCE SET; Schema: public; Owner: root
--

SELECT pg_catalog.setval('public.role_permission_id_seq', 1, false);


--
-- Name: roles_id_seq; Type: SEQUENCE SET; Schema: public; Owner: root
--

SELECT pg_catalog.setval('public.roles_id_seq', 9, true);


--
-- Name: rubrique_id_seq; Type: SEQUENCE SET; Schema: public; Owner: root
--

SELECT pg_catalog.setval('public.rubrique_id_seq', 32, true);


--
-- Name: secteur_bonus_id_seq; Type: SEQUENCE SET; Schema: public; Owner: root
--

SELECT pg_catalog.setval('public.secteur_bonus_id_seq', 3, true);


--
-- Name: secteur_id_seq; Type: SEQUENCE SET; Schema: public; Owner: root
--

SELECT pg_catalog.setval('public.secteur_id_seq', 3, true);


--
-- Name: sector_id_seq; Type: SEQUENCE SET; Schema: public; Owner: root
--

SELECT pg_catalog.setval('public.sector_id_seq', 1, false);


--
-- Name: stakeholder_id_seq; Type: SEQUENCE SET; Schema: public; Owner: root
--

SELECT pg_catalog.setval('public.stakeholder_id_seq', 68, true);


--
-- Name: strategy_axis_id_seq; Type: SEQUENCE SET; Schema: public; Owner: root
--

SELECT pg_catalog.setval('public.strategy_axis_id_seq', 1, false);


--
-- Name: strategy_id_seq; Type: SEQUENCE SET; Schema: public; Owner: root
--

SELECT pg_catalog.setval('public.strategy_id_seq', 1, false);


--
-- Name: study_for_project_id_seq; Type: SEQUENCE SET; Schema: public; Owner: root
--

SELECT pg_catalog.setval('public.study_for_project_id_seq', 44, true);


--
-- Name: study_id_seq; Type: SEQUENCE SET; Schema: public; Owner: root
--

SELECT pg_catalog.setval('public.study_id_seq', 1, false);


--
-- Name: study_satate_id_seq; Type: SEQUENCE SET; Schema: public; Owner: root
--

SELECT pg_catalog.setval('public.study_satate_id_seq', 1, false);


--
-- Name: typologies_id_seq; Type: SEQUENCE SET; Schema: public; Owner: root
--

SELECT pg_catalog.setval('public.typologies_id_seq', 1, false);


--
-- Name: user_roles_id_seq; Type: SEQUENCE SET; Schema: public; Owner: root
--

SELECT pg_catalog.setval('public.user_roles_id_seq', 59, true);


--
-- Name: users_id_seq; Type: SEQUENCE SET; Schema: public; Owner: root
--

SELECT pg_catalog.setval('public.users_id_seq', 62, true);


--
-- Name: access access_pkey; Type: CONSTRAINT; Schema: public; Owner: root
--

ALTER TABLE ONLY public.access
    ADD CONSTRAINT access_pkey PRIMARY KEY (id);


--
-- Name: activity activity_pkey; Type: CONSTRAINT; Schema: public; Owner: root
--

ALTER TABLE ONLY public.activity
    ADD CONSTRAINT activity_pkey PRIMARY KEY (id);


--
-- Name: admin_evaluation_response admin_evaluation_response_pkey; Type: CONSTRAINT; Schema: public; Owner: root
--

ALTER TABLE ONLY public.admin_evaluation_response
    ADD CONSTRAINT admin_evaluation_response_pkey PRIMARY KEY (id);


--
-- Name: admissibility_criteria admissibility_criteria_pkey; Type: CONSTRAINT; Schema: public; Owner: root
--

ALTER TABLE ONLY public.admissibility_criteria
    ADD CONSTRAINT admissibility_criteria_pkey PRIMARY KEY (id);


--
-- Name: admissibility_grid admissibility_grid_pkey; Type: CONSTRAINT; Schema: public; Owner: root
--

ALTER TABLE ONLY public.admissibility_grid
    ADD CONSTRAINT admissibility_grid_pkey PRIMARY KEY (id);


--
-- Name: admissibility_response_criteria admissibility_response_criteria_pkey; Type: CONSTRAINT; Schema: public; Owner: root
--

ALTER TABLE ONLY public.admissibility_response_criteria
    ADD CONSTRAINT admissibility_response_criteria_pkey PRIMARY KEY (id);


--
-- Name: admissibility_response_grid admissibility_response_grid_pkey; Type: CONSTRAINT; Schema: public; Owner: root
--

ALTER TABLE ONLY public.admissibility_response_grid
    ADD CONSTRAINT admissibility_response_grid_pkey PRIMARY KEY (id);


--
-- Name: admissibility_response admissibility_response_pkey; Type: CONSTRAINT; Schema: public; Owner: root
--

ALTER TABLE ONLY public.admissibility_response
    ADD CONSTRAINT admissibility_response_pkey PRIMARY KEY (id);


--
-- Name: articles articles_pkey; Type: CONSTRAINT; Schema: public; Owner: root
--

ALTER TABLE ONLY public.articles
    ADD CONSTRAINT articles_pkey PRIMARY KEY (id);


--
-- Name: autorisation autorisation_pkey; Type: CONSTRAINT; Schema: public; Owner: root
--

ALTER TABLE ONLY public.autorisation
    ADD CONSTRAINT autorisation_pkey PRIMARY KEY (id);


--
-- Name: budget_section budget_section_pkey; Type: CONSTRAINT; Schema: public; Owner: root
--

ALTER TABLE ONLY public.budget_section
    ADD CONSTRAINT budget_section_pkey PRIMARY KEY (id);


--
-- Name: category_envergure category_envergure_pkey; Type: CONSTRAINT; Schema: public; Owner: root
--

ALTER TABLE ONLY public.category_envergure
    ADD CONSTRAINT category_envergure_pkey PRIMARY KEY (id);


--
-- Name: category_governorate category_governorate_pkey; Type: CONSTRAINT; Schema: public; Owner: root
--

ALTER TABLE ONLY public.category_governorate
    ADD CONSTRAINT category_governorate_pkey PRIMARY KEY (category_id, governorate_id);


--
-- Name: category category_pkey; Type: CONSTRAINT; Schema: public; Owner: root
--

ALTER TABLE ONLY public.category
    ADD CONSTRAINT category_pkey PRIMARY KEY (id);


--
-- Name: category_risk category_risk_pkey; Type: CONSTRAINT; Schema: public; Owner: root
--

ALTER TABLE ONLY public.category_risk
    ADD CONSTRAINT category_risk_pkey PRIMARY KEY (id);


--
-- Name: classification classification_pkey; Type: CONSTRAINT; Schema: public; Owner: root
--

ALTER TABLE ONLY public.classification
    ADD CONSTRAINT classification_pkey PRIMARY KEY (id);


--
-- Name: component_logic component_logic_pkey; Type: CONSTRAINT; Schema: public; Owner: root
--

ALTER TABLE ONLY public.component_logic
    ADD CONSTRAINT component_logic_pkey PRIMARY KEY (id);


--
-- Name: component component_pkey; Type: CONSTRAINT; Schema: public; Owner: root
--

ALTER TABLE ONLY public.component
    ADD CONSTRAINT component_pkey PRIMARY KEY (id);


--
-- Name: deanships deanships_pkey; Type: CONSTRAINT; Schema: public; Owner: root
--

ALTER TABLE ONLY public.deanships
    ADD CONSTRAINT deanships_pkey PRIMARY KEY (id);


--
-- Name: delegations delegations_pkey; Type: CONSTRAINT; Schema: public; Owner: root
--

ALTER TABLE ONLY public.delegations
    ADD CONSTRAINT delegations_pkey PRIMARY KEY (id);


--
-- Name: derogation derogation_pkey; Type: CONSTRAINT; Schema: public; Owner: root
--

ALTER TABLE ONLY public.derogation
    ADD CONSTRAINT derogation_pkey PRIMARY KEY (id);


--
-- Name: device device_pkey; Type: CONSTRAINT; Schema: public; Owner: root
--

ALTER TABLE ONLY public.device
    ADD CONSTRAINT device_pkey PRIMARY KEY (id);


--
-- Name: difference_evaluation_response difference_evaluation_response_pkey; Type: CONSTRAINT; Schema: public; Owner: root
--

ALTER TABLE ONLY public.difference_evaluation_response
    ADD CONSTRAINT difference_evaluation_response_pkey PRIMARY KEY (id);


--
-- Name: districts districts_pkey; Type: CONSTRAINT; Schema: public; Owner: root
--

ALTER TABLE ONLY public.districts
    ADD CONSTRAINT districts_pkey PRIMARY KEY (id);


--
-- Name: economic_nature economic_nature_pkey; Type: CONSTRAINT; Schema: public; Owner: root
--

ALTER TABLE ONLY public.economic_nature
    ADD CONSTRAINT economic_nature_pkey PRIMARY KEY (id);


--
-- Name: evaluation_critiria evaluation_critiria_pkey; Type: CONSTRAINT; Schema: public; Owner: root
--

ALTER TABLE ONLY public.evaluation_critiria
    ADD CONSTRAINT evaluation_critiria_pkey PRIMARY KEY (id);


--
-- Name: evaluation_grid evaluation_grid_pkey; Type: CONSTRAINT; Schema: public; Owner: root
--

ALTER TABLE ONLY public.evaluation_grid
    ADD CONSTRAINT evaluation_grid_pkey PRIMARY KEY (id);


--
-- Name: evaluation_indicateur evaluation_indicateur_pkey; Type: CONSTRAINT; Schema: public; Owner: root
--

ALTER TABLE ONLY public.evaluation_indicateur
    ADD CONSTRAINT evaluation_indicateur_pkey PRIMARY KEY (id);


--
-- Name: evaluation_norme evaluation_norme_pkey; Type: CONSTRAINT; Schema: public; Owner: root
--

ALTER TABLE ONLY public.evaluation_norme
    ADD CONSTRAINT evaluation_norme_pkey PRIMARY KEY (id);


--
-- Name: evaulation_component evaulation_component_pkey; Type: CONSTRAINT; Schema: public; Owner: root
--

ALTER TABLE ONLY public.evaulation_component
    ADD CONSTRAINT evaulation_component_pkey PRIMARY KEY (id);


--
-- Name: financial_source financial_source_pkey; Type: CONSTRAINT; Schema: public; Owner: root
--

ALTER TABLE ONLY public.financial_source
    ADD CONSTRAINT financial_source_pkey PRIMARY KEY (id);


--
-- Name: forgot_password_requests forgot_password_requests_pkey; Type: CONSTRAINT; Schema: public; Owner: root
--

ALTER TABLE ONLY public.forgot_password_requests
    ADD CONSTRAINT forgot_password_requests_pkey PRIMARY KEY (id);


--
-- Name: funding_extension funding_extension_pkey; Type: CONSTRAINT; Schema: public; Owner: root
--

ALTER TABLE ONLY public.funding_extension
    ADD CONSTRAINT funding_extension_pkey PRIMARY KEY (id);


--
-- Name: funding_source funding_source_pkey; Type: CONSTRAINT; Schema: public; Owner: root
--

ALTER TABLE ONLY public.funding_source
    ADD CONSTRAINT funding_source_pkey PRIMARY KEY (id);


--
-- Name: funding_source_type funding_source_type_pkey; Type: CONSTRAINT; Schema: public; Owner: root
--

ALTER TABLE ONLY public.funding_source_type
    ADD CONSTRAINT funding_source_type_pkey PRIMARY KEY (id);


--
-- Name: funding_tranches funding_tranches_pkey; Type: CONSTRAINT; Schema: public; Owner: root
--

ALTER TABLE ONLY public.funding_tranches
    ADD CONSTRAINT funding_tranches_pkey PRIMARY KEY (id);


--
-- Name: generated_classification generated_classification_pkey; Type: CONSTRAINT; Schema: public; Owner: root
--

ALTER TABLE ONLY public.generated_classification
    ADD CONSTRAINT generated_classification_pkey PRIMARY KEY (id);


--
-- Name: geo_category geo_category_pkey; Type: CONSTRAINT; Schema: public; Owner: root
--

ALTER TABLE ONLY public.geo_category
    ADD CONSTRAINT geo_category_pkey PRIMARY KEY (id);


--
-- Name: geographic_bonus geographic_bonus_pkey; Type: CONSTRAINT; Schema: public; Owner: root
--

ALTER TABLE ONLY public.geographic_bonus
    ADD CONSTRAINT geographic_bonus_pkey PRIMARY KEY (id);


--
-- Name: governorates governorates_pkey; Type: CONSTRAINT; Schema: public; Owner: root
--

ALTER TABLE ONLY public.governorates
    ADD CONSTRAINT governorates_pkey PRIMARY KEY (id);


--
-- Name: grid_bonus_level grid_bonus_level_pkey; Type: CONSTRAINT; Schema: public; Owner: root
--

ALTER TABLE ONLY public.grid_bonus_level
    ADD CONSTRAINT grid_bonus_level_pkey PRIMARY KEY (id);


--
-- Name: grid_bonus grid_bonus_pkey; Type: CONSTRAINT; Schema: public; Owner: root
--

ALTER TABLE ONLY public.grid_bonus
    ADD CONSTRAINT grid_bonus_pkey PRIMARY KEY (id);


--
-- Name: linked_project linked_project_pkey; Type: CONSTRAINT; Schema: public; Owner: root
--

ALTER TABLE ONLY public.linked_project
    ADD CONSTRAINT linked_project_pkey PRIMARY KEY (id);


--
-- Name: media media_pkey; Type: CONSTRAINT; Schema: public; Owner: root
--

ALTER TABLE ONLY public.media
    ADD CONSTRAINT media_pkey PRIMARY KEY (id);


--
-- Name: ministers ministers_pkey; Type: CONSTRAINT; Schema: public; Owner: root
--

ALTER TABLE ONLY public.ministers
    ADD CONSTRAINT ministers_pkey PRIMARY KEY (id);


--
-- Name: nomenclature_geographic nomenclature_geographic_pkey; Type: CONSTRAINT; Schema: public; Owner: root
--

ALTER TABLE ONLY public.nomenclature_geographic
    ADD CONSTRAINT nomenclature_geographic_pkey PRIMARY KEY (id);


--
-- Name: nomenclature_secteur nomenclature_secteur_pkey; Type: CONSTRAINT; Schema: public; Owner: root
--

ALTER TABLE ONLY public.nomenclature_secteur
    ADD CONSTRAINT nomenclature_secteur_pkey PRIMARY KEY (id);


--
-- Name: organisations organisations_pkey; Type: CONSTRAINT; Schema: public; Owner: root
--

ALTER TABLE ONLY public.organisations
    ADD CONSTRAINT organisations_pkey PRIMARY KEY (id);


--
-- Name: permission permission_pkey; Type: CONSTRAINT; Schema: public; Owner: root
--

ALTER TABLE ONLY public.permission
    ADD CONSTRAINT permission_pkey PRIMARY KEY (id);


--
-- Name: pnd_axis pnd_axis_pkey; Type: CONSTRAINT; Schema: public; Owner: root
--

ALTER TABLE ONLY public.pnd_axis
    ADD CONSTRAINT pnd_axis_pkey PRIMARY KEY (id);


--
-- Name: pnd pnd_pkey; Type: CONSTRAINT; Schema: public; Owner: root
--

ALTER TABLE ONLY public.pnd
    ADD CONSTRAINT pnd_pkey PRIMARY KEY (id);


--
-- Name: ponderation_component ponderation_component_pkey; Type: CONSTRAINT; Schema: public; Owner: root
--

ALTER TABLE ONLY public.ponderation_component
    ADD CONSTRAINT ponderation_component_pkey PRIMARY KEY (id);


--
-- Name: ponderation_critiria ponderation_critiria_pkey; Type: CONSTRAINT; Schema: public; Owner: root
--

ALTER TABLE ONLY public.ponderation_critiria
    ADD CONSTRAINT ponderation_critiria_pkey PRIMARY KEY (id);


--
-- Name: ponderation ponderation_pkey; Type: CONSTRAINT; Schema: public; Owner: root
--

ALTER TABLE ONLY public.ponderation
    ADD CONSTRAINT ponderation_pkey PRIMARY KEY (id);


--
-- Name: project_block project_block_pkey; Type: CONSTRAINT; Schema: public; Owner: root
--

ALTER TABLE ONLY public.project_block
    ADD CONSTRAINT project_block_pkey PRIMARY KEY (id);


--
-- Name: project_classement project_classement_pkey; Type: CONSTRAINT; Schema: public; Owner: root
--

ALTER TABLE ONLY public.project_classement
    ADD CONSTRAINT project_classement_pkey PRIMARY KEY (id);


--
-- Name: project_evaluation_response project_evaluation_response_pkey; Type: CONSTRAINT; Schema: public; Owner: root
--

ALTER TABLE ONLY public.project_evaluation_response
    ADD CONSTRAINT project_evaluation_response_pkey PRIMARY KEY (id);


--
-- Name: project_identity project_identity_pkey; Type: CONSTRAINT; Schema: public; Owner: root
--

ALTER TABLE ONLY public.project_identity
    ADD CONSTRAINT project_identity_pkey PRIMARY KEY (id);


--
-- Name: project_logic project_logic_pkey; Type: CONSTRAINT; Schema: public; Owner: root
--

ALTER TABLE ONLY public.project_logic
    ADD CONSTRAINT project_logic_pkey PRIMARY KEY (id);


--
-- Name: project_plan project_plan_pkey; Type: CONSTRAINT; Schema: public; Owner: root
--

ALTER TABLE ONLY public.project_plan
    ADD CONSTRAINT project_plan_pkey PRIMARY KEY (id);


--
-- Name: project_risk project_risk_pkey; Type: CONSTRAINT; Schema: public; Owner: root
--

ALTER TABLE ONLY public.project_risk
    ADD CONSTRAINT project_risk_pkey PRIMARY KEY (id);


--
-- Name: project_scale project_scale_pkey; Type: CONSTRAINT; Schema: public; Owner: root
--

ALTER TABLE ONLY public.project_scale
    ADD CONSTRAINT project_scale_pkey PRIMARY KEY (id);


--
-- Name: project_strategy project_strategy_pkey; Type: CONSTRAINT; Schema: public; Owner: root
--

ALTER TABLE ONLY public.project_strategy
    ADD CONSTRAINT project_strategy_pkey PRIMARY KEY (id);


--
-- Name: project_study project_study_pkey; Type: CONSTRAINT; Schema: public; Owner: root
--

ALTER TABLE ONLY public.project_study
    ADD CONSTRAINT project_study_pkey PRIMARY KEY (id);


--
-- Name: project_validation project_validation_pkey; Type: CONSTRAINT; Schema: public; Owner: root
--

ALTER TABLE ONLY public.project_validation
    ADD CONSTRAINT project_validation_pkey PRIMARY KEY (id);


--
-- Name: project_zone project_zone_pkey; Type: CONSTRAINT; Schema: public; Owner: root
--

ALTER TABLE ONLY public.project_zone
    ADD CONSTRAINT project_zone_pkey PRIMARY KEY (id);


--
-- Name: projects projects_pkey; Type: CONSTRAINT; Schema: public; Owner: root
--

ALTER TABLE ONLY public.projects
    ADD CONSTRAINT projects_pkey PRIMARY KEY (id);


--
-- Name: response_admin_evaluation_component response_admin_evaluation_component_pkey; Type: CONSTRAINT; Schema: public; Owner: root
--

ALTER TABLE ONLY public.response_admin_evaluation_component
    ADD CONSTRAINT response_admin_evaluation_component_pkey PRIMARY KEY (id);


--
-- Name: response_admin_evaluation_criteria response_admin_evaluation_criteria_pkey; Type: CONSTRAINT; Schema: public; Owner: root
--

ALTER TABLE ONLY public.response_admin_evaluation_criteria
    ADD CONSTRAINT response_admin_evaluation_criteria_pkey PRIMARY KEY (id);


--
-- Name: response_admin_evaluation_indicator response_admin_evaluation_indicator_pkey; Type: CONSTRAINT; Schema: public; Owner: root
--

ALTER TABLE ONLY public.response_admin_evaluation_indicator
    ADD CONSTRAINT response_admin_evaluation_indicator_pkey PRIMARY KEY (id);


--
-- Name: response_evaluation_component response_evaluation_component_pkey; Type: CONSTRAINT; Schema: public; Owner: root
--

ALTER TABLE ONLY public.response_evaluation_component
    ADD CONSTRAINT response_evaluation_component_pkey PRIMARY KEY (id);


--
-- Name: response_evaluation_criteria response_evaluation_criteria_pkey; Type: CONSTRAINT; Schema: public; Owner: root
--

ALTER TABLE ONLY public.response_evaluation_criteria
    ADD CONSTRAINT response_evaluation_criteria_pkey PRIMARY KEY (id);


--
-- Name: response_evaluation_indicator response_evaluation_indicator_pkey; Type: CONSTRAINT; Schema: public; Owner: root
--

ALTER TABLE ONLY public.response_evaluation_indicator
    ADD CONSTRAINT response_evaluation_indicator_pkey PRIMARY KEY (id);


--
-- Name: role_access role_access_pkey; Type: CONSTRAINT; Schema: public; Owner: root
--

ALTER TABLE ONLY public.role_access
    ADD CONSTRAINT role_access_pkey PRIMARY KEY (id);


--
-- Name: role_assignable_roles role_assignable_roles_pkey; Type: CONSTRAINT; Schema: public; Owner: root
--

ALTER TABLE ONLY public.role_assignable_roles
    ADD CONSTRAINT role_assignable_roles_pkey PRIMARY KEY (id);


--
-- Name: role_permission role_permission_pkey; Type: CONSTRAINT; Schema: public; Owner: root
--

ALTER TABLE ONLY public.role_permission
    ADD CONSTRAINT role_permission_pkey PRIMARY KEY (id);


--
-- Name: roles roles_pkey; Type: CONSTRAINT; Schema: public; Owner: root
--

ALTER TABLE ONLY public.roles
    ADD CONSTRAINT roles_pkey PRIMARY KEY (id);


--
-- Name: rubrique rubrique_pkey; Type: CONSTRAINT; Schema: public; Owner: root
--

ALTER TABLE ONLY public.rubrique
    ADD CONSTRAINT rubrique_pkey PRIMARY KEY (id);


--
-- Name: secteur_bonus secteur_bonus_pkey; Type: CONSTRAINT; Schema: public; Owner: root
--

ALTER TABLE ONLY public.secteur_bonus
    ADD CONSTRAINT secteur_bonus_pkey PRIMARY KEY (id);


--
-- Name: secteur_minister secteur_minister_pkey; Type: CONSTRAINT; Schema: public; Owner: root
--

ALTER TABLE ONLY public.secteur_minister
    ADD CONSTRAINT secteur_minister_pkey PRIMARY KEY (secteur_id, minister_id);


--
-- Name: secteur secteur_pkey; Type: CONSTRAINT; Schema: public; Owner: root
--

ALTER TABLE ONLY public.secteur
    ADD CONSTRAINT secteur_pkey PRIMARY KEY (id);


--
-- Name: sector sector_pkey; Type: CONSTRAINT; Schema: public; Owner: root
--

ALTER TABLE ONLY public.sector
    ADD CONSTRAINT sector_pkey PRIMARY KEY (id);


--
-- Name: stakeholder stakeholder_pkey; Type: CONSTRAINT; Schema: public; Owner: root
--

ALTER TABLE ONLY public.stakeholder
    ADD CONSTRAINT stakeholder_pkey PRIMARY KEY (id);


--
-- Name: strategy_axis strategy_axis_pkey; Type: CONSTRAINT; Schema: public; Owner: root
--

ALTER TABLE ONLY public.strategy_axis
    ADD CONSTRAINT strategy_axis_pkey PRIMARY KEY (id);


--
-- Name: strategy strategy_pkey; Type: CONSTRAINT; Schema: public; Owner: root
--

ALTER TABLE ONLY public.strategy
    ADD CONSTRAINT strategy_pkey PRIMARY KEY (id);


--
-- Name: study_for_project study_for_project_pkey; Type: CONSTRAINT; Schema: public; Owner: root
--

ALTER TABLE ONLY public.study_for_project
    ADD CONSTRAINT study_for_project_pkey PRIMARY KEY (id);


--
-- Name: study study_pkey; Type: CONSTRAINT; Schema: public; Owner: root
--

ALTER TABLE ONLY public.study
    ADD CONSTRAINT study_pkey PRIMARY KEY (id);


--
-- Name: study_satate study_satate_pkey; Type: CONSTRAINT; Schema: public; Owner: root
--

ALTER TABLE ONLY public.study_satate
    ADD CONSTRAINT study_satate_pkey PRIMARY KEY (id);


--
-- Name: typologies typologies_pkey; Type: CONSTRAINT; Schema: public; Owner: root
--

ALTER TABLE ONLY public.typologies
    ADD CONSTRAINT typologies_pkey PRIMARY KEY (id);


--
-- Name: response_admin_evaluation_component uk3sjy8o3yh2k057o538nammuqb; Type: CONSTRAINT; Schema: public; Owner: root
--

ALTER TABLE ONLY public.response_admin_evaluation_component
    ADD CONSTRAINT uk3sjy8o3yh2k057o538nammuqb UNIQUE (original_component_response_id);


--
-- Name: admissibility_response uk5r4jrfpo5tvp2a2gok37qp3cr; Type: CONSTRAINT; Schema: public; Owner: root
--

ALTER TABLE ONLY public.admissibility_response
    ADD CONSTRAINT uk5r4jrfpo5tvp2a2gok37qp3cr UNIQUE (derogation_id);


--
-- Name: funding_extension uk7mxmpo4jayq05s4c5w0s5n3fl; Type: CONSTRAINT; Schema: public; Owner: root
--

ALTER TABLE ONLY public.funding_extension
    ADD CONSTRAINT uk7mxmpo4jayq05s4c5w0s5n3fl UNIQUE (project_funding_id);


--
-- Name: admin_evaluation_response uk7whe6p2y6itsitbpnm11vlaao; Type: CONSTRAINT; Schema: public; Owner: root
--

ALTER TABLE ONLY public.admin_evaluation_response
    ADD CONSTRAINT uk7whe6p2y6itsitbpnm11vlaao UNIQUE (project_id);


--
-- Name: project_strategy uk8tvp9ux6a7ty2ipafn5xidmi2; Type: CONSTRAINT; Schema: public; Owner: root
--

ALTER TABLE ONLY public.project_strategy
    ADD CONSTRAINT uk8tvp9ux6a7ty2ipafn5xidmi2 UNIQUE (project_identity_id);


--
-- Name: funding_tranches uk8yxvly8thc16of707dj5ty1ev; Type: CONSTRAINT; Schema: public; Owner: root
--

ALTER TABLE ONLY public.funding_tranches
    ADD CONSTRAINT uk8yxvly8thc16of707dj5ty1ev UNIQUE (project_plan_id);


--
-- Name: generated_classification ukdknen8xjxib9thf3qnn6bxy3y; Type: CONSTRAINT; Schema: public; Owner: root
--

ALTER TABLE ONLY public.generated_classification
    ADD CONSTRAINT ukdknen8xjxib9thf3qnn6bxy3y UNIQUE (name);


--
-- Name: response_admin_evaluation_indicator ukeauxr9j3j0l5nm7jmb7tgt3c9; Type: CONSTRAINT; Schema: public; Owner: root
--

ALTER TABLE ONLY public.response_admin_evaluation_indicator
    ADD CONSTRAINT ukeauxr9j3j0l5nm7jmb7tgt3c9 UNIQUE (original_indicator_response_id);


--
-- Name: project_evaluation_response ukfq51luccapip8fv2cn5a7wtga; Type: CONSTRAINT; Schema: public; Owner: root
--

ALTER TABLE ONLY public.project_evaluation_response
    ADD CONSTRAINT ukfq51luccapip8fv2cn5a7wtga UNIQUE (project_id);


--
-- Name: project_plan ukhixqeft2oj7ux73mv62w0e23h; Type: CONSTRAINT; Schema: public; Owner: root
--

ALTER TABLE ONLY public.project_plan
    ADD CONSTRAINT ukhixqeft2oj7ux73mv62w0e23h UNIQUE (project_identity_id);


--
-- Name: ponderation ukkokpp2hmxim5xx8yj5d00e9ag; Type: CONSTRAINT; Schema: public; Owner: root
--

ALTER TABLE ONLY public.ponderation
    ADD CONSTRAINT ukkokpp2hmxim5xx8yj5d00e9ag UNIQUE (evaluation_grid_id);


--
-- Name: project_zone ukl699jvwlpajt3dy6uh3l3hc9k; Type: CONSTRAINT; Schema: public; Owner: root
--

ALTER TABLE ONLY public.project_zone
    ADD CONSTRAINT ukl699jvwlpajt3dy6uh3l3hc9k UNIQUE (project_identity_id);


--
-- Name: project_logic ukmjaxexsw8307s45i9ggbl9mp1; Type: CONSTRAINT; Schema: public; Owner: root
--

ALTER TABLE ONLY public.project_logic
    ADD CONSTRAINT ukmjaxexsw8307s45i9ggbl9mp1 UNIQUE (project_identity_id);


--
-- Name: admin_evaluation_response ukq7kn1lfruhm6mjpx8df59don4; Type: CONSTRAINT; Schema: public; Owner: root
--

ALTER TABLE ONLY public.admin_evaluation_response
    ADD CONSTRAINT ukq7kn1lfruhm6mjpx8df59don4 UNIQUE (original_evaluation_id);


--
-- Name: project_study ukqj8vw6tiwsmuvrtqwp95j50qm; Type: CONSTRAINT; Schema: public; Owner: root
--

ALTER TABLE ONLY public.project_study
    ADD CONSTRAINT ukqj8vw6tiwsmuvrtqwp95j50qm UNIQUE (project_identity_id);


--
-- Name: response_admin_evaluation_criteria ukroap2f3fra7g3obgol1w90kpn; Type: CONSTRAINT; Schema: public; Owner: root
--

ALTER TABLE ONLY public.response_admin_evaluation_criteria
    ADD CONSTRAINT ukroap2f3fra7g3obgol1w90kpn UNIQUE (original_criteria_response_id);


--
-- Name: user_reference_ministries user_reference_ministries_pkey; Type: CONSTRAINT; Schema: public; Owner: root
--

ALTER TABLE ONLY public.user_reference_ministries
    ADD CONSTRAINT user_reference_ministries_pkey PRIMARY KEY (user_id, minister_id);


--
-- Name: user_roles user_roles_pkey; Type: CONSTRAINT; Schema: public; Owner: root
--

ALTER TABLE ONLY public.user_roles
    ADD CONSTRAINT user_roles_pkey PRIMARY KEY (id);


--
-- Name: users users_pkey; Type: CONSTRAINT; Schema: public; Owner: root
--

ALTER TABLE ONLY public.users
    ADD CONSTRAINT users_pkey PRIMARY KEY (id);


--
-- Name: response_admin_evaluation_indicator fk170wa3op838pu7uuti7j2x05; Type: FK CONSTRAINT; Schema: public; Owner: root
--

ALTER TABLE ONLY public.response_admin_evaluation_indicator
    ADD CONSTRAINT fk170wa3op838pu7uuti7j2x05 FOREIGN KEY (reference_study_id) REFERENCES public.study(id);


--
-- Name: ponderation fk1enco8d351equxn8kl56besc0; Type: FK CONSTRAINT; Schema: public; Owner: root
--

ALTER TABLE ONLY public.ponderation
    ADD CONSTRAINT fk1enco8d351equxn8kl56besc0 FOREIGN KEY (evaluation_grid_id) REFERENCES public.evaluation_grid(id);


--
-- Name: secteur_bonus fk1wwtfl9m4tjnvtpfxhw65a2ar; Type: FK CONSTRAINT; Schema: public; Owner: root
--

ALTER TABLE ONLY public.secteur_bonus
    ADD CONSTRAINT fk1wwtfl9m4tjnvtpfxhw65a2ar FOREIGN KEY (classification_id) REFERENCES public.classification(id);


--
-- Name: response_admin_evaluation_indicator fk1xwn2w6of9lfnnq20w70qani8; Type: FK CONSTRAINT; Schema: public; Owner: root
--

ALTER TABLE ONLY public.response_admin_evaluation_indicator
    ADD CONSTRAINT fk1xwn2w6of9lfnnq20w70qani8 FOREIGN KEY (response_admin_evaluation_criteria_id) REFERENCES public.response_admin_evaluation_criteria(id);


--
-- Name: difference_evaluation_response fk229eklgu74ry3u17hskik59yp; Type: FK CONSTRAINT; Schema: public; Owner: root
--

ALTER TABLE ONLY public.difference_evaluation_response
    ADD CONSTRAINT fk229eklgu74ry3u17hskik59yp FOREIGN KEY (admin_evaluation_id) REFERENCES public.admin_evaluation_response(id);


--
-- Name: project_evaluation_response fk25587319k5e8mxojig1uatmfi; Type: FK CONSTRAINT; Schema: public; Owner: root
--

ALTER TABLE ONLY public.project_evaluation_response
    ADD CONSTRAINT fk25587319k5e8mxojig1uatmfi FOREIGN KEY (grid_id) REFERENCES public.evaluation_grid(id);


--
-- Name: project_identity fk2irk6s8px3rgi41g7s23xjs69; Type: FK CONSTRAINT; Schema: public; Owner: root
--

ALTER TABLE ONLY public.project_identity
    ADD CONSTRAINT fk2irk6s8px3rgi41g7s23xjs69 FOREIGN KEY (minister_id) REFERENCES public.ministers(id);


--
-- Name: project_evaluation_response fk2n0d8qses6hi9d2gqppkx2kxb; Type: FK CONSTRAINT; Schema: public; Owner: root
--

ALTER TABLE ONLY public.project_evaluation_response
    ADD CONSTRAINT fk2n0d8qses6hi9d2gqppkx2kxb FOREIGN KEY (project_id) REFERENCES public.project_identity(id);


--
-- Name: project_study fk2r8ma7swkigcxye4nglf9if79; Type: FK CONSTRAINT; Schema: public; Owner: root
--

ALTER TABLE ONLY public.project_study
    ADD CONSTRAINT fk2r8ma7swkigcxye4nglf9if79 FOREIGN KEY (project_identity_id) REFERENCES public.project_identity(id);


--
-- Name: funding_extension fk35djx0svarm1qa6usynd7ds50; Type: FK CONSTRAINT; Schema: public; Owner: root
--

ALTER TABLE ONLY public.funding_extension
    ADD CONSTRAINT fk35djx0svarm1qa6usynd7ds50 FOREIGN KEY (project_funding_id) REFERENCES public.project_plan(id);


--
-- Name: component fk392h67pj66vhpg5sd9w9siles; Type: FK CONSTRAINT; Schema: public; Owner: root
--

ALTER TABLE ONLY public.component
    ADD CONSTRAINT fk392h67pj66vhpg5sd9w9siles FOREIGN KEY (component_id) REFERENCES public.component(id);


--
-- Name: linked_project fk3a5fpidro1ctkt885wxctll44; Type: FK CONSTRAINT; Schema: public; Owner: root
--

ALTER TABLE ONLY public.linked_project
    ADD CONSTRAINT fk3a5fpidro1ctkt885wxctll44 FOREIGN KEY (project_zone_id) REFERENCES public.project_zone(id);


--
-- Name: grid_bonus_level fk3l24rl2xjjicq7r9f6d9m23jl; Type: FK CONSTRAINT; Schema: public; Owner: root
--

ALTER TABLE ONLY public.grid_bonus_level
    ADD CONSTRAINT fk3l24rl2xjjicq7r9f6d9m23jl FOREIGN KEY (grid_bonus_id) REFERENCES public.grid_bonus(id);


--
-- Name: funding_tranches fk3ma7dfhuvib0xo133fjwunubo; Type: FK CONSTRAINT; Schema: public; Owner: root
--

ALTER TABLE ONLY public.funding_tranches
    ADD CONSTRAINT fk3ma7dfhuvib0xo133fjwunubo FOREIGN KEY (project_plan_id) REFERENCES public.project_plan(id);


--
-- Name: study_for_project fk3qipy3vwt0kkvtg2pxjjautmg; Type: FK CONSTRAINT; Schema: public; Owner: root
--

ALTER TABLE ONLY public.study_for_project
    ADD CONSTRAINT fk3qipy3vwt0kkvtg2pxjjautmg FOREIGN KEY (project_study_id) REFERENCES public.project_study(id);


--
-- Name: response_evaluation_indicator fk3w439w51r92ab8k45aigplx63; Type: FK CONSTRAINT; Schema: public; Owner: root
--

ALTER TABLE ONLY public.response_evaluation_indicator
    ADD CONSTRAINT fk3w439w51r92ab8k45aigplx63 FOREIGN KEY (indicator_id) REFERENCES public.evaluation_indicateur(id);


--
-- Name: user_reference_ministries fk46uv99r7q8fpu5rrfwe168cae; Type: FK CONSTRAINT; Schema: public; Owner: root
--

ALTER TABLE ONLY public.user_reference_ministries
    ADD CONSTRAINT fk46uv99r7q8fpu5rrfwe168cae FOREIGN KEY (minister_id) REFERENCES public.ministers(id);


--
-- Name: project_strategy fk4805jojrqkkm0eyr8r6fvuk4w; Type: FK CONSTRAINT; Schema: public; Owner: root
--

ALTER TABLE ONLY public.project_strategy
    ADD CONSTRAINT fk4805jojrqkkm0eyr8r6fvuk4w FOREIGN KEY (pnd_axis_id) REFERENCES public.pnd_axis(id);


--
-- Name: activity fk4fa5fv569rxxcbwoybmp47apo; Type: FK CONSTRAINT; Schema: public; Owner: root
--

ALTER TABLE ONLY public.activity
    ADD CONSTRAINT fk4fa5fv569rxxcbwoybmp47apo FOREIGN KEY (component_id) REFERENCES public.component(id);


--
-- Name: deanships fk4g0uekiiafcl4su6mlm9p51qq; Type: FK CONSTRAINT; Schema: public; Owner: root
--

ALTER TABLE ONLY public.deanships
    ADD CONSTRAINT fk4g0uekiiafcl4su6mlm9p51qq FOREIGN KEY (delegation_id) REFERENCES public.delegations(id);


--
-- Name: classification fk4lub4hsxcpupyqupvfo24h83q; Type: FK CONSTRAINT; Schema: public; Owner: root
--

ALTER TABLE ONLY public.classification
    ADD CONSTRAINT fk4lub4hsxcpupyqupvfo24h83q FOREIGN KEY (nomenclature_geographic_id) REFERENCES public.nomenclature_geographic(id);


--
-- Name: difference_evaluation_response fk50emqixhx09sfl3hielk04qlo; Type: FK CONSTRAINT; Schema: public; Owner: root
--

ALTER TABLE ONLY public.difference_evaluation_response
    ADD CONSTRAINT fk50emqixhx09sfl3hielk04qlo FOREIGN KEY (indicator_id) REFERENCES public.evaluation_indicateur(id);


--
-- Name: ponderation_critiria fk53okmommg6b10djr8blubxt79; Type: FK CONSTRAINT; Schema: public; Owner: root
--

ALTER TABLE ONLY public.ponderation_critiria
    ADD CONSTRAINT fk53okmommg6b10djr8blubxt79 FOREIGN KEY (component_id) REFERENCES public.ponderation_component(id);


--
-- Name: admin_evaluation_response fk59lbp82i1r05mh2ue6lucy42p; Type: FK CONSTRAINT; Schema: public; Owner: root
--

ALTER TABLE ONLY public.admin_evaluation_response
    ADD CONSTRAINT fk59lbp82i1r05mh2ue6lucy42p FOREIGN KEY (project_id) REFERENCES public.project_identity(id);


--
-- Name: response_admin_evaluation_component fk5vc8ek32g4bdypvc9xpx95v6u; Type: FK CONSTRAINT; Schema: public; Owner: root
--

ALTER TABLE ONLY public.response_admin_evaluation_component
    ADD CONSTRAINT fk5vc8ek32g4bdypvc9xpx95v6u FOREIGN KEY (component_id) REFERENCES public.evaulation_component(id);


--
-- Name: project_logic fk63b1sowb9o4o4m1dh78ldidr0; Type: FK CONSTRAINT; Schema: public; Owner: root
--

ALTER TABLE ONLY public.project_logic
    ADD CONSTRAINT fk63b1sowb9o4o4m1dh78ldidr0 FOREIGN KEY (project_identity_id) REFERENCES public.project_identity(id);


--
-- Name: stakeholder fk6des0wn48p5ls1t2xghyq3y51; Type: FK CONSTRAINT; Schema: public; Owner: root
--

ALTER TABLE ONLY public.stakeholder
    ADD CONSTRAINT fk6des0wn48p5ls1t2xghyq3y51 FOREIGN KEY (project_zone_id) REFERENCES public.project_zone(id);


--
-- Name: admin_evaluation_response fk6kgnexfwlms9fg3ohibf2f54c; Type: FK CONSTRAINT; Schema: public; Owner: root
--

ALTER TABLE ONLY public.admin_evaluation_response
    ADD CONSTRAINT fk6kgnexfwlms9fg3ohibf2f54c FOREIGN KEY (original_evaluation_id) REFERENCES public.project_evaluation_response(id);


--
-- Name: response_admin_evaluation_criteria fk71jvc9nf5ml0huej0ffmre8ro; Type: FK CONSTRAINT; Schema: public; Owner: root
--

ALTER TABLE ONLY public.response_admin_evaluation_criteria
    ADD CONSTRAINT fk71jvc9nf5ml0huej0ffmre8ro FOREIGN KEY (original_criteria_response_id) REFERENCES public.response_evaluation_criteria(id);


--
-- Name: project_zone_district fk75dn6k4jppupx646bnkvkqu1f; Type: FK CONSTRAINT; Schema: public; Owner: root
--

ALTER TABLE ONLY public.project_zone_district
    ADD CONSTRAINT fk75dn6k4jppupx646bnkvkqu1f FOREIGN KEY (project_zone_id) REFERENCES public.project_zone(id);


--
-- Name: project_classement fk7fop7q59doeksc7c0u7slw8ve; Type: FK CONSTRAINT; Schema: public; Owner: root
--

ALTER TABLE ONLY public.project_classement
    ADD CONSTRAINT fk7fop7q59doeksc7c0u7slw8ve FOREIGN KEY (generated_classification_id) REFERENCES public.generated_classification(id);


--
-- Name: secteur_minister fk7fxjeblqcu2qm8lksqm1g2elk; Type: FK CONSTRAINT; Schema: public; Owner: root
--

ALTER TABLE ONLY public.secteur_minister
    ADD CONSTRAINT fk7fxjeblqcu2qm8lksqm1g2elk FOREIGN KEY (secteur_id) REFERENCES public.secteur(id);


--
-- Name: article_medias fk7o808mwc44xop34uxxoboj0ef; Type: FK CONSTRAINT; Schema: public; Owner: root
--

ALTER TABLE ONLY public.article_medias
    ADD CONSTRAINT fk7o808mwc44xop34uxxoboj0ef FOREIGN KEY (article_id) REFERENCES public.articles(id);


--
-- Name: financial_source fk7opd7lrdcoywmsp14cmcp4e8y; Type: FK CONSTRAINT; Schema: public; Owner: root
--

ALTER TABLE ONLY public.financial_source
    ADD CONSTRAINT fk7opd7lrdcoywmsp14cmcp4e8y FOREIGN KEY (project_plan_id) REFERENCES public.project_plan(id);


--
-- Name: project_identity fk7tx78mrkf17yvldjgb1v0cbbi; Type: FK CONSTRAINT; Schema: public; Owner: root
--

ALTER TABLE ONLY public.project_identity
    ADD CONSTRAINT fk7tx78mrkf17yvldjgb1v0cbbi FOREIGN KEY (category_id) REFERENCES public.category(id);


--
-- Name: derogation fk89sax5hp4pkf4ink0wg1gm7l4; Type: FK CONSTRAINT; Schema: public; Owner: root
--

ALTER TABLE ONLY public.derogation
    ADD CONSTRAINT fk89sax5hp4pkf4ink0wg1gm7l4 FOREIGN KEY (admissibility_grid_id) REFERENCES public.admissibility_grid(id);


--
-- Name: admissibility_response_criteria fk8bwyyoqa6majk46i2qt9dxpnn; Type: FK CONSTRAINT; Schema: public; Owner: root
--

ALTER TABLE ONLY public.admissibility_response_criteria
    ADD CONSTRAINT fk8bwyyoqa6majk46i2qt9dxpnn FOREIGN KEY (criteria_id) REFERENCES public.admissibility_criteria(id);


--
-- Name: project_identity fk8xpo9mcm1hyug0y3nhveb25c3; Type: FK CONSTRAINT; Schema: public; Owner: root
--

ALTER TABLE ONLY public.project_identity
    ADD CONSTRAINT fk8xpo9mcm1hyug0y3nhveb25c3 FOREIGN KEY (category_envergure_id) REFERENCES public.category_envergure(id);


--
-- Name: response_evaluation_indicator fk9tkosfwf0mweygtqx3ltwua5d; Type: FK CONSTRAINT; Schema: public; Owner: root
--

ALTER TABLE ONLY public.response_evaluation_indicator
    ADD CONSTRAINT fk9tkosfwf0mweygtqx3ltwua5d FOREIGN KEY (reference_study_for_project_id) REFERENCES public.study_for_project(id);


--
-- Name: autorisation fk9uq51x8287anl0mtf989o9y1a; Type: FK CONSTRAINT; Schema: public; Owner: root
--

ALTER TABLE ONLY public.autorisation
    ADD CONSTRAINT fk9uq51x8287anl0mtf989o9y1a FOREIGN KEY (project_study_id) REFERENCES public.project_study(id);


--
-- Name: project_zone_governorate fka194ri79u9remfqnnhh5r2aho; Type: FK CONSTRAINT; Schema: public; Owner: root
--

ALTER TABLE ONLY public.project_zone_governorate
    ADD CONSTRAINT fka194ri79u9remfqnnhh5r2aho FOREIGN KEY (project_zone_id) REFERENCES public.project_zone(id);


--
-- Name: generated_classification fkac84topnbdyovc7fh1q9cvpf8; Type: FK CONSTRAINT; Schema: public; Owner: root
--

ALTER TABLE ONLY public.generated_classification
    ADD CONSTRAINT fkac84topnbdyovc7fh1q9cvpf8 FOREIGN KEY (classification_system_id) REFERENCES public.classification(id);


--
-- Name: response_admin_evaluation_criteria fkaijmlir3elrln1rgx2jk1apje; Type: FK CONSTRAINT; Schema: public; Owner: root
--

ALTER TABLE ONLY public.response_admin_evaluation_criteria
    ADD CONSTRAINT fkaijmlir3elrln1rgx2jk1apje FOREIGN KEY (response_admin_evaluation_component_id) REFERENCES public.response_admin_evaluation_component(id);


--
-- Name: project_scale fkao2siyra1vlvxvosbkrppnbnn; Type: FK CONSTRAINT; Schema: public; Owner: root
--

ALTER TABLE ONLY public.project_scale
    ADD CONSTRAINT fkao2siyra1vlvxvosbkrppnbnn FOREIGN KEY (project_identity_id) REFERENCES public.project_identity(id);


--
-- Name: component fkaqb785wxb1hvgw161icrgt8an; Type: FK CONSTRAINT; Schema: public; Owner: root
--

ALTER TABLE ONLY public.component
    ADD CONSTRAINT fkaqb785wxb1hvgw161icrgt8an FOREIGN KEY (project_id) REFERENCES public.projects(id);


--
-- Name: evaulation_component fkav8abpqtindito1reyvb8kwxq; Type: FK CONSTRAINT; Schema: public; Owner: root
--

ALTER TABLE ONLY public.evaulation_component
    ADD CONSTRAINT fkav8abpqtindito1reyvb8kwxq FOREIGN KEY (evaluation_grid_id) REFERENCES public.evaluation_grid(id);


--
-- Name: project_plan fkbaqwf9ko2yo84oqr3pwjf4wng; Type: FK CONSTRAINT; Schema: public; Owner: root
--

ALTER TABLE ONLY public.project_plan
    ADD CONSTRAINT fkbaqwf9ko2yo84oqr3pwjf4wng FOREIGN KEY (project_identity_id) REFERENCES public.project_identity(id);


--
-- Name: response_admin_evaluation_indicator fkbax6p1fkoe1abf8hsdtvlmqdk; Type: FK CONSTRAINT; Schema: public; Owner: root
--

ALTER TABLE ONLY public.response_admin_evaluation_indicator
    ADD CONSTRAINT fkbax6p1fkoe1abf8hsdtvlmqdk FOREIGN KEY (reference_study_for_project_id) REFERENCES public.study_for_project(id);


--
-- Name: ponderation_component fkbbusbrstrf1eu1d8d8sbc0i2j; Type: FK CONSTRAINT; Schema: public; Owner: root
--

ALTER TABLE ONLY public.ponderation_component
    ADD CONSTRAINT fkbbusbrstrf1eu1d8d8sbc0i2j FOREIGN KEY (ponderation_id) REFERENCES public.ponderation(id);


--
-- Name: difference_evaluation_response fkbj15uta5f4nu5wp2hdcug1hu1; Type: FK CONSTRAINT; Schema: public; Owner: root
--

ALTER TABLE ONLY public.difference_evaluation_response
    ADD CONSTRAINT fkbj15uta5f4nu5wp2hdcug1hu1 FOREIGN KEY (project_evaluation_id) REFERENCES public.project_evaluation_response(id);


--
-- Name: project_identity fkblf9cf28pgao67p8k7y5bt76v; Type: FK CONSTRAINT; Schema: public; Owner: root
--

ALTER TABLE ONLY public.project_identity
    ADD CONSTRAINT fkblf9cf28pgao67p8k7y5bt76v FOREIGN KEY (sector_id) REFERENCES public.sector(id);


--
-- Name: grid_bonus fkcdelx91s49gput33x6u3i08fo; Type: FK CONSTRAINT; Schema: public; Owner: root
--

ALTER TABLE ONLY public.grid_bonus
    ADD CONSTRAINT fkcdelx91s49gput33x6u3i08fo FOREIGN KEY (classification_id) REFERENCES public.classification(id);


--
-- Name: project_risk fkcjju81c51r6ehr4frasca8jeo; Type: FK CONSTRAINT; Schema: public; Owner: root
--

ALTER TABLE ONLY public.project_risk
    ADD CONSTRAINT fkcjju81c51r6ehr4frasca8jeo FOREIGN KEY (project_identity_id) REFERENCES public.project_identity(id);


--
-- Name: rubrique fkcov070vigu089g3wcgcae6ahk; Type: FK CONSTRAINT; Schema: public; Owner: root
--

ALTER TABLE ONLY public.rubrique
    ADD CONSTRAINT fkcov070vigu089g3wcgcae6ahk FOREIGN KEY (project_plan_id) REFERENCES public.project_plan(id);


--
-- Name: classification fkctrl25hm3w0r0by5temsxsxb9; Type: FK CONSTRAINT; Schema: public; Owner: root
--

ALTER TABLE ONLY public.classification
    ADD CONSTRAINT fkctrl25hm3w0r0by5temsxsxb9 FOREIGN KEY (nomenclature_secteur_id) REFERENCES public.nomenclature_secteur(id);


--
-- Name: evaluation_norme fkd1vhraqrl1w3jcmbd5w678lhw; Type: FK CONSTRAINT; Schema: public; Owner: root
--

ALTER TABLE ONLY public.evaluation_norme
    ADD CONSTRAINT fkd1vhraqrl1w3jcmbd5w678lhw FOREIGN KEY (evaluation_indicateur_id) REFERENCES public.evaluation_indicateur(id);


--
-- Name: project_zone_deanship fkd3lf4oe349vmugk6blck5uiif; Type: FK CONSTRAINT; Schema: public; Owner: root
--

ALTER TABLE ONLY public.project_zone_deanship
    ADD CONSTRAINT fkd3lf4oe349vmugk6blck5uiif FOREIGN KEY (project_zone_id) REFERENCES public.project_zone(id);


--
-- Name: admissibility_response_grid fkdhaayqn9jqs40aw2ve5b8vd7h; Type: FK CONSTRAINT; Schema: public; Owner: root
--

ALTER TABLE ONLY public.admissibility_response_grid
    ADD CONSTRAINT fkdhaayqn9jqs40aw2ve5b8vd7h FOREIGN KEY (project_id) REFERENCES public.project_identity(id);


--
-- Name: admin_evaluation_response fkdiv9yi37anwuq6rxi8femeh60; Type: FK CONSTRAINT; Schema: public; Owner: root
--

ALTER TABLE ONLY public.admin_evaluation_response
    ADD CONSTRAINT fkdiv9yi37anwuq6rxi8femeh60 FOREIGN KEY (grid_id) REFERENCES public.evaluation_grid(id);


--
-- Name: response_evaluation_indicator fke3jufk0d3mamuisrtormmwsev; Type: FK CONSTRAINT; Schema: public; Owner: root
--

ALTER TABLE ONLY public.response_evaluation_indicator
    ADD CONSTRAINT fke3jufk0d3mamuisrtormmwsev FOREIGN KEY (criteria_evaluation_id) REFERENCES public.response_evaluation_criteria(id);


--
-- Name: project_zone_delegation fkecrfsc0w78yr66faaihcu6jnf; Type: FK CONSTRAINT; Schema: public; Owner: root
--

ALTER TABLE ONLY public.project_zone_delegation
    ADD CONSTRAINT fkecrfsc0w78yr66faaihcu6jnf FOREIGN KEY (delegation_id) REFERENCES public.delegations(id);


--
-- Name: project_zone_delegation fkee9r5x8en1vl6lfbmyhaqy34e; Type: FK CONSTRAINT; Schema: public; Owner: root
--

ALTER TABLE ONLY public.project_zone_delegation
    ADD CONSTRAINT fkee9r5x8en1vl6lfbmyhaqy34e FOREIGN KEY (project_zone_id) REFERENCES public.project_zone(id);


--
-- Name: pnd_axis fkeq3a6r6dvs4tcwmexku0loai5; Type: FK CONSTRAINT; Schema: public; Owner: root
--

ALTER TABLE ONLY public.pnd_axis
    ADD CONSTRAINT fkeq3a6r6dvs4tcwmexku0loai5 FOREIGN KEY (pnd_id) REFERENCES public.pnd(id);


--
-- Name: category_governorate fkewscw1taaii33j8gnbhuu9gc1; Type: FK CONSTRAINT; Schema: public; Owner: root
--

ALTER TABLE ONLY public.category_governorate
    ADD CONSTRAINT fkewscw1taaii33j8gnbhuu9gc1 FOREIGN KEY (category_id) REFERENCES public.geo_category(id);


--
-- Name: project_strategy fkf6ymx4xv10nq67wnrvl1xjb0t; Type: FK CONSTRAINT; Schema: public; Owner: root
--

ALTER TABLE ONLY public.project_strategy
    ADD CONSTRAINT fkf6ymx4xv10nq67wnrvl1xjb0t FOREIGN KEY (project_identity_id) REFERENCES public.project_identity(id);


--
-- Name: role_permission fkf8yllw1ecvwqy3ehyxawqa1qp; Type: FK CONSTRAINT; Schema: public; Owner: root
--

ALTER TABLE ONLY public.role_permission
    ADD CONSTRAINT fkf8yllw1ecvwqy3ehyxawqa1qp FOREIGN KEY (permission_id) REFERENCES public.permission(id);


--
-- Name: project_identity fkf902m0id7mm25mev0b4eou0mq; Type: FK CONSTRAINT; Schema: public; Owner: root
--

ALTER TABLE ONLY public.project_identity
    ADD CONSTRAINT fkf902m0id7mm25mev0b4eou0mq FOREIGN KEY (typology_id) REFERENCES public.typologies(id);


--
-- Name: grid_bonus fkfdnnxhovb133utilwha6dfccd; Type: FK CONSTRAINT; Schema: public; Owner: root
--

ALTER TABLE ONLY public.grid_bonus
    ADD CONSTRAINT fkfdnnxhovb133utilwha6dfccd FOREIGN KEY (criteria_id) REFERENCES public.evaluation_critiria(id);


--
-- Name: role_assignable_roles fkfjaxf586e1kku47cjnxow1nkg; Type: FK CONSTRAINT; Schema: public; Owner: root
--

ALTER TABLE ONLY public.role_assignable_roles
    ADD CONSTRAINT fkfjaxf586e1kku47cjnxow1nkg FOREIGN KEY (assignable_role_id) REFERENCES public.roles(id);


--
-- Name: response_evaluation_indicator fkfka3p0ixvjpw5l5u8k6ypd1lr; Type: FK CONSTRAINT; Schema: public; Owner: root
--

ALTER TABLE ONLY public.response_evaluation_indicator
    ADD CONSTRAINT fkfka3p0ixvjpw5l5u8k6ypd1lr FOREIGN KEY (reference_study_id) REFERENCES public.study(id);


--
-- Name: role_access fkfp0fuaew5ad4lrhoi8enrnc4r; Type: FK CONSTRAINT; Schema: public; Owner: root
--

ALTER TABLE ONLY public.role_access
    ADD CONSTRAINT fkfp0fuaew5ad4lrhoi8enrnc4r FOREIGN KEY (access_id) REFERENCES public.access(id);


--
-- Name: response_admin_evaluation_indicator fkfrdjl2nhbinug84oa45xcw67b; Type: FK CONSTRAINT; Schema: public; Owner: root
--

ALTER TABLE ONLY public.response_admin_evaluation_indicator
    ADD CONSTRAINT fkfrdjl2nhbinug84oa45xcw67b FOREIGN KEY (indicator_id) REFERENCES public.evaluation_indicateur(id);


--
-- Name: strategy_axis fkg6k42yoc3tacvfew8cvfwjele; Type: FK CONSTRAINT; Schema: public; Owner: root
--

ALTER TABLE ONLY public.strategy_axis
    ADD CONSTRAINT fkg6k42yoc3tacvfew8cvfwjele FOREIGN KEY (strategy_id) REFERENCES public.strategy(id);


--
-- Name: user_reference_ministries fkgm727gilex8xsbpc039c3hbbi; Type: FK CONSTRAINT; Schema: public; Owner: root
--

ALTER TABLE ONLY public.user_reference_ministries
    ADD CONSTRAINT fkgm727gilex8xsbpc039c3hbbi FOREIGN KEY (user_id) REFERENCES public.users(id);


--
-- Name: geographic_bonus fkh2aohm7xoaqeatsmg19o17nst; Type: FK CONSTRAINT; Schema: public; Owner: root
--

ALTER TABLE ONLY public.geographic_bonus
    ADD CONSTRAINT fkh2aohm7xoaqeatsmg19o17nst FOREIGN KEY (classification_id) REFERENCES public.classification(id);


--
-- Name: user_roles fkh8ciramu9cc9q3qcqiv4ue8a6; Type: FK CONSTRAINT; Schema: public; Owner: root
--

ALTER TABLE ONLY public.user_roles
    ADD CONSTRAINT fkh8ciramu9cc9q3qcqiv4ue8a6 FOREIGN KEY (role_id) REFERENCES public.roles(id);


--
-- Name: project_scale_study fkh8k3q59163ia70333pytrytky; Type: FK CONSTRAINT; Schema: public; Owner: root
--

ALTER TABLE ONLY public.project_scale_study
    ADD CONSTRAINT fkh8k3q59163ia70333pytrytky FOREIGN KEY (project_scale_id) REFERENCES public.project_scale(id);


--
-- Name: user_roles fkhfh9dx7w3ubf1co1vdev94g3f; Type: FK CONSTRAINT; Schema: public; Owner: root
--

ALTER TABLE ONLY public.user_roles
    ADD CONSTRAINT fkhfh9dx7w3ubf1co1vdev94g3f FOREIGN KEY (user_id) REFERENCES public.users(id);


--
-- Name: admissibility_response fkhi7dxrej2k4x2y2fxid3dgjd2; Type: FK CONSTRAINT; Schema: public; Owner: root
--

ALTER TABLE ONLY public.admissibility_response
    ADD CONSTRAINT fkhi7dxrej2k4x2y2fxid3dgjd2 FOREIGN KEY (derogation_id) REFERENCES public.derogation(id);


--
-- Name: evaluation_critiria fkhpgqttutiv0v1v89c4pacblsf; Type: FK CONSTRAINT; Schema: public; Owner: root
--

ALTER TABLE ONLY public.evaluation_critiria
    ADD CONSTRAINT fkhpgqttutiv0v1v89c4pacblsf FOREIGN KEY (evaluation_component_id) REFERENCES public.evaulation_component(id);


--
-- Name: governorates fkhwicdy6sumigqtrjeurabka9j; Type: FK CONSTRAINT; Schema: public; Owner: root
--

ALTER TABLE ONLY public.governorates
    ADD CONSTRAINT fkhwicdy6sumigqtrjeurabka9j FOREIGN KEY (district_id) REFERENCES public.districts(id);


--
-- Name: response_evaluation_component fki59yhkjudqirfk5jboawxe61r; Type: FK CONSTRAINT; Schema: public; Owner: root
--

ALTER TABLE ONLY public.response_evaluation_component
    ADD CONSTRAINT fki59yhkjudqirfk5jboawxe61r FOREIGN KEY (component_id) REFERENCES public.evaulation_component(id);


--
-- Name: grid_bonus fkiiiye6jf01nfbvmxmyijfraj2; Type: FK CONSTRAINT; Schema: public; Owner: root
--

ALTER TABLE ONLY public.grid_bonus
    ADD CONSTRAINT fkiiiye6jf01nfbvmxmyijfraj2 FOREIGN KEY (indicator_id) REFERENCES public.evaluation_indicateur(id);


--
-- Name: project_strategy fkimik8kwkvboq9lmr3uonl27ib; Type: FK CONSTRAINT; Schema: public; Owner: root
--

ALTER TABLE ONLY public.project_strategy
    ADD CONSTRAINT fkimik8kwkvboq9lmr3uonl27ib FOREIGN KEY (pnd_id) REFERENCES public.pnd(id);


--
-- Name: response_admin_evaluation_component fkjstnpdfv7vqd03dm60k653lhm; Type: FK CONSTRAINT; Schema: public; Owner: root
--

ALTER TABLE ONLY public.response_admin_evaluation_component
    ADD CONSTRAINT fkjstnpdfv7vqd03dm60k653lhm FOREIGN KEY (admin_evaluation_response_id) REFERENCES public.admin_evaluation_response(id);


--
-- Name: component fkjvsinrbu14o5frkoje04styu1; Type: FK CONSTRAINT; Schema: public; Owner: root
--

ALTER TABLE ONLY public.component
    ADD CONSTRAINT fkjvsinrbu14o5frkoje04styu1 FOREIGN KEY (project_plan_id) REFERENCES public.project_plan(id);


--
-- Name: admissibility_response_grid fkk3p127f2pwbpsg86vc6yu3bd0; Type: FK CONSTRAINT; Schema: public; Owner: root
--

ALTER TABLE ONLY public.admissibility_response_grid
    ADD CONSTRAINT fkk3p127f2pwbpsg86vc6yu3bd0 FOREIGN KEY (grid_id) REFERENCES public.admissibility_grid(id);


--
-- Name: project_risk fkk49smxp1wq02pl52dmqba7stw; Type: FK CONSTRAINT; Schema: public; Owner: root
--

ALTER TABLE ONLY public.project_risk
    ADD CONSTRAINT fkk49smxp1wq02pl52dmqba7stw FOREIGN KEY (category_risk_id) REFERENCES public.category_risk(id);


--
-- Name: project_classement fkk4a9lkt2d3oah8ho1w0ti48wx; Type: FK CONSTRAINT; Schema: public; Owner: root
--

ALTER TABLE ONLY public.project_classement
    ADD CONSTRAINT fkk4a9lkt2d3oah8ho1w0ti48wx FOREIGN KEY (project_identity_id) REFERENCES public.project_identity(id);


--
-- Name: project_zone_governorate fkk54ry3fedcmaetp1vjbh3pwym; Type: FK CONSTRAINT; Schema: public; Owner: root
--

ALTER TABLE ONLY public.project_zone_governorate
    ADD CONSTRAINT fkk54ry3fedcmaetp1vjbh3pwym FOREIGN KEY (governorate_id) REFERENCES public.governorates(id);


--
-- Name: secteur fkkgtdf6qrics4mguaj8sx2rgl5; Type: FK CONSTRAINT; Schema: public; Owner: root
--

ALTER TABLE ONLY public.secteur
    ADD CONSTRAINT fkkgtdf6qrics4mguaj8sx2rgl5 FOREIGN KEY (nomenclature_id) REFERENCES public.nomenclature_secteur(id);


--
-- Name: component_logic fkkl2exn6m0wtpomgsjl4575k5a; Type: FK CONSTRAINT; Schema: public; Owner: root
--

ALTER TABLE ONLY public.component_logic
    ADD CONSTRAINT fkkl2exn6m0wtpomgsjl4575k5a FOREIGN KEY (project_logic) REFERENCES public.project_logic(id);


--
-- Name: article_medias fkkwtnafumjrn41rbjk6n526ko1; Type: FK CONSTRAINT; Schema: public; Owner: root
--

ALTER TABLE ONLY public.article_medias
    ADD CONSTRAINT fkkwtnafumjrn41rbjk6n526ko1 FOREIGN KEY (media_id) REFERENCES public.media(id);


--
-- Name: project_zone fkl1exi5gucjgyihhf60f5ggsud; Type: FK CONSTRAINT; Schema: public; Owner: root
--

ALTER TABLE ONLY public.project_zone
    ADD CONSTRAINT fkl1exi5gucjgyihhf60f5ggsud FOREIGN KEY (project_identity_id) REFERENCES public.project_identity(id);


--
-- Name: response_admin_evaluation_indicator fklgn1n4r8c3ibbg3fhnk8938yd; Type: FK CONSTRAINT; Schema: public; Owner: root
--

ALTER TABLE ONLY public.response_admin_evaluation_indicator
    ADD CONSTRAINT fklgn1n4r8c3ibbg3fhnk8938yd FOREIGN KEY (original_indicator_response_id) REFERENCES public.response_evaluation_indicator(id);


--
-- Name: admissibility_response_criteria fkllwlyvkwyb37jyoqkjuec3aq1; Type: FK CONSTRAINT; Schema: public; Owner: root
--

ALTER TABLE ONLY public.admissibility_response_criteria
    ADD CONSTRAINT fkllwlyvkwyb37jyoqkjuec3aq1 FOREIGN KEY (response_grid_id) REFERENCES public.admissibility_response_grid(id);


--
-- Name: role_assignable_roles fklrikwwnore4l9jl7j1yj19ssu; Type: FK CONSTRAINT; Schema: public; Owner: root
--

ALTER TABLE ONLY public.role_assignable_roles
    ADD CONSTRAINT fklrikwwnore4l9jl7j1yj19ssu FOREIGN KEY (role_id) REFERENCES public.roles(id);


--
-- Name: admissibility_response fkme1mhel28xvfok288878i7cvh; Type: FK CONSTRAINT; Schema: public; Owner: root
--

ALTER TABLE ONLY public.admissibility_response
    ADD CONSTRAINT fkme1mhel28xvfok288878i7cvh FOREIGN KEY (project_identity_id) REFERENCES public.project_identity(id);


--
-- Name: project_block fkmrw68cw1916evjjwy379tjt4n; Type: FK CONSTRAINT; Schema: public; Owner: root
--

ALTER TABLE ONLY public.project_block
    ADD CONSTRAINT fkmrw68cw1916evjjwy379tjt4n FOREIGN KEY (project_id) REFERENCES public.project_identity(id);


--
-- Name: response_admin_evaluation_component fkmx0gays2dbxp2x6ukd5n1rmnc; Type: FK CONSTRAINT; Schema: public; Owner: root
--

ALTER TABLE ONLY public.response_admin_evaluation_component
    ADD CONSTRAINT fkmx0gays2dbxp2x6ukd5n1rmnc FOREIGN KEY (original_component_response_id) REFERENCES public.response_evaluation_component(id);


--
-- Name: admissibility_response fkn7rc64ndt3ftq71erypb3u1ge; Type: FK CONSTRAINT; Schema: public; Owner: root
--

ALTER TABLE ONLY public.admissibility_response
    ADD CONSTRAINT fkn7rc64ndt3ftq71erypb3u1ge FOREIGN KEY (admissibility_grid_id) REFERENCES public.admissibility_grid(id);


--
-- Name: role_access fkn9xcmxjxq6cv8hj88gyvmbmll; Type: FK CONSTRAINT; Schema: public; Owner: root
--

ALTER TABLE ONLY public.role_access
    ADD CONSTRAINT fkn9xcmxjxq6cv8hj88gyvmbmll FOREIGN KEY (role_id) REFERENCES public.roles(id);


--
-- Name: secteur_minister fknm9yc6xafnfatvjk8wnwcss7n; Type: FK CONSTRAINT; Schema: public; Owner: root
--

ALTER TABLE ONLY public.secteur_minister
    ADD CONSTRAINT fknm9yc6xafnfatvjk8wnwcss7n FOREIGN KEY (minister_id) REFERENCES public.ministers(id);


--
-- Name: delegations fko5gv0dl5krd9rb5wf7l62lur5; Type: FK CONSTRAINT; Schema: public; Owner: root
--

ALTER TABLE ONLY public.delegations
    ADD CONSTRAINT fko5gv0dl5krd9rb5wf7l62lur5 FOREIGN KEY (governorate_id) REFERENCES public.governorates(id);


--
-- Name: admissibility_criteria fkofdmpe6yqtragixly1n7yaeyy; Type: FK CONSTRAINT; Schema: public; Owner: root
--

ALTER TABLE ONLY public.admissibility_criteria
    ADD CONSTRAINT fkofdmpe6yqtragixly1n7yaeyy FOREIGN KEY (admissibility_grid_id) REFERENCES public.admissibility_grid(id);


--
-- Name: evaluation_indicateur fkohiya2cmmv4v6sfun4nfsxhju; Type: FK CONSTRAINT; Schema: public; Owner: root
--

ALTER TABLE ONLY public.evaluation_indicateur
    ADD CONSTRAINT fkohiya2cmmv4v6sfun4nfsxhju FOREIGN KEY (evaluation_critiria_id) REFERENCES public.evaluation_critiria(id);


--
-- Name: classification fkomlknfl024tgm2oq5rvyopkfm; Type: FK CONSTRAINT; Schema: public; Owner: root
--

ALTER TABLE ONLY public.classification
    ADD CONSTRAINT fkomlknfl024tgm2oq5rvyopkfm FOREIGN KEY (evaluation_grid_id) REFERENCES public.evaluation_grid(id);


--
-- Name: project_scale_study fkon2n2lkqhaljg28jx9dlfybej; Type: FK CONSTRAINT; Schema: public; Owner: root
--

ALTER TABLE ONLY public.project_scale_study
    ADD CONSTRAINT fkon2n2lkqhaljg28jx9dlfybej FOREIGN KEY (study_id) REFERENCES public.study(id);


--
-- Name: project_zone_deanship fkopqpskm9er6il15ceto6ffptp; Type: FK CONSTRAINT; Schema: public; Owner: root
--

ALTER TABLE ONLY public.project_zone_deanship
    ADD CONSTRAINT fkopqpskm9er6il15ceto6ffptp FOREIGN KEY (deanship_id) REFERENCES public.deanships(id);


--
-- Name: geographic_bonus fkp0tv827p2k93g6fel9leksd6f; Type: FK CONSTRAINT; Schema: public; Owner: root
--

ALTER TABLE ONLY public.geographic_bonus
    ADD CONSTRAINT fkp0tv827p2k93g6fel9leksd6f FOREIGN KEY (geographic_category_id) REFERENCES public.geo_category(id);


--
-- Name: project_zone_district fkpi3qinmd28a1rlpubve7rohs7; Type: FK CONSTRAINT; Schema: public; Owner: root
--

ALTER TABLE ONLY public.project_zone_district
    ADD CONSTRAINT fkpi3qinmd28a1rlpubve7rohs7 FOREIGN KEY (district_id) REFERENCES public.districts(id);


--
-- Name: response_evaluation_criteria fkq0t9w8x6dq40pc4mcwp29du9p; Type: FK CONSTRAINT; Schema: public; Owner: root
--

ALTER TABLE ONLY public.response_evaluation_criteria
    ADD CONSTRAINT fkq0t9w8x6dq40pc4mcwp29du9p FOREIGN KEY (criteria_id) REFERENCES public.evaluation_critiria(id);


--
-- Name: derogation fkqmi4ac33dicfi3x1wh91bq60t; Type: FK CONSTRAINT; Schema: public; Owner: root
--

ALTER TABLE ONLY public.derogation
    ADD CONSTRAINT fkqmi4ac33dicfi3x1wh91bq60t FOREIGN KEY (project_identity_id) REFERENCES public.project_identity(id);


--
-- Name: users fkqyv6ubw2xgaqnqpcfshem2g98; Type: FK CONSTRAINT; Schema: public; Owner: root
--

ALTER TABLE ONLY public.users
    ADD CONSTRAINT fkqyv6ubw2xgaqnqpcfshem2g98 FOREIGN KEY (ministry_id) REFERENCES public.ministers(id);


--
-- Name: category_governorate fkr12ku6m4mr88t0bvj7noiqocd; Type: FK CONSTRAINT; Schema: public; Owner: root
--

ALTER TABLE ONLY public.category_governorate
    ADD CONSTRAINT fkr12ku6m4mr88t0bvj7noiqocd FOREIGN KEY (governorate_id) REFERENCES public.governorates(id);


--
-- Name: forgot_password_requests fkrage6mdgnkv6f48bjfch7vgw5; Type: FK CONSTRAINT; Schema: public; Owner: root
--

ALTER TABLE ONLY public.forgot_password_requests
    ADD CONSTRAINT fkrage6mdgnkv6f48bjfch7vgw5 FOREIGN KEY (user_id) REFERENCES public.users(id);


--
-- Name: geo_category fkrcdrbp7jebk74780ayhiwcj73; Type: FK CONSTRAINT; Schema: public; Owner: root
--

ALTER TABLE ONLY public.geo_category
    ADD CONSTRAINT fkrcdrbp7jebk74780ayhiwcj73 FOREIGN KEY (nomenclature_id) REFERENCES public.nomenclature_geographic(id);


--
-- Name: response_admin_evaluation_criteria fkrcl2pwe3259rr1rgomb5ki451; Type: FK CONSTRAINT; Schema: public; Owner: root
--

ALTER TABLE ONLY public.response_admin_evaluation_criteria
    ADD CONSTRAINT fkrcl2pwe3259rr1rgomb5ki451 FOREIGN KEY (criteria_id) REFERENCES public.evaluation_critiria(id);


--
-- Name: project_validation fkrdt3n9wkrpf1jpgtirs5c7q4g; Type: FK CONSTRAINT; Schema: public; Owner: root
--

ALTER TABLE ONLY public.project_validation
    ADD CONSTRAINT fkrdt3n9wkrpf1jpgtirs5c7q4g FOREIGN KEY (project_id) REFERENCES public.projects(id);


--
-- Name: response_evaluation_component fkrmrobsm4pv2q6cxsnk9dghrjv; Type: FK CONSTRAINT; Schema: public; Owner: root
--

ALTER TABLE ONLY public.response_evaluation_component
    ADD CONSTRAINT fkrmrobsm4pv2q6cxsnk9dghrjv FOREIGN KEY (project_evaluation_id) REFERENCES public.project_evaluation_response(id);


--
-- Name: secteur_bonus fks8bg9cw8qdk3tocbg9b33hgbq; Type: FK CONSTRAINT; Schema: public; Owner: root
--

ALTER TABLE ONLY public.secteur_bonus
    ADD CONSTRAINT fks8bg9cw8qdk3tocbg9b33hgbq FOREIGN KEY (secteur_id) REFERENCES public.secteur(id);


--
-- Name: response_evaluation_criteria fksv4aqyj79yh58rwsnmhjp4uv8; Type: FK CONSTRAINT; Schema: public; Owner: root
--

ALTER TABLE ONLY public.response_evaluation_criteria
    ADD CONSTRAINT fksv4aqyj79yh58rwsnmhjp4uv8 FOREIGN KEY (component_evaluation_id) REFERENCES public.response_evaluation_component(id);


--
-- Name: role_permission fktfgq8q9blrp0pt1pvggyli3v9; Type: FK CONSTRAINT; Schema: public; Owner: root
--

ALTER TABLE ONLY public.role_permission
    ADD CONSTRAINT fktfgq8q9blrp0pt1pvggyli3v9 FOREIGN KEY (role_id) REFERENCES public.roles(id);


--
-- PostgreSQL database dump complete
--

